track_number,track_popularity,explicit,artist_popularity,artist_followers,artist_genres,album_id,album_release_date,album_total_tracks,album_type,track_duration_min,release_year,release_month
4,0,True,77,2812821,moombahton,5QRFnGnBeMGePBKF2xTz5z,2025-10-31,9,album,1.55,2025,10
1,0,True,64,2363438,"country hip hop, southern hip hop",4SUmmwnv0xTjRcLdjczGg2,2025-10-31,1,single,3.07,2025,10
1,4,True,48,193302,,3E3zEAL8gUYWaLYB9L7gbp,2025-10-31,1,single,2.55,2025,10
8,30,True,77,2813710,moombahton,5QRFnGnBeMGePBKF2xTz5z,2025-10-31,9,album,1.69,2025,10
2,0,True,48,8682,dark r&b,06FDIpSHYmZAZoyuYtc7kd,2025-10-30,2,single,2.39,2025,10
1,2,False,46,7218,dark r&b,2NQv9p3ZQW0Ed1LB9enix8,2025-10-30,3,single,2.76,2025,10
1,20,False,30,1657,,1PpuOsLjPWshDLxkr0oHeU,2025-10-30,1,single,4.12,2025,10
1,27,False,49,8802,dark r&b,06FDIpSHYmZAZoyuYtc7kd,2025-10-30,2,single,2.53,2025,10
1,16,False,6,475,,60DLQZkzpvDvVfvEC6VOJM,2025-10-30,2,single,2.92,2025,10
1,33,True,48,154802,"nigerian drill, alté, afro adura, afrobeats, afrobeat, afroswing",3ARxksm8CspGeAaZZB1v2w,2025-10-28,1,single,2.4,2025,10
1,30,False,25,814,,0DHsJaaMzbygWosCjYk37t,2025-10-25,4,single,2.49,2025,10
1,48,False,46,13826,c-pop,54XcHEnJ2BKMOzkeRrRubu,2025-10-24,14,album,2.89,2025,10
5,65,False,85,11137714,,115s3YJqm6iLblABdjtgzQ,2025-10-24,12,album,4.41,2025,10
2,0,True,17,3567,,0liPj9Le4hvoMJQhYOi5kP,2025-10-24,6,single,2.05,2025,10
11,27,False,46,13590,c-pop,54XcHEnJ2BKMOzkeRrRubu,2025-10-24,14,album,4.25,2025,10
2,67,True,74,735818,,6ph5zbGAudn0EKyw3vXbXM,2025-10-24,7,single,2.75,2025,10
1,31,False,23,1518,,7IE6vOcDUge35P3SGJhzJk,2025-10-24,1,single,2.73,2025,10
3,33,False,46,13826,c-pop,54XcHEnJ2BKMOzkeRrRubu,2025-10-24,14,album,2.92,2025,10
1,11,False,3,364,,0urpaXU8WR1FqEEvaD1UaN,2025-10-24,1,single,2.91,2025,10
1,30,False,23,13770,,28UXdTnzMDGwX0Lu2xi5Xo,2025-10-24,1,single,2.43,2025,10
1,35,False,35,729,,2elo6qnwOjghfLHF1V1Fo5,2025-10-24,1,single,2.91,2025,10
1,52,False,67,3134186,"pop punk, emo",6KhlAeMS2m3pCXpKcOH4f9,2025-10-24,4,single,3.78,2025,10
1,22,False,17,543,,4qztrns4MDwGFLHsWmFoB8,2025-10-24,3,single,4.26,2025,10
2,59,True,74,1378935,,75FM00r9Lgdi0YHv7vvzzB,2025-10-24,14,album,2.82,2025,10
1,1,True,24,166,,2oLtKEcuXiyWnsuHIUlNTF,2025-10-24,1,single,2.62,2025,10
14,32,False,46,13826,c-pop,54XcHEnJ2BKMOzkeRrRubu,2025-10-24,14,album,3.26,2025,10
1,32,True,23,1982,,5ywdzunlKaIQX3nEt0iGAk,2025-10-24,1,single,2.89,2025,10
1,35,False,25,722,,1a8W5aTsPfvsHhEG4xrdrH,2025-10-24,2,single,2.4,2025,10
1,34,False,32,1496,,21HfXluFe7g9btMxurTERv,2025-10-24,1,single,3.58,2025,10
1,2,False,6,84,,7zczAwbjqQLYRHG3Dsv2CC,2025-10-24,1,single,3.85,2025,10
1,31,False,34,1693,,4lsCek3wJDt94Ckqt4EBe7,2025-10-24,1,single,2.37,2025,10
1,42,False,45,27570,,3sco42g8ybU4RLqlVMurLE,2025-10-23,1,single,3.25,2025,10
1,25,False,20,1073,,26dDnkGL1FF3z1AsEBad3p,2025-10-22,1,single,3.07,2025,10
1,25,False,30,2891,,4nqRc4Bxdhrr49RmHWkFus,2025-10-21,5,single,2.41,2025,10
2,13,False,30,2896,,4nqRc4Bxdhrr49RmHWkFus,2025-10-21,5,single,1.48,2025,10
1,31,False,18,200,,2kepsE9qO2QRTLCsF1byjn,2025-10-20,1,single,3.26,2025,10
5,6,False,13,119,,179fPnGB9pMjUUH2pT02o0,2025-10-19,9,album,3.94,2025,10
2,29,False,27,54636,,4Z53gLriAjTmR7DQr1LRY4,2025-10-17,3,single,2.95,2025,10
1,52,False,58,146944,slap house,1jO43qFvbxg7hdp2LgMmyw,2025-10-17,1,single,2.37,2025,10
3,80,True,84,9509731,"neo-psychedelic, indie",5WulAOx9ilWy1h8UGZ1gkI,2025-10-17,12,album,3.42,2025,10
1,51,True,77,2812337,moombahton,5oq9z5XNldcl7wTiEamVvo,2025-10-17,4,single,2.88,2025,10
1,38,False,50,7219,hypertechno,5OPlNhEIlxUifin4l0gPL6,2025-10-17,1,single,2.08,2025,10
1,3,False,1,177,,0jFDIZgcya0j2cfR17izT9,2025-10-17,1,single,2.21,2025,10
1,50,False,49,19306,,0Kil1i9WrmbacxToZg8qk9,2025-10-17,1,single,2.65,2025,10
1,72,True,73,1204977,,5tmaU5xBUYQYr2VkWhokIb,2025-10-17,1,single,5.28,2025,10
1,25,False,17,1068,,7xpJHorbY32dNwaRlBgXC5,2025-10-17,1,single,3.77,2025,10
1,68,False,66,306842,house,1jmVSpWhzD8vciWg2Qtd5V,2025-10-17,1,single,2.96,2025,10
1,32,True,31,5701,,5XWqunjy0GiCQIOLtEyuyr,2025-10-17,1,single,2.86,2025,10
1,52,False,59,130408,dark r&b,5eudqcLVRKtOtQdlHQ2yrm,2025-10-16,1,single,2.69,2025,10
1,48,False,53,1161,,2U1CbDdkzsZ8noUsraKsoq,2025-10-16,1,single,2.5,2025,10
1,38,False,50,247771,"sholawat, khaleeji",18hYLYMgQLsJiAso2Kok7w,2025-10-15,1,single,3.88,2025,10
1,88,True,81,10638942,,3FLlai6YTV9IwCU0KolG1w,2025-10-14,1,single,1.84,2025,10
1,24,True,10,218,,17Jly2HpndZXgnbRZediYa,2025-10-14,1,single,2.87,2025,10
1,31,True,14,297,,3yNBj3T5eLzUUwNvSDTJGc,2025-10-13,1,single,3.26,2025,10
1,70,True,76,9673984,,3vz6TtkNMj2rdOIsJsTA3I,2025-10-13,1,single,2.81,2025,10
1,79,False,87,27141717,edm,39FHrt5YWp4HY7dHDn8Owz,2025-10-10,2,single,3.3,2025,10
1,33,False,18,1263,hipdut,5IewtRLurwyZX1ymMd423l,2025-10-10,1,single,3.5,2025,10
1,35,False,23,445,big room,1FgfwzQy0rltxdT9ALU34H,2025-10-10,1,single,3.03,2025,10
1,35,False,19,290,,22vb50tbm97kkhmvCvnsik,2025-10-10,1,single,4.4,2025,10
1,75,True,77,8986062,melodic rap,0UGixmRqK86q9d6T0kAFnv,2025-10-10,1,single,2.78,2025,10
1,37,False,43,17999,,1HH8fxqDDNMlKm2T5C7EuF,2025-10-10,1,single,3.12,2025,10
1,28,False,20,114,,63iDybCEILGBowdFohSeSP,2025-10-10,1,single,3.07,2025,10
1,33,False,20,7785,,7ccsvL6dhojh3gW8ViZusg,2025-10-10,1,single,2.22,2025,10
10,74,False,78,4761364,bedroom pop,12Lig9oAX9nvpWHft5cHgF,2025-10-10,31,album,3.07,2025,10
1,68,False,70,223449,,03loS7NR32bzSoH06Z2ESq,2025-10-10,1,single,2.73,2025,10
1,76,False,66,182377,,5pIGU5FZ74YPdUrBdk9lcC,2025-10-10,3,single,3.61,2025,10
9,35,False,17,4,,3Mrg0RD2DiR7ma3u3lb5zT,2025-10-10,9,album,2.72,2025,10
1,88,False,73,7282227,k-pop,3LOalJiwqPsviLuoNboNfc,2025-10-10,1,single,3.02,2025,10
1,30,False,13,5,,6zU3BVqu50xiQRhlW5Gr2A,2025-10-10,1,single,3.13,2025,10
1,18,False,5,429,,77C5CilG76Vovcb3mtKi09,2025-10-10,1,single,3.02,2025,10
1,39,False,28,631,"hypertechno, melbourne bounce",1B1i85DEAvHLXu7FefdggZ,2025-10-10,1,single,2.75,2025,10
1,18,True,7,308,,7l4BqichAiJVxsXmUcI2zh,2025-10-10,1,single,2.91,2025,10
1,60,False,54,11283,hard techno,3XuFyvJmX0CF4IlrGvkA9r,2025-10-10,1,single,2.45,2025,10
1,39,False,24,435,,4kgNI75BjnV2XiaOMvegxl,2025-10-10,1,single,3.2,2025,10
1,40,False,48,193279,,3qBIUlNmeUWR1ZMdkHYpTi,2025-10-10,1,single,2.92,2025,10
1,51,False,32,37,,1YpdA0q2CSLfAbPo24jED8,2025-10-09,1,single,2.63,2025,10
1,35,False,19,2633,,6u5ctfBfLmlulyYDHhytqM,2025-10-08,1,single,2.21,2025,10
1,31,True,18,435,,3cE0fQECVV51zi5yyXiTNE,2025-10-06,1,single,2.41,2025,10
1,87,False,100,145443567,"country, pop, indie, folk",1W57oNaAkGObOQKBTxg4e9,2025-10-03,12,album,3.76,2025,10
12,93,True,100,145489371,"country, pop, indie, folk",4a6NzYL1YHRUgx9e3YZI6I,2025-10-03,12,album,4.02,2025,10
1,53,False,58,146969,slap house,49vfE41auPohus34Iino7x,2025-10-03,1,single,3.25,2025,10
1,29,False,26,13179,jazz rap,4YQutKXfSCLw7qJc4pITv4,2025-10-03,1,single,2.15,2025,10
1,25,False,15,48,,0fnBDKarUBIEuXZJT0r6DZ,2025-10-03,1,single,3.19,2025,10
1,42,False,37,6199,"melodic bass, future bass",5iaL4PoBJLEe9khqnoMgOu,2025-10-03,1,single,3.45,2025,10
1,39,True,28,405,chicago drill,6OjZR1Cvok6hYjmtOlZYwQ,2025-10-03,1,single,2.9,2025,10
2,28,False,11,54,,5kisseh1oMsVeVpbyWBV9L,2025-10-03,7,album,2.81,2025,10
6,92,False,100,145396321,"country, pop, indie, folk",4a6NzYL1YHRUgx9e3YZI6I,2025-10-03,12,album,3.67,2025,10
1,38,True,32,1844,"melodic bass, nightcore, bass music",7FnI6a9PZTUp70KZ6whfAm,2025-10-03,1,single,2.17,2025,10
3,97,False,100,145443567,"country, pop, indie, folk",4a6NzYL1YHRUgx9e3YZI6I,2025-10-03,12,album,3.92,2025,10
1,39,False,20,475,future house,0T13fYBtT1GpXgtdIiHcU8,2025-10-03,2,single,2.51,2025,10
11,91,True,100,145489371,"country, pop, indie, folk",4a6NzYL1YHRUgx9e3YZI6I,2025-10-03,12,album,3.02,2025,10
1,55,True,49,8741,dark r&b,5aLnMagPMABrEV5xexp5aJ,2025-10-03,2,single,2.23,2025,10
1,40,False,24,3776,,3qS8ON6xAgQy0IzS8ZxBGS,2025-10-03,1,single,2.49,2025,10
7,93,True,100,145396321,"country, pop, indie, folk",4a6NzYL1YHRUgx9e3YZI6I,2025-10-03,12,album,2.72,2025,10
1,32,True,20,5344,,4WZIszwKqggGyJvRiugyrS,2025-10-03,1,single,2.27,2025,10
10,93,True,100,145396321,"country, pop, indie, folk",4a6NzYL1YHRUgx9e3YZI6I,2025-10-03,12,album,3.52,2025,10
8,93,True,100,145396321,"country, pop, indie, folk",4a6NzYL1YHRUgx9e3YZI6I,2025-10-03,12,album,3.45,2025,10
9,93,True,100,145443567,"country, pop, indie, folk",4a6NzYL1YHRUgx9e3YZI6I,2025-10-03,12,album,2.5,2025,10
1,74,False,77,2201446,"stutter house, house",3dmu97DsoFpSptXPtJEzCJ,2025-10-03,1,single,3.65,2025,10
3,75,False,83,13402920,country,40xQAz7RDjeznOtTYeEMLs,2025-10-03,3,single,3.69,2025,10
5,92,True,100,145396321,"country, pop, indie, folk",4a6NzYL1YHRUgx9e3YZI6I,2025-10-03,12,album,4.1,2025,10
2,95,False,100,145489371,"country, pop, indie, folk",4a6NzYL1YHRUgx9e3YZI6I,2025-10-03,12,album,3.47,2025,10
1,40,False,28,4401,,3RqIFGcrmoqWMV7t9S4lh2,2025-10-03,1,single,3.04,2025,10
4,94,True,100,145542136,"country, pop, indie, folk",4a6NzYL1YHRUgx9e3YZI6I,2025-10-03,12,album,3.54,2025,10
2,35,False,51,1151605,"egyptian pop, khaleeji",5XIpOWNfS3eGY9RSxtsg8Q,2025-10-02,6,single,3.72,2025,10
3,75,False,100,145443567,"country, pop, indie, folk",4tFsJC9jQ0Qjj7HSExhAdm,2025-10-02,26,album,3.76,2025,10
1,42,False,23,3629,,6kKwUpSKqq2ESNPwk4mV0z,2025-10-02,1,single,3.11,2025,10
1,52,False,37,1081,,0ZeOEJSTeArDoeDk9FIqrT,2025-10-02,1,single,2.46,2025,10
1,36,False,20,4162,,3m2rW07CPQ0m7CPRs331PV,2025-10-02,1,single,3.57,2025,10
1,31,False,20,3260,moroccan pop,0QJ0Q3QqJRikK1EdWzYQCS,2025-10-02,1,single,2.85,2025,10
1,54,False,69,6204568,"french rap, pop urbaine, french r&b, moroccan pop",03DQwQwDBPlEoYLgsZrn9d,2025-10-02,1,single,2.51,2025,10
1,11,True,12,80,,0jRgjsC1gLn5TaQ1KxEj3K,2025-10-01,1,single,2.61,2025,10
2,23,False,13,22,,4kDfd9klHcraucJMp44v9W,2025-10-01,5,single,2.51,2025,10
1,46,True,29,6670,,7cWdt7NxKyn9OrQOSbcJrY,2025-10-01,1,single,2.33,2025,10
1,28,False,13,290,,2n1nDA48H03nQJS03g4gmn,2025-10-01,1,single,2.99,2025,10
1,27,False,12,6,,26Ft7Jje9sFfFU8YNaCBem,2025-10-01,1,single,3.66,2025,10
1,68,True,74,1377042,,2r7vK3RnYfofnAkMruYhSI,2025-10-01,3,single,2.82,2025,10
1,26,True,14,192,,1VxMimfaUp2mHk6no0Rt51,2025-09-30,1,single,3.16,2025,9
1,24,True,8,13,,359uI58UXQPRDp2ZyJaak5,2025-09-30,1,single,1.7,2025,9
1,36,True,23,2256,,4TcMHQXoMshvClT6kz0aIw,2025-09-30,1,single,2.57,2025,9
1,77,True,78,2730121,,58Xf2l1m7iWhfwoRjx75C0,2025-09-30,1,single,1.97,2025,9
1,17,True,6,3,,3JA6vtZ2Rv7DTFjcN92cS0,2025-09-29,1,single,2.21,2025,9
1,56,False,45,73003,,6JNlu1MYZPrJTU7KC3wJj8,2025-09-29,1,single,3.0,2025,9
1,50,False,45,27570,,2llBy2tM0pZgbj0nOAtKH8,2025-09-28,1,single,3.2,2025,9
12,43,False,49,1874,,0thIG0Zu7K49qQE13Cr53K,2025-09-28,14,album,2.6,2025,9
14,35,False,49,1855,,0thIG0Zu7K49qQE13Cr53K,2025-09-28,14,album,2.92,2025,9
11,39,False,49,1874,,0thIG0Zu7K49qQE13Cr53K,2025-09-28,14,album,2.08,2025,9
8,41,False,49,1866,,0thIG0Zu7K49qQE13Cr53K,2025-09-28,14,album,2.59,2025,9
1,36,True,22,90,jersey club,7KBVG2181o0BmMgrcgRiLQ,2025-09-27,1,single,2.22,2025,9
1,36,False,19,1413,,6qY485VczzLt075kfhyb6d,2025-09-26,1,single,2.82,2025,9
1,36,False,24,2803,,2pcTtrMr36wWuk8MWyWzq4,2025-09-26,1,single,2.85,2025,9
1,91,True,88,9256589,pop,1ks1k7zln4TyBjn1CF3vCz,2025-09-26,1,single,2.93,2025,9
1,37,True,19,139,bongo flava,0sXtDJxg9UeuqQSfYbhFHP,2025-09-26,1,single,3.03,2025,9
1,74,True,84,14936207,,6hGxO3RlfPxP0OuXukj5Ju,2025-09-26,1,single,3.76,2025,9
1,27,False,18,69,,414Yi6g6MykIuEN9mdzCoE,2025-09-26,1,single,2.83,2025,9
1,68,False,69,354095,house,2D48QGD5lU5kErH6PxLjTs,2025-09-26,1,single,3.45,2025,9
6,33,False,20,2448,,7H4nYZK9418cb7pHJ3jue6,2025-09-26,7,single,2.74,2025,9
1,85,True,84,9509731,"neo-psychedelic, indie",2kCjkEVRnLdEV5UOaQSAG4,2025-09-26,3,single,3.42,2025,9
1,49,False,34,9375,,5j0KKJr4uJxRe8Z8ZdiMyd,2025-09-26,1,single,2.62,2025,9
2,52,True,47,2695,hipdut,1dThBnOTTZO3S7W1Y3FnyR,2025-09-26,4,single,3.21,2025,9
2,43,False,24,26,,3J7XqMCiYC5mKOH6ilyuWJ,2025-09-26,24,album,4.51,2025,9
1,29,False,15,3150,,7F1SEfemkvgrnT8cenAXsF,2025-09-26,1,single,3.63,2025,9
3,30,False,13,183,indie r&b,4J8czQ9vX30BBYHEd1oO7V,2025-09-26,4,single,4.42,2025,9
1,43,False,25,1152,,59IemnGXxvDGYVlTUrRF4z,2025-09-26,1,single,3.36,2025,9
1,41,True,25,569,afrobeat,2HrTlo7PUWEwOQECV9AcEI,2025-09-26,2,single,2.59,2025,9
1,39,True,25,10987,christian hip hop,32jGZ7QnQ5WPyc8mEl1uuU,2025-09-26,1,single,2.81,2025,9
1,33,True,20,4873,,5qCrlkXncgAS7h7f5VsOGa,2025-09-26,1,single,3.47,2025,9
1,39,False,23,3112,,4VyWW5waswcTLAmZKt8vC2,2025-09-26,1,single,3.37,2025,9
1,41,False,23,175,,2f0XGheNivGtsizi291hrE,2025-09-26,1,single,2.96,2025,9
1,38,False,22,2001,,1ZAKqj0r5HY7LTfcJpDCsL,2025-09-26,1,single,2.05,2025,9
5,90,False,88,1499215,pop soul,0l8zYqoUeBYg47Gmevq9HZ,2025-09-26,12,album,2.81,2025,9
1,40,True,23,114,,5Ajc5M8QLIT9Xrp6HFVJwr,2025-09-25,1,single,2.58,2025,9
1,34,True,17,1254,,7HgNFc1L2i9t5ZnoXGQy3Y,2025-09-25,1,single,3.08,2025,9
1,13,True,4,1909,,1jTmQUPtIP9PRVth4AxfYx,2025-09-25,1,single,2.95,2025,9
1,36,False,18,181,,5Ypa8QXUAcoNLON7Vvdft5,2025-09-25,1,single,2.81,2025,9
1,37,False,38,6157,,5wzGdpDIwI6mPSQaXQkuyI,2025-09-25,1,single,2.9,2025,9
1,21,False,7,3,,6iMzh8DFqe4mJ26QMY6YwS,2025-09-25,1,single,2.8,2025,9
1,68,True,62,394628,"anime rap, anime",2NaTp3h74cDqtrlgDe9b4W,2025-09-24,1,single,2.62,2025,9
1,25,False,9,36,,4ESicJbt1hcmMa760j8X8G,2025-09-24,1,single,2.57,2025,9
1,37,False,22,178,"3 step, gqom",5f469pJg3kGAaRjgHcaGs3,2025-09-24,6,single,2.15,2025,9
3,32,False,35,1803,,5pdaddrPUJy4oCM9TPPec2,2025-09-24,14,album,2.76,2025,9
1,27,False,10,60,,33Fv8Y2e8jAGbPSn91HliR,2025-09-23,1,single,3.61,2025,9
6,18,False,16,104,,3CXhCyquX7qyk3Q6Sih1w8,2025-09-21,7,album,2.64,2025,9
1,13,True,3,4,"funk de bh, funk carioca",1ZDJdxjW0l9k9goSMxJoPe,2025-09-20,1,single,2.49,2025,9
8,78,False,77,1461346,,5jUCvcrzCNng7N3iNVY4ts,2025-09-19,14,album,4.36,2025,9
13,74,True,81,25953771,,1LsNb6mVitbLZCxnRsbCDJ,2025-09-19,23,album,3.05,2025,9
1,44,False,52,21748,dark r&b,5HDxcAIdBVavuw7UdD2zFV,2025-09-19,3,single,3.07,2025,9
7,27,False,18,232,,5ffi8DCbbQ5cKzSVdReWgB,2025-09-19,12,album,2.55,2025,9
1,49,True,49,8802,dark r&b,2wyiqNFU4p1dM1Fm0qD1qp,2025-09-19,2,single,2.51,2025,9
8,75,True,81,25953771,,1LsNb6mVitbLZCxnRsbCDJ,2025-09-19,23,album,2.96,2025,9
1,47,False,58,146969,slap house,0HpZGevqOOW5s7Ji0znHkl,2025-09-19,1,single,2.42,2025,9
1,35,False,19,181,,3rwRrvZIMD9kyc5y1qUbP8,2025-09-19,4,single,3.69,2025,9
3,71,True,81,25957976,,1LsNb6mVitbLZCxnRsbCDJ,2025-09-19,23,album,2.97,2025,9
1,31,False,15,1068,,3iWjRDiDopj3rntTt2hYMc,2025-09-19,1,single,3.63,2025,9
1,38,False,35,1843,,6CsOJCea4cwzWF6t6hMU3a,2025-09-19,1,single,2.26,2025,9
1,69,True,75,12848260,,4wdp5hBwGx9AgqUoiCCDUV,2025-09-19,1,single,2.3,2025,9
16,69,True,81,25957976,,1LsNb6mVitbLZCxnRsbCDJ,2025-09-19,23,album,2.44,2025,9
3,31,False,22,1274,,1Ky161U9xfQ39gg9YmwqHw,2025-09-19,4,single,3.88,2025,9
1,22,False,11,382,,0ToLj7bYRvLGZPFJu201QD,2025-09-19,1,single,3.92,2025,9
1,92,False,81,2853248,,01sqwTOTrN9gaYQc1rr6Zw,2025-09-19,1,single,3.27,2025,9
1,40,False,22,49,,6Zf8PUHcylkFuQ9B3EkYq5,2025-09-19,1,single,3.11,2025,9
2,42,True,36,31236,"alté, nigerian drill, afrobeats, afrobeat",2YCmuYFmpWaioi9FFFvs9x,2025-09-19,3,single,2.95,2025,9
1,40,False,22,227,melodic bass,235p7xwM07tMwNbUD3dJ3l,2025-09-19,1,single,3.97,2025,9
1,54,False,50,3963,,7wPoQhLTu6ep2FayEIFLUZ,2025-09-18,1,single,2.25,2025,9
1,58,False,67,3134091,"pop punk, emo",6QFFlzCWi0nB4iwqByUreu,2025-09-18,3,single,4.38,2025,9
1,39,False,62,225797,,2lSaIwhi64HvrBBxX9JsMV,2025-09-18,1,single,3.31,2025,9
11,26,False,47,163172,,6EBOWa0SjlXmcxOkI72WXW,2025-09-17,13,album,4.17,2025,9
4,39,False,33,6678,,6BJ25snNyTn3EhwCZ5cTjC,2025-09-17,4,single,3.22,2025,9
1,52,False,53,19064,dark r&b,6e9DMNJAiQCBdYZAeZpSxd,2025-09-17,3,single,2.96,2025,9
2,44,False,33,6685,,6BJ25snNyTn3EhwCZ5cTjC,2025-09-17,4,single,2.95,2025,9
1,42,False,33,6683,,6BJ25snNyTn3EhwCZ5cTjC,2025-09-17,4,single,3.08,2025,9
1,17,True,12,390,melodic rap,75oeOiZN5SGo9Uxi7fP7Fg,2025-09-17,1,single,3.0,2025,9
1,17,False,4,276,,06Cx6gpouFqAqw0scvF30w,2025-09-17,2,single,2.62,2025,9
1,47,True,33,319,,2jSnuyqXzrxSEma1kd3PxD,2025-09-16,1,single,3.01,2025,9
1,16,False,8,12,,24rL6d2DpnPLUxQsKczMJS,2025-09-15,11,album,3.9,2025,9
5,16,False,8,12,,24rL6d2DpnPLUxQsKczMJS,2025-09-15,11,album,4.08,2025,9
4,17,True,8,39,,5OU38onkQUXsG3yiPWEAoB,2025-09-15,6,single,4.6,2025,9
1,43,True,30,1655,,76G1dwc1nFTJQ6kFpMDY8o,2025-09-15,1,single,4.0,2025,9
8,10,False,16,2177,,3EFPQ6eWkUj3g8kNXF6fKl,2025-09-12,11,album,3.26,2025,9
1,41,False,44,1499,,5pSb2Kr9jVQyLp9H7P0obn,2025-09-12,1,single,2.8,2025,9
1,27,False,10,34,,067t3qgBnltGBK7PLrfBKF,2025-09-12,1,single,3.2,2025,9
2,50,False,47,7071,,2qrlZrd3vHcB26h2uvkUlA,2025-09-12,9,album,2.88,2025,9
1,53,False,34,103,,2nz40FmZPm6hKanAyD6OIH,2025-09-12,1,single,3.4,2025,9
1,42,False,31,2956,future house,72UUPOfxYe90BhqHPRVE8Y,2025-09-12,1,single,2.57,2025,9
4,49,True,47,7045,,2qrlZrd3vHcB26h2uvkUlA,2025-09-12,9,album,2.02,2025,9
1,40,True,22,32,,7w0Lzkx5mCSJPUTIQZjxgL,2025-09-12,1,single,1.69,2025,9
1,41,False,33,1639,afrobeats,0JJqqLQzjelVajz0Pb87qY,2025-09-12,1,single,2.99,2025,9
1,33,True,15,39,,0pjQe69BiCOO5C4csSGD5H,2025-09-12,1,single,2.13,2025,9
6,79,False,88,122773292,soft pop,20dY0uZi9SzfrcWYfiWGqH,2025-09-12,13,album,3.59,2025,9
1,15,False,7,1022,arrocha,2gV2oyTSgiwN0my2wLApf2,2025-09-12,1,single,2.97,2025,9
1,85,True,75,282947,"brazilian funk, trap funk, funk consciente",460wiqQRw27a2OHTCegXKF,2025-09-11,1,single,2.64,2025,9
1,16,False,4,4,,27w5XHZuaNhkB8hyf07rYt,2025-09-11,1,single,2.73,2025,9
1,54,False,45,2752,,1O1H7mCSHDjRrughNesgv5,2025-09-11,1,single,2.05,2025,9
2,55,False,85,49083617,"pop rock, alternative pop, pop punk",5BBcARy3vgB43n1VZELFno,2025-09-08,2,single,3.92,2025,9
1,61,False,84,49050008,"pop rock, alternative pop, pop punk",5BBcARy3vgB43n1VZELFno,2025-09-08,2,single,4.11,2025,9
1,30,False,20,1897,,7Awl3HSQuxjjtYECRMGwfw,2025-09-06,1,single,3.04,2025,9
1,44,False,48,10272,,1QGNm8ogCVLC7LpID6oW2e,2025-09-05,3,single,2.81,2025,9
1,54,True,39,9729,,1GygYlo45HwMR1HGwrhy92,2025-09-05,1,single,2.78,2025,9
1,47,False,36,5606,,3s4WBNxX2SLcpjrooq7DLH,2025-09-05,1,single,2.63,2025,9
1,28,False,12,44,,3AbjktdqYdSuLCd5woeiLq,2025-09-05,14,album,3.38,2025,9
1,55,False,64,1211803,,2ElnFFhFJYiHK0KGc4shds,2025-09-05,2,single,2.6,2025,9
3,75,False,91,85008100,"pop, contemporary r&b",2KrREEyHxkdFGYAd1DmMdS,2025-09-05,44,album,2.87,2025,9
3,33,False,20,696,,5Nyg6oKDT5RO3vZeqKn1id,2025-09-04,4,single,3.57,2025,9
1,84,False,88,42237551,"art pop, pop",1KdrtZn2AmuQPHKIr3h4e6,2025-09-03,1,single,3.8,2025,9
15,56,False,88,42237551,"art pop, pop",3ARwSvDQv2OHYnLeDC3Lxi,2025-09-01,17,album,3.9,2025,9
9,80,False,89,42275793,"art pop, pop",3ARwSvDQv2OHYnLeDC3Lxi,2025-09-01,17,album,3.8,2025,9
6,61,False,88,42256604,"art pop, pop",3ARwSvDQv2OHYnLeDC3Lxi,2025-09-01,17,album,4.08,2025,9
17,55,False,88,42237551,"art pop, pop",3ARwSvDQv2OHYnLeDC3Lxi,2025-09-01,17,album,4.19,2025,9
1,61,False,88,42237551,"art pop, pop",3ARwSvDQv2OHYnLeDC3Lxi,2025-09-01,17,album,3.83,2025,9
12,58,False,88,42256604,"art pop, pop",3ARwSvDQv2OHYnLeDC3Lxi,2025-09-01,17,album,3.76,2025,9
3,62,False,88,42256604,"art pop, pop",3ARwSvDQv2OHYnLeDC3Lxi,2025-09-01,17,album,3.99,2025,9
1,37,False,19,267,,1JvpiKfsyL9wgw6akF8K8M,2025-09-01,1,single,3.47,2025,9
8,60,False,88,42256604,"art pop, pop",3ARwSvDQv2OHYnLeDC3Lxi,2025-09-01,17,album,3.55,2025,9
11,60,True,88,42237551,"art pop, pop",3ARwSvDQv2OHYnLeDC3Lxi,2025-09-01,17,album,3.98,2025,9
13,66,False,88,42256604,"art pop, pop",3ARwSvDQv2OHYnLeDC3Lxi,2025-09-01,17,album,4.11,2025,9
7,59,True,88,42256604,"art pop, pop",3ARwSvDQv2OHYnLeDC3Lxi,2025-09-01,17,album,3.51,2025,9
4,60,False,89,42275793,"art pop, pop",3ARwSvDQv2OHYnLeDC3Lxi,2025-09-01,17,album,3.82,2025,9
14,58,False,88,42256604,"art pop, pop",3ARwSvDQv2OHYnLeDC3Lxi,2025-09-01,17,album,3.32,2025,9
10,60,False,88,42237551,"art pop, pop",3ARwSvDQv2OHYnLeDC3Lxi,2025-09-01,17,album,3.22,2025,9
1,39,False,62,973349,,5qrls7LonwyZYXnhxETAEC,2025-09-01,4,single,2.67,2025,9
2,62,False,89,42275793,"art pop, pop",3ARwSvDQv2OHYnLeDC3Lxi,2025-09-01,17,album,3.72,2025,9
16,55,False,88,42256604,"art pop, pop",3ARwSvDQv2OHYnLeDC3Lxi,2025-09-01,17,album,4.28,2025,9
5,64,True,88,42237551,"art pop, pop",3ARwSvDQv2OHYnLeDC3Lxi,2025-09-01,17,album,3.51,2025,9
1,43,False,32,592,,5OKzkp4EQQefDX9Lww067D,2025-08-31,1,single,2.66,2025,8
1,20,True,12,2956,avant-garde,0zuA6KKbQjYG1hwxmt1pQj,2025-08-29,1,single,2.41,2025,8
1,31,False,19,88,,6VnddTyKeAcHEFzMrjkX4m,2025-08-29,1,single,4.33,2025,8
1,44,False,42,11904,,0kjh6SGPXj2Qe3yqfWh3ZD,2025-08-29,1,single,2.69,2025,8
8,91,False,91,26538275,pop,1aqg30bNvLSWgShZgX4oop,2025-08-29,12,album,2.42,2025,8
4,84,True,91,26559943,pop,1aqg30bNvLSWgShZgX4oop,2025-08-29,12,album,3.06,2025,8
2,92,False,91,26538275,pop,1aqg30bNvLSWgShZgX4oop,2025-08-29,12,album,2.66,2025,8
1,39,False,48,193279,,6XZe5zme7iaKbNOinYf3js,2025-08-29,1,single,2.32,2025,8
2,65,False,74,1377042,,3mxQzFNEhn2XAr2UvCt2bI,2025-08-29,2,single,2.26,2025,8
5,82,True,91,26559943,pop,1aqg30bNvLSWgShZgX4oop,2025-08-29,12,album,3.38,2025,8
1,44,True,69,2482067,"chicago drill, drill",4jQAxiox9aNyRGRCTVI1Sa,2025-08-29,2,single,2.34,2025,8
3,46,False,61,7437933,"egyptian hip hop, arabic hip hop, mahraganat, egyptian pop",0GaffqvjUTs1g9vDLAKFeV,2025-08-29,12,album,3.41,2025,8
10,81,True,91,26538275,pop,1aqg30bNvLSWgShZgX4oop,2025-08-29,12,album,3.7,2025,8
9,57,False,61,7429055,"egyptian hip hop, arabic hip hop, mahraganat, egyptian pop",0GaffqvjUTs1g9vDLAKFeV,2025-08-29,12,album,2.56,2025,8
11,48,False,61,7437933,"egyptian hip hop, arabic hip hop, mahraganat, egyptian pop",0GaffqvjUTs1g9vDLAKFeV,2025-08-29,12,album,3.16,2025,8
10,49,False,61,7429055,"egyptian hip hop, arabic hip hop, mahraganat, egyptian pop",0GaffqvjUTs1g9vDLAKFeV,2025-08-29,12,album,4.12,2025,8
6,50,False,61,7429055,"egyptian hip hop, arabic hip hop, mahraganat, egyptian pop",0GaffqvjUTs1g9vDLAKFeV,2025-08-29,12,album,2.83,2025,8
12,52,False,61,7433128,"egyptian hip hop, arabic hip hop, mahraganat, egyptian pop",0GaffqvjUTs1g9vDLAKFeV,2025-08-29,12,album,4.07,2025,8
4,54,False,61,7433128,"egyptian hip hop, arabic hip hop, mahraganat, egyptian pop",0GaffqvjUTs1g9vDLAKFeV,2025-08-29,12,album,3.26,2025,8
2,53,False,61,7429055,"egyptian hip hop, arabic hip hop, mahraganat, egyptian pop",0GaffqvjUTs1g9vDLAKFeV,2025-08-29,12,album,2.81,2025,8
7,41,False,61,7437933,"egyptian hip hop, arabic hip hop, mahraganat, egyptian pop",0GaffqvjUTs1g9vDLAKFeV,2025-08-29,12,album,0.55,2025,8
9,85,True,91,26516295,pop,1aqg30bNvLSWgShZgX4oop,2025-08-29,12,album,3.22,2025,8
12,84,True,91,26559943,pop,1aqg30bNvLSWgShZgX4oop,2025-08-29,12,album,3.75,2025,8
11,87,False,91,26538275,pop,1aqg30bNvLSWgShZgX4oop,2025-08-29,12,album,2.82,2025,8
22,46,False,52,78423,,3QPuVCy6FrnvYfa2hrRXEX,2025-08-29,22,album,2.67,2025,8
1,50,False,61,7437933,"egyptian hip hop, arabic hip hop, mahraganat, egyptian pop",0GaffqvjUTs1g9vDLAKFeV,2025-08-29,12,album,2.07,2025,8
1,41,False,48,74002,,4LNj6zVbxWRqCNavH83EuL,2025-08-29,1,single,2.65,2025,8
8,51,False,61,7437933,"egyptian hip hop, arabic hip hop, mahraganat, egyptian pop",0GaffqvjUTs1g9vDLAKFeV,2025-08-29,12,album,2.82,2025,8
1,88,True,91,26559943,pop,1aqg30bNvLSWgShZgX4oop,2025-08-29,12,album,3.56,2025,8
5,50,False,61,7429055,"egyptian hip hop, arabic hip hop, mahraganat, egyptian pop",0GaffqvjUTs1g9vDLAKFeV,2025-08-29,12,album,2.94,2025,8
3,85,True,91,26559943,pop,1aqg30bNvLSWgShZgX4oop,2025-08-29,12,album,3.29,2025,8
7,83,True,91,26516295,pop,1aqg30bNvLSWgShZgX4oop,2025-08-29,12,album,3.47,2025,8
6,88,True,91,26538275,pop,1aqg30bNvLSWgShZgX4oop,2025-08-29,12,album,3.04,2025,8
6,49,False,61,2649787,"egyptian hip hop, arabic hip hop, egyptian pop, mahraganat",4p50wCLmX3dorhUIDFIYF2,2025-08-28,10,album,2.35,2025,8
8,51,False,61,2650667,"egyptian hip hop, arabic hip hop, egyptian pop, mahraganat",4p50wCLmX3dorhUIDFIYF2,2025-08-28,10,album,2.83,2025,8
1,49,False,61,2650667,"egyptian hip hop, arabic hip hop, egyptian pop, mahraganat",4p50wCLmX3dorhUIDFIYF2,2025-08-28,10,album,3.08,2025,8
2,43,False,61,2649787,"egyptian hip hop, arabic hip hop, egyptian pop, mahraganat",4p50wCLmX3dorhUIDFIYF2,2025-08-28,10,album,2.17,2025,8
7,42,False,61,2652612,"egyptian hip hop, arabic hip hop, egyptian pop, mahraganat",4p50wCLmX3dorhUIDFIYF2,2025-08-28,10,album,2.51,2025,8
4,43,False,61,2650667,"egyptian hip hop, arabic hip hop, egyptian pop, mahraganat",4p50wCLmX3dorhUIDFIYF2,2025-08-28,10,album,2.72,2025,8
1,50,False,55,68465,dark r&b,10kUMyyx2rqehYusX7gKdy,2025-08-28,1,single,3.3,2025,8
5,51,False,61,2652612,"egyptian hip hop, arabic hip hop, egyptian pop, mahraganat",4p50wCLmX3dorhUIDFIYF2,2025-08-28,10,album,2.48,2025,8
9,44,False,61,2649787,"egyptian hip hop, arabic hip hop, egyptian pop, mahraganat",4p50wCLmX3dorhUIDFIYF2,2025-08-28,10,album,2.2,2025,8
1,53,False,58,72064,dark r&b,0LwRKWI7LcUEnHHH3LSipe,2025-08-28,3,single,2.97,2025,8
3,43,False,61,2649787,"egyptian hip hop, arabic hip hop, egyptian pop, mahraganat",4p50wCLmX3dorhUIDFIYF2,2025-08-28,10,album,2.79,2025,8
10,47,False,61,2649787,"egyptian hip hop, arabic hip hop, egyptian pop, mahraganat",4p50wCLmX3dorhUIDFIYF2,2025-08-28,10,album,3.12,2025,8
1,13,False,3,3,,5jVHFcoEXErpuh0y1cWQXI,2025-08-27,1,single,2.63,2025,8
1,13,False,3,2,,48VRlKgfjgv3fWJllFAysM,2025-08-27,1,single,2.49,2025,8
4,15,False,5,21,,6lKsJdCq98Jll0ve3LP5Cp,2025-08-24,12,album,3.83,2025,8
1,15,False,5,21,,6lKsJdCq98Jll0ve3LP5Cp,2025-08-24,12,album,4.53,2025,8
1,14,False,6,4,,5SYdvOhLrQT9OQ1uArT4tI,2025-08-23,1,single,3.71,2025,8
9,34,False,57,398681,,4EeqIKMCBghfKdAXVgsQBt,2025-08-22,17,album,3.13,2025,8
11,34,False,57,398659,,4EeqIKMCBghfKdAXVgsQBt,2025-08-22,17,album,3.3,2025,8
1,53,False,58,146944,slap house,2M5ycBg9s7P7EsRvjo92K1,2025-08-22,1,single,3.01,2025,8
16,31,False,57,398681,,4EeqIKMCBghfKdAXVgsQBt,2025-08-22,17,album,3.08,2025,8
2,37,False,57,398681,,4EeqIKMCBghfKdAXVgsQBt,2025-08-22,17,album,3.12,2025,8
10,71,False,85,2789144,,7mvXPtV4jvA1hp5Wx2FAJA,2025-08-22,10,album,4.74,2025,8
7,88,False,85,2795852,,7mvXPtV4jvA1hp5Wx2FAJA,2025-08-22,10,album,3.03,2025,8
1,36,False,38,44378,,3Nubv2yI34gb2QGp9DDk5i,2025-08-22,1,single,2.81,2025,8
9,78,False,85,2795852,,7mvXPtV4jvA1hp5Wx2FAJA,2025-08-22,10,album,3.28,2025,8
1,44,False,38,60619,,3kKrFI7Yp9LpO8fFhy1YVa,2025-08-22,1,single,2.02,2025,8
4,37,False,57,398642,,4EeqIKMCBghfKdAXVgsQBt,2025-08-22,17,album,3.39,2025,8
1,35,False,23,13839,,7HHs0Bl8bEXdEHK7VgxHyh,2025-08-22,1,single,3.07,2025,8
2,55,False,53,88544,,7e7r5fXrnD2eRJEZ6DVnKs,2025-08-22,10,album,2.84,2025,8
13,32,False,57,398642,,4EeqIKMCBghfKdAXVgsQBt,2025-08-22,17,album,2.67,2025,8
10,33,False,57,398659,,4EeqIKMCBghfKdAXVgsQBt,2025-08-22,17,album,3.26,2025,8
6,37,False,57,398642,,4EeqIKMCBghfKdAXVgsQBt,2025-08-22,17,album,2.64,2025,8
1,40,False,24,2256,,2ZStQ51RCZBw8XaWmZyqRS,2025-08-22,1,single,3.25,2025,8
3,78,False,85,2795852,,7mvXPtV4jvA1hp5Wx2FAJA,2025-08-22,10,album,3.87,2025,8
1,40,False,25,8363,french indie pop,58CagVvWiirPgpD8IST7du,2025-08-22,1,single,2.84,2025,8
14,36,False,57,398659,,4EeqIKMCBghfKdAXVgsQBt,2025-08-22,17,album,3.15,2025,8
15,34,False,57,398681,,4EeqIKMCBghfKdAXVgsQBt,2025-08-22,17,album,2.64,2025,8
5,44,False,57,398681,,4EeqIKMCBghfKdAXVgsQBt,2025-08-22,17,album,3.8,2025,8
8,71,False,85,2789144,,7mvXPtV4jvA1hp5Wx2FAJA,2025-08-22,10,album,3.23,2025,8
12,32,False,57,398642,,4EeqIKMCBghfKdAXVgsQBt,2025-08-22,17,album,2.91,2025,8
1,76,False,85,2802094,,7mvXPtV4jvA1hp5Wx2FAJA,2025-08-22,10,album,3.45,2025,8
6,68,False,85,2795852,,7mvXPtV4jvA1hp5Wx2FAJA,2025-08-22,10,album,3.76,2025,8
2,89,False,85,2795852,,7mvXPtV4jvA1hp5Wx2FAJA,2025-08-22,10,album,4.04,2025,8
8,33,False,57,398642,,4EeqIKMCBghfKdAXVgsQBt,2025-08-22,17,album,3.0,2025,8
17,33,False,57,398659,,4EeqIKMCBghfKdAXVgsQBt,2025-08-22,17,album,2.93,2025,8
4,91,False,85,2789144,,7mvXPtV4jvA1hp5Wx2FAJA,2025-08-22,10,album,3.31,2025,8
2,21,False,17,134,,5GZWmQYBiEy0Weze8ROmYg,2025-08-22,4,single,2.74,2025,8
7,34,False,57,398681,,4EeqIKMCBghfKdAXVgsQBt,2025-08-22,17,album,2.94,2025,8
3,36,False,57,398681,,4EeqIKMCBghfKdAXVgsQBt,2025-08-22,17,album,3.16,2025,8
1,38,False,23,462,,4h78HFCwljzgNCVjXQWy1i,2025-08-22,1,single,3.41,2025,8
1,39,False,57,398659,,4EeqIKMCBghfKdAXVgsQBt,2025-08-22,17,album,2.85,2025,8
5,73,False,85,2809275,,7mvXPtV4jvA1hp5Wx2FAJA,2025-08-22,10,album,5.04,2025,8
1,34,False,18,824,,4yE34Y8GLsFTh2fX7nfQsQ,2025-08-21,1,single,4.06,2025,8
1,81,True,86,34748949,,5faw0b6BBJiTHGNl9aaoc5,2025-08-21,1,single,2.72,2025,8
1,16,False,4,423,,5qJkNWE1EzztdRCgKlKZJu,2025-08-20,1,single,2.73,2025,8
1,48,False,43,30470,,2V0W7cCSt8mUphmqVmTsoy,2025-08-19,2,single,3.59,2025,8
1,46,True,33,321,,6JuYMsjMhcwucG6d1bHBHe,2025-08-19,1,single,2.2,2025,8
1,14,False,5,5,,0z2o2IkYjU8LvUKllZjFtk,2025-08-19,1,single,3.0,2025,8
1,36,False,18,148,,7vhf1ysYoDNBoUTcgwMAa9,2025-08-15,1,single,4.88,2025,8
1,65,False,60,27567,house,5rz0T4v8f8U8fdZeq93BhH,2025-08-15,1,single,3.08,2025,8
1,95,False,88,1499215,pop soul,0Bv6OJO0L5gcf20DMww54a,2025-08-15,3,single,3.06,2025,8
12,15,True,5,156,,02sCZlBqPGO4OBLdVW1aj6,2025-08-15,14,album,3.88,2025,8
1,45,False,35,729,,3jR0eVJx6EzNqQd5zNf4NY,2025-08-15,1,single,3.18,2025,8
1,49,False,32,3893,christian hip hop,5ceJDO3CJiol9w4XlgqX3u,2025-08-15,1,single,2.93,2025,8
1,62,True,82,15702014,"emo rap, cloud rap",1oaHlsVVHDlbcxYTtoFB56,2025-08-15,1,single,2.03,2025,8
1,27,False,23,462,,4dKcC3zpc2Jlo845dIijW2,2025-08-15,1,single,3.75,2025,8
1,30,False,13,27,,09m1hUTw9QMA6t7jHxeaWM,2025-08-15,1,single,3.24,2025,8
1,12,True,2,10,,7hWTDF8m0yY8bPwtiCCLdJ,2025-08-14,1,single,2.98,2025,8
1,64,False,61,26095,,6bNZ64ZdTHNUGsU5euFJF8,2025-08-14,1,single,2.63,2025,8
1,14,False,4,8,,7ps7tRg4B7JMZOQoTC1KBN,2025-08-12,1,single,3.8,2025,8
4,65,True,78,5643375,,30aIA1FrouOX9kHxP4dEr6,2025-08-08,13,album,3.11,2025,8
1,38,True,25,2136,,6LmOzFbOwxJLOxVoyW9dxt,2025-08-08,2,single,3.21,2025,8
1,76,False,79,2059774,southern hip hop,1Nn0cOJPNZqKJlkq4AgY2V,2025-08-08,1,single,2.98,2025,8
1,73,False,80,34481381,edm,6DD756fhA5jj74FmDBncgU,2025-08-08,1,single,2.49,2025,8
2,50,False,38,805,,7D60q4F6YlYf15R8tS6Rmv,2025-08-08,9,album,3.9,2025,8
1,49,True,30,193,,1cmOmFV9V0LIB2Nv6cE9gV,2025-08-08,1,single,1.85,2025,8
9,78,True,85,10342615,melodic rap,6l2aad6LJghHkbd0KX1f7w,2025-08-08,25,album,3.07,2025,8
1,11,False,2,940,,7poir4vlqifH2PPtGUtnS1,2025-08-08,4,single,2.93,2025,8
1,45,False,48,10272,,0PnBzz0Kl63sKtyKF12DSE,2025-08-08,3,single,3.14,2025,8
1,29,False,13,687,,6HpQVJ1b1ArDMVBqQklM8Y,2025-08-07,1,single,3.17,2025,8
1,48,False,46,7240,dark r&b,05SRuJh4SxmYmQ3DSr03PW,2025-08-07,3,single,2.43,2025,8
1,53,False,45,2752,,6wjN4wat4XT0BLQcN0br2z,2025-08-07,1,single,2.97,2025,8
1,64,True,85,10342615,melodic rap,7tWxhICLUYrxpalqEqT4kT,2025-08-07,1,single,2.88,2025,8
2,42,True,29,11860,,0yYTIlFiTS9bCE7xSSCD7h,2025-08-07,17,album,3.6,2025,8
5,69,True,84,11683338,,48UcYpGBpoNhEJriPfZFWJ,2025-08-01,24,album,2.71,2025,8
1,87,True,82,7310428,,7GlwcUYHB99l7k13I2Hira,2025-08-01,1,single,4.2,2025,8
1,50,False,50,114271,,14RuQ06spKnUjCC59QZF97,2025-08-01,1,single,3.35,2025,8
1,72,True,56,38082,,4Xqf8b22c4vUcl9PFEmy50,2025-08-01,1,single,2.71,2025,8
1,26,False,34,35406,,3O9B6bc6bN5zXvdWWLSDhm,2025-08-01,1,single,4.21,2025,8
10,80,True,72,1261419,,6ULnaZahd0zTGVUBVQO6mN,2025-08-01,12,album,2.38,2025,8
1,73,True,72,1262133,,6ULnaZahd0zTGVUBVQO6mN,2025-08-01,12,album,2.36,2025,8
1,32,False,20,1099,,4PSV4pJgO659gYdqsNZGXU,2025-08-01,1,single,2.82,2025,8
1,69,True,73,1178436,alternative r&b,7jafwvgoGHW0JJGxQMgOci,2025-07-31,2,single,3.02,2025,7
1,41,False,27,3637,,7tMILtZ1XQJMgcycmpm7Xq,2025-07-25,6,single,2.36,2025,7
1,79,True,87,28327351,r&b,6FA7O8oQl5eReFrDYjkusP,2025-07-25,1,single,4.53,2025,7
1,76,False,83,13397845,country,5zx6pJUEcQKKA7k8hBNkUJ,2025-07-25,1,single,3.55,2025,7
1,83,True,95,103067383,rap,4TWJJZmgYm6tE6PzqpluQ0,2025-07-25,1,single,2.81,2025,7
2,76,False,72,968416,dark r&b,6mSpxfnTwcvHKJqPFfF6KA,2025-07-25,2,single,2.95,2025,7
1,66,False,71,2569728,,19dLWMBcqXwZy0Lv7nxRjb,2025-07-25,1,single,2.95,2025,7
1,41,False,27,3665,,1ard7d6BBkxNbL0sxIHvc4,2025-07-25,2,single,3.1,2025,7
1,75,True,77,1460038,,7ikoTkIbCm6jpWOHa9Cwde,2025-07-25,3,single,2.67,2025,7
1,72,False,84,9509731,"neo-psychedelic, indie",3kgOKo0TlU22INB7U0Rqdj,2025-07-25,1,single,7.2,2025,7
1,34,False,64,577324,"alté, afrobeats, afro r&b",0OUK6jlKyr6CMC6ZfUtz23,2025-07-25,2,single,2.06,2025,7
1,85,False,85,2802094,,2TrTb21wiXbwQohvN1UfFV,2025-07-24,1,single,4.04,2025,7
1,61,False,81,26278854,soft pop,4CbMJCzMlzyEByCi84kllb,2025-07-24,1,single,4.25,2025,7
1,41,False,23,2754,,0hjSuC170zrDhzo606HNvV,2025-07-24,1,single,2.43,2025,7
1,45,False,40,4550,,5uwHcTv2yXjrzTcCaGRUx8,2025-07-22,1,single,2.72,2025,7
1,13,False,2,42,,4shl5xC3cgPLLJ5GwNYJ0I,2025-07-22,1,single,3.41,2025,7
2,90,True,86,24420596,,1jzv3jwZbt8lYfEtMjiD1R,2025-07-21,10,album,2.55,2025,7
1,48,True,58,146969,slap house,3TU182B1pIyBMS8ivT8frO,2025-07-18,1,single,2.72,2025,7
1,41,True,36,32967,,21DyQCFJhDNPIzX4HB79kH,2025-07-18,3,single,3.13,2025,7
1,18,False,4,810,,13JhM0FzOjqWBHlAcRRidJ,2025-07-18,1,single,2.78,2025,7
1,34,False,46,173092,,0BA0bcHBG0vW0KxunR9Wv8,2025-07-18,1,single,3.46,2025,7
1,87,False,84,2885506,,6FyViQsaJnS1e5if4ouzGK,2025-07-18,21,album,3.15,2025,7
1,65,False,66,306513,house,2VpQLsVZOBVzuDmTHsQETP,2025-07-18,1,single,3.73,2025,7
1,59,True,66,668762,,1ztxCUku3RIu2lBs0cJdDn,2025-07-17,1,single,4.91,2025,7
1,48,False,45,754,,1SUezwpHwME1St1VE0F4iL,2025-07-17,1,single,2.05,2025,7
1,62,False,75,7761454,,7LcGaAcnk6YyBJzNpW24LZ,2025-07-16,1,single,3.05,2025,7
1,57,False,63,1441722,"art pop, alternative r&b",46WZk8LNyCZvf04uSdwDyD,2025-07-16,1,single,3.84,2025,7
1,16,False,14,979,agronejo,0A9ouwiJDkc3OCkAbeZyGr,2025-07-16,1,single,4.74,2025,7
1,43,False,52,21811,dark r&b,7CyJVes1ALqBFkD4mYMrZZ,2025-07-16,3,single,2.59,2025,7
1,36,False,27,268,,0nvMGCz09vVwqpj9FieP8F,2025-07-12,1,single,3.89,2025,7
9,59,True,91,85034636,"pop, contemporary r&b",5vD5M5VW62LL78Ko8x0CVZ,2025-07-11,21,album,0.61,2025,7
16,57,True,91,85008100,"pop, contemporary r&b",5vD5M5VW62LL78Ko8x0CVZ,2025-07-11,21,album,0.83,2025,7
11,61,False,91,85022258,"pop, contemporary r&b",5vD5M5VW62LL78Ko8x0CVZ,2025-07-11,21,album,1.4,2025,7
4,75,False,91,85034636,"pop, contemporary r&b",5vD5M5VW62LL78Ko8x0CVZ,2025-07-11,21,album,3.24,2025,7
1,59,True,49,19227,dark r&b,4jAt7Kah0mMlqnJENmPGsw,2025-07-11,3,single,2.76,2025,7
1,47,True,29,546,,52HRzedndGmvIs7jksMbF9,2025-07-11,3,single,2.62,2025,7
1,90,False,81,56152334,k-pop,3hzoZlx2KwtvJEUl9piPWr,2025-07-11,1,single,2.74,2025,7
17,63,False,91,85008100,"pop, contemporary r&b",5vD5M5VW62LL78Ko8x0CVZ,2025-07-11,21,album,3.54,2025,7
1,71,False,91,85050158,"pop, contemporary r&b",5vD5M5VW62LL78Ko8x0CVZ,2025-07-11,21,album,4.12,2025,7
1,45,False,36,5521,,1wvfvKidzPjbiGFBEb0n5T,2025-07-11,1,single,3.36,2025,7
6,67,False,91,85008100,"pop, contemporary r&b",5vD5M5VW62LL78Ko8x0CVZ,2025-07-11,21,album,3.22,2025,7
1,32,False,15,2381,,6IMrYT25DPqimzpTOjtbwm,2025-07-11,1,single,3.25,2025,7
1,52,False,35,5813,,1iTQQDXtrER9NQZMPGqKfZ,2025-07-11,1,single,2.53,2025,7
18,65,True,91,85008100,"pop, contemporary r&b",5vD5M5VW62LL78Ko8x0CVZ,2025-07-11,21,album,2.5,2025,7
15,66,True,91,85022258,"pop, contemporary r&b",5vD5M5VW62LL78Ko8x0CVZ,2025-07-11,21,album,3.08,2025,7
14,58,True,91,85022258,"pop, contemporary r&b",5vD5M5VW62LL78Ko8x0CVZ,2025-07-11,21,album,1.31,2025,7
5,70,False,91,85022258,"pop, contemporary r&b",5vD5M5VW62LL78Ko8x0CVZ,2025-07-11,21,album,1.8,2025,7
20,65,True,91,85008100,"pop, contemporary r&b",5vD5M5VW62LL78Ko8x0CVZ,2025-07-11,21,album,3.07,2025,7
1,72,False,79,12428221,,0Z5FaBjNQ1sZ2Udunf17Jt,2025-07-11,2,single,4.09,2025,7
10,74,True,91,85008100,"pop, contemporary r&b",5vD5M5VW62LL78Ko8x0CVZ,2025-07-11,21,album,4.06,2025,7
7,71,False,91,85008100,"pop, contemporary r&b",5vD5M5VW62LL78Ko8x0CVZ,2025-07-11,21,album,3.25,2025,7
3,86,False,91,85034636,"pop, contemporary r&b",5vD5M5VW62LL78Ko8x0CVZ,2025-07-11,21,album,2.73,2025,7
19,59,False,91,85008100,"pop, contemporary r&b",5vD5M5VW62LL78Ko8x0CVZ,2025-07-11,21,album,1.38,2025,7
1,23,False,11,1182,,6WWldHD7MvCRzu0LPFFmmx,2025-07-11,3,single,3.07,2025,7
13,61,False,91,85008100,"pop, contemporary r&b",5vD5M5VW62LL78Ko8x0CVZ,2025-07-11,21,album,2.41,2025,7
2,91,False,91,85008100,"pop, contemporary r&b",5vD5M5VW62LL78Ko8x0CVZ,2025-07-11,21,album,2.94,2025,7
12,72,False,91,85008100,"pop, contemporary r&b",5vD5M5VW62LL78Ko8x0CVZ,2025-07-11,21,album,3.9,2025,7
1,19,False,5,37,,7sFmIihgYZ2w1suYcAfV51,2025-07-11,1,single,5.01,2025,7
8,65,False,91,85008100,"pop, contemporary r&b",5vD5M5VW62LL78Ko8x0CVZ,2025-07-11,21,album,3.34,2025,7
21,57,False,47,168546,"gospel, gospel r&b",5vD5M5VW62LL78Ko8x0CVZ,2025-07-11,21,album,1.51,2025,7
1,39,False,37,11588,,0UfGdqLPeZoNagR2oN1COi,2025-07-04,1,single,2.87,2025,7
1,38,False,21,169,,0KI0kl8Yb0JKq9nZ1ngoAf,2025-07-03,3,single,2.01,2025,7
1,78,False,79,14043382,soft pop,5d12unL3OeoaDLUAgdVEhA,2025-06-27,1,single,3.75,2025,6
1,53,True,48,8682,dark r&b,0AieyyRD1TJFnH6Sn9ux17,2025-06-27,3,single,2.33,2025,6
2,46,True,49,8802,dark r&b,0AieyyRD1TJFnH6Sn9ux17,2025-06-27,3,single,2.47,2025,6
1,45,False,35,11991,,1FMGX0Ur23K4ZyONyb237T,2025-06-27,2,single,2.47,2025,6
11,78,False,80,10541250,,28bHj2enHkHVFLwuWmkwlQ,2025-06-27,11,album,3.41,2025,6
2,54,True,76,9769257,k-pop,3L7i2VqeznnAqX5BG6gm3H,2025-06-27,4,single,3.0,2025,6
1,72,False,71,476523,"country, red dirt",4zzLitRvQXzr4Eu2UVz0Nh,2025-06-27,2,single,2.95,2025,6
1,72,False,79,4683168,,4qtnEKxJRzN4nqgM5kE84a,2025-06-27,1,single,3.3,2025,6
1,44,False,35,729,,4u0sI6t9BoNvMhf8xTVSLZ,2025-06-27,3,single,3.55,2025,6
1,34,True,40,2157,,586RQCxat4GbnCU9EGBLSa,2025-06-27,1,single,3.76,2025,6
1,47,False,58,146969,slap house,3uU1JRkkgP59SklqSYtD37,2025-06-27,1,single,2.95,2025,6
1,70,False,84,2885506,,128pqckLyL3mr3SJwpUZun,2025-06-27,1,single,3.15,2025,6
1,52,True,55,68408,dark r&b,62McqscJGrneiBQoLgnidH,2025-06-26,3,single,3.1,2025,6
1,63,False,77,4780589,soundtrack,5TNQ53hp55WtBA1H8LYtMw,2025-06-26,32,album,3.22,2025,6
8,91,False,72,220991,,14JkAa6IiFaOh5s0nMyMU9,2025-06-20,12,album,3.13,2025,6
1,92,False,82,5242034,k-pop,6rpin9IVOuBEWBYnrA9hft,2025-06-20,2,single,3.28,2025,6
1,64,True,77,1461346,,3ff8F0Upi70Lo0i26CYGHn,2025-06-20,2,single,3.37,2025,6
1,67,True,81,25956015,,3yFZYSdLY7V209cDXPEeae,2025-06-20,1,single,3.44,2025,6
8,82,True,74,253650,,1TP95xOGiWqdVOu4hGbuug,2025-06-20,11,album,1.82,2025,6
3,94,False,80,2234812,,14JkAa6IiFaOh5s0nMyMU9,2025-06-20,12,album,2.51,2025,6
5,84,False,83,23342437,k-pop,14JkAa6IiFaOh5s0nMyMU9,2025-06-20,12,album,2.81,2025,6
6,91,False,87,3568209,k-pop,14JkAa6IiFaOh5s0nMyMU9,2025-06-20,12,album,3.03,2025,6
1,86,False,83,23326731,k-pop,14JkAa6IiFaOh5s0nMyMU9,2025-06-20,12,album,3.01,2025,6
9,92,False,87,3568209,k-pop,14JkAa6IiFaOh5s0nMyMU9,2025-06-20,12,album,4.17,2025,6
1,76,False,73,1163610,country,0JGIg3ny1crTowB0Qi1Zx1,2025-06-20,1,single,3.04,2025,6
2,52,False,65,1436277,,6bpglEwFypc0rfzYDyhf6i,2025-06-20,15,album,3.37,2025,6
4,99,False,87,3551538,k-pop,14JkAa6IiFaOh5s0nMyMU9,2025-06-20,12,album,3.24,2025,6
2,93,False,87,3535849,k-pop,14JkAa6IiFaOh5s0nMyMU9,2025-06-20,12,album,2.93,2025,6
1,43,False,34,1693,,2dgom6HWKcPEo0NzqUce8n,2025-06-20,3,single,2.36,2025,6
7,93,False,80,2234812,,14JkAa6IiFaOh5s0nMyMU9,2025-06-20,12,album,3.19,2025,6
12,49,False,47,505,country,3TlM68EnA35dHWYQHeK9k3,2025-06-18,12,album,2.33,2025,6
1,36,True,24,162,,39wg1nS6FMAwccWr3CEqz5,2025-06-18,7,album,3.42,2025,6
6,50,False,47,509,country,3TlM68EnA35dHWYQHeK9k3,2025-06-18,12,album,2.25,2025,6
7,46,False,47,491,country,3TlM68EnA35dHWYQHeK9k3,2025-06-18,12,album,3.44,2025,6
2,48,False,47,505,country,3TlM68EnA35dHWYQHeK9k3,2025-06-18,12,album,3.16,2025,6
4,50,False,47,491,country,3TlM68EnA35dHWYQHeK9k3,2025-06-18,12,album,3.56,2025,6
10,48,False,47,491,country,3TlM68EnA35dHWYQHeK9k3,2025-06-18,12,album,3.13,2025,6
5,48,False,47,498,country,3TlM68EnA35dHWYQHeK9k3,2025-06-18,12,album,2.6,2025,6
3,48,False,47,505,country,3TlM68EnA35dHWYQHeK9k3,2025-06-18,12,album,2.43,2025,6
4,48,False,45,28641,,50gbNhPEnOqun2r30TMvQ4,2025-06-18,9,album,3.42,2025,6
11,49,False,47,505,country,3TlM68EnA35dHWYQHeK9k3,2025-06-18,12,album,2.32,2025,6
5,36,True,24,162,,39wg1nS6FMAwccWr3CEqz5,2025-06-18,7,album,3.07,2025,6
9,45,False,47,505,country,3TlM68EnA35dHWYQHeK9k3,2025-06-18,12,album,2.45,2025,6
8,48,False,47,491,country,3TlM68EnA35dHWYQHeK9k3,2025-06-18,12,album,2.56,2025,6
2,30,True,24,162,,39wg1nS6FMAwccWr3CEqz5,2025-06-18,7,album,3.2,2025,6
1,48,False,47,491,country,3TlM68EnA35dHWYQHeK9k3,2025-06-18,12,album,2.1,2025,6
1,43,True,37,8703,dark r&b,1iZIHxlcOi1yp4aLeeb0xl,2025-06-13,3,single,2.54,2025,6
1,14,False,12,402,"amapiano, afropiano",2cy3Nn4nYL2RLpz1dcVbs8,2025-06-13,2,single,2.81,2025,6
2,21,False,27,1978,,3r82ECVvQJxvrSKhtkWyLN,2025-06-13,3,single,2.78,2025,6
1,59,False,74,4571036,j-pop,0qxIGHOXFdqiJEOqbUv5DR,2025-06-13,1,single,4.5,2025,6
1,88,False,78,8661889,,5enIvPn8EEPWMGxzBzxvcm,2025-06-11,1,single,3.96,2025,6
1,42,False,24,679,,6e34ShPH3xiSfqeCP2qUGO,2025-06-11,1,single,2.75,2025,6
1,40,True,22,64,,205e8TWaT1CmbqYNm9OvYp,2025-06-11,1,single,3.07,2025,6
4,70,False,74,1366758,,2ffVa2UhHUDwMHnr685zJ4,2025-06-06,12,album,2.71,2025,6
1,35,False,41,11030,nightcore,2xUiUdXeZbTGQJSJx13Z6Z,2025-06-06,1,single,2.42,2025,6
12,70,False,74,1366758,,2ffVa2UhHUDwMHnr685zJ4,2025-06-06,12,album,4.0,2025,6
8,68,False,74,1364231,,2ffVa2UhHUDwMHnr685zJ4,2025-06-06,12,album,3.56,2025,6
1,44,False,34,2657,,6RU2FPhwMW7flSSUrtkfhh,2025-06-06,1,single,3.33,2025,6
3,64,True,72,6114655,,2rjfRdmVDBMFT5mamSsVeU,2025-06-06,13,album,4.01,2025,6
2,82,False,74,1364231,,2ffVa2UhHUDwMHnr685zJ4,2025-06-06,12,album,2.82,2025,6
9,80,False,74,1364231,,2ffVa2UhHUDwMHnr685zJ4,2025-06-06,12,album,3.05,2025,6
1,50,False,75,6165678,alternative metal,52PeeLLB6DgLKb01NCXueF,2025-06-06,1,single,3.1,2025,6
1,39,False,45,50314,,5MD2zmpEhch9McF5BUlX2y,2025-06-06,1,single,3.83,2025,6
1,38,False,27,3666,,7AwXwvFmWeC3X5i5ERnZ0P,2025-06-06,1,single,3.24,2025,6
1,92,True,75,275333,stutter house,520FALYwo6yPbp5kBchA8N,2025-06-06,1,single,2.73,2025,6
10,67,False,74,1364231,,2ffVa2UhHUDwMHnr685zJ4,2025-06-06,12,album,3.87,2025,6
1,83,False,88,122802777,soft pop,1ZrWlhMUoyMKsoQ1tvRR2t,2025-06-05,1,single,2.98,2025,6
1,86,True,91,26516295,pop,3wRHV5fOeUcM5hvYzWZsic,2025-06-05,1,single,3.56,2025,6
1,39,True,37,103691,,27WiI0B28n9vfCy17GOILV,2025-06-01,1,single,1.9,2025,6
1,86,False,88,1524283,pop soul,74sFrKGdI7ZBBVKrT9jtdV,2025-05-30,1,single,3.48,2025,5
4,42,False,50,25025,dark r&b,5GYm9Ud8aGdBB86V5PDU1g,2025-05-30,8,album,2.34,2025,5
1,69,False,73,3204129,,2VjTqSwV1IY3a4kFdurCVv,2025-05-30,3,single,4.11,2025,5
1,90,False,88,9256589,pop,5aWEjuULckx3nnpAM9w6gY,2025-05-30,1,single,2.37,2025,5
6,68,False,81,26561582,"country pop, rock, hip hop, experimental",7h7smPzBYx8LOLI3ncM3vQ,2025-05-30,13,album,3.11,2025,5
3,66,False,81,26564677,"country pop, rock, hip hop, experimental",7h7smPzBYx8LOLI3ncM3vQ,2025-05-30,13,album,4.17,2025,5
1,72,False,74,1364231,,3SbgH2k3eJ6dPqAhbTBFzm,2025-05-30,1,single,3.05,2025,5
1,39,False,34,727,,0GVWiwfXfDnpBE8959xtpy,2025-05-30,2,single,2.88,2025,5
1,63,False,59,92183,,1TO1Ccdu03e0E3vGWHLZnc,2025-05-30,1,single,3.59,2025,5
1,36,False,80,10539134,,1QSIGmlbg2zqpGbWXJNJeW,2025-05-29,2,single,3.0,2025,5
1,27,False,41,2489,hypertechno,2FKcl18dz97JzzXyktVynO,2025-05-29,1,single,2.2,2025,5
1,58,False,60,1214137,"acid techno, techno, hard techno, tekno",6pSk6j1v5FrWh74Rygv367,2025-05-29,2,single,6.11,2025,5
1,55,False,45,27568,,1sYloCL8V9CyYMLh9znPOq,2025-05-29,1,single,2.55,2025,5
8,21,True,6,141,highlife,43B3WS03DdXM6zd4r62Ayv,2025-05-24,13,album,2.52,2025,5
6,35,False,40,507,,2GEg05aEySgUWtDoGtUYso,2025-05-23,11,album,2.22,2025,5
1,67,False,62,47263,tropical house,2QgrBSLmCtCyue5UIsfdjs,2025-05-23,1,single,2.06,2025,5
1,53,False,78,5642925,,2zCyRKoQozz3iTdTi3o8mi,2025-05-23,1,single,2.93,2025,5
1,37,False,24,818,,2CzAp2NfuQvX8eUr5dOOrm,2025-05-23,3,single,2.48,2025,5
3,36,False,40,502,,2GEg05aEySgUWtDoGtUYso,2025-05-23,11,album,2.52,2025,5
1,48,False,40,507,,2GEg05aEySgUWtDoGtUYso,2025-05-23,11,album,2.64,2025,5
1,73,False,59,45843,house,2VezYvaKWplhVgqRq1mEKD,2025-05-23,1,single,2.92,2025,5
1,69,False,73,1538992,country,7AM3OzfWrmxHJ5xkWSEEre,2025-05-23,1,single,3.76,2025,5
1,79,False,84,2896488,,2KoAn4MyptQWG1qBx7mu01,2025-05-22,1,single,3.03,2025,5
1,44,False,40,4549,,1E0QjiMao6MMzZnExxv5NP,2025-05-20,1,single,3.0,2025,5
1,23,True,8,34,,2dEVgGRYz4fkmP5ljphDQv,2025-05-19,1,single,3.02,2025,5
2,34,False,30,2957,,5bqJQbUVqYqkuRHDviSHM6,2025-05-17,3,single,1.31,2025,5
1,21,False,6,46,,1yuv4AKRDzpfm7u8reaJTw,2025-05-16,1,single,3.75,2025,5
1,88,False,80,9703374,k-pop,3DmDoHxAeEiDFNWrHSKAdQ,2025-05-16,7,album,3.01,2025,5
2,54,False,88,13999205,country,1o844O5I0qVpZKiePtIGcF,2025-05-16,37,album,3.41,2025,5
11,49,False,88,14005617,country,1o844O5I0qVpZKiePtIGcF,2025-05-16,37,album,2.68,2025,5
1,41,False,37,2184,,7iDrkjplAcK6YRUDMfz7Pe,2025-05-16,3,single,2.08,2025,5
1,40,False,64,2174956,,3WMLMW2wBbLZvj0537g7ou,2025-05-16,1,single,2.18,2025,5
1,65,False,66,115232,electro house,0zCqTL9pofyiYRf1t3bKAf,2025-05-16,1,single,2.75,2025,5
1,78,True,77,1462626,,2pIQ2uWPJUvfnmM917UC1I,2025-05-16,1,single,3.48,2025,5
4,86,False,88,14005617,country,5IZ8sY5FjtL9hloXpv0XbD,2025-05-16,37,album,3.07,2025,5
1,71,False,61,1143926,"country, acoustic country",5gXncoYdko6hXM08RQKgsB,2025-05-15,1,single,3.92,2025,5
2,38,False,26,7366,,0F9XOBGz6uNi4JMncEWcMB,2025-05-15,10,compilation,3.66,2025,5
1,52,False,42,483,,55QU6AlQqW1PbO5ajYRzAY,2025-05-14,1,single,2.35,2025,5
1,49,True,49,8802,dark r&b,50LAeUbCPWKhXbaepjm6iI,2025-05-09,3,single,2.51,2025,5
1,81,False,78,4759233,bedroom pop,3o81FH5FTYVtoBQOZr3T7y,2025-05-09,9,album,2.49,2025,5
1,39,False,26,4188,,21yRdgoqjdEpnHiUU6NnoF,2025-05-09,1,single,3.05,2025,5
1,38,True,24,671,,44Pwg3pW5pASdJ2hlOB7GM,2025-05-09,1,single,3.03,2025,5
1,63,True,73,576895,indie,7eZ8bFDtTIymJEdRCEIyro,2025-05-09,1,single,2.93,2025,5
1,61,False,76,12004691,,4qiHuolMaUIhdu27VJpntV,2025-05-09,1,single,2.77,2025,5
6,12,False,2,33,drumstep,0MwKm5AJjoEkaqp0YpGHbx,2025-05-07,11,album,3.3,2025,5
1,12,False,8,10,,69VPrU1gGB8Y4ZxJvCqQyw,2025-05-07,18,album,2.3,2025,5
1,73,True,85,14958573,,68SBxb7HlBIt6gIcKsS5A7,2025-05-06,1,single,3.75,2025,5
1,70,False,85,45764832,pop,0JfWflwFS8yOSELbH7bDbQ,2025-05-02,1,single,2.72,2025,5
7,63,True,73,2398201,,6pvCEOgB3oLiDiAhKs0vA6,2025-05-02,18,album,2.98,2025,5
8,87,True,89,19797218,"corrido, corridos tumbados, corridos bélicos, música mexicana, sierreño, banda, electro corridos, sad sierreño",1JpJzuM4uncCfCimVozkmy,2025-05-02,12,album,2.96,2025,5
1,72,False,73,1180085,alternative r&b,02DSnnPzc0do4lZmfJjeeg,2025-05-02,1,single,3.42,2025,5
9,87,True,89,19735177,"corrido, corridos tumbados, corridos bélicos, música mexicana, sierreño, banda, electro corridos, sad sierreño",1JpJzuM4uncCfCimVozkmy,2025-05-02,12,album,3.06,2025,5
1,5,False,2,0,,0Z1dcys96B3pO7ytjkyCnL,2025-05-01,1,single,3.01,2025,5
1,83,False,85,7465428,,157Gano57F4G2EAWL5NKP8,2025-04-30,1,single,3.48,2025,4
1,88,True,82,5242034,k-pop,25oD4E4cwmG7SCQIoF3ez5,2025-04-30,1,single,2.28,2025,4
1,24,True,8,155,,08y7Du1VLrjZjb9YNCdiTe,2025-04-30,1,single,3.13,2025,4
1,46,True,56,130326,"phonk, drift phonk",1udc0nqMPqzpqCckHBSiDI,2025-04-29,1,single,1.99,2025,4
1,28,False,63,394210,soundtrack,00bdpvTx7UbMhZnwtp0Kyk,2025-04-28,1,single,2.24,2025,4
1,53,True,59,130194,dark r&b,0tX79QJ6PISqbw218Wa8UM,2025-04-25,3,single,2.73,2025,4
1,44,False,58,146944,slap house,4bwMVwfRI1TEmPDFtASUzk,2025-04-25,1,single,2.75,2025,4
1,46,False,28,309,,0aUxkXajeNLSeznJbrPRf2,2025-04-25,1,single,3.85,2025,4
1,86,False,75,1643950,,58vZavXqh1P5uoTXteudWl,2025-04-25,12,album,3.53,2025,4
1,41,False,37,2091,,2GVrMmD4ivKj3zPJPb0HrS,2025-04-25,2,single,2.75,2025,4
11,30,False,79,4684957,,00xSzSrckgOgVAqZUIcrxf,2025-04-25,15,album,2.63,2025,4
1,47,False,55,68465,dark r&b,4Bm3YgzhyFdB168Qs90q9O,2025-04-24,3,single,3.46,2025,4
1,41,False,80,10539134,,4lvgj3m6vTtpRYdVNEqu2o,2025-04-24,1,single,3.48,2025,4
1,56,False,75,1448613,,5Rqj746qniBVcnLT4QglB5,2025-04-24,1,single,3.29,2025,4
1,82,False,83,7045466,,7y5UZkCSxTUo47pxeTWbXK,2025-04-24,1,single,2.76,2025,4
1,44,False,71,2462227,,54XHsP7QjQy7MPPGdq5Npt,2025-04-22,2,single,2.89,2025,4
1,19,True,5,58,,5NNsNw2HRa4oxXfuV5LAqH,2025-04-19,1,single,2.58,2025,4
1,50,False,55,557085,,6eQcK3pwuno4GzjNqgNBL2,2025-04-18,3,single,3.37,2025,4
1,49,True,49,8741,dark r&b,0WdcDps5cgjaqknZpx2z5H,2025-04-18,3,single,2.52,2025,4
1,57,True,70,6640767,reggaeton mexa,6IdEHZU1avInt4NeuACdRt,2025-04-18,1,single,3.1,2025,4
1,52,False,71,2571784,,012dJutTI1nox9KAK5ER31,2025-04-18,14,album,2.98,2025,4
1,47,False,53,19064,dark r&b,0AHdLIkcFtlpeDEBC8qO8U,2025-04-18,3,single,2.74,2025,4
1,36,False,66,342955,,1QSF8j2H6oZLyKC0TlVAyK,2025-04-18,1,single,2.46,2025,4
2,48,False,64,425177,soundtrack,6PQXsiHd4AjrAqhWLd5HyT,2025-04-18,19,album,3.47,2025,4
1,55,False,59,72278,dark r&b,4cx4IGDkk5DTT6jyOGvlkc,2025-04-18,3,single,2.98,2025,4
1,31,False,13,17,,6l0x9Kqr2O6wSIfVZKACso,2025-04-18,1,single,3.13,2025,4
1,65,False,74,1364231,,7f72kJL3HyP6q6wW7Zvayn,2025-04-18,1,single,4.0,2025,4
1,36,False,18,91,,0YaneISeKoum0NyJIxQBz1,2025-04-18,1,single,2.85,2025,4
1,55,False,71,4968982,"industrial metal, industrial rock, industrial, metal, nu metal",0Z4E3iA6Z8V5LitVUXTKz4,2025-04-18,2,single,5.02,2025,4
3,4,False,2,0,,7GAbl942rK7xZ0rTkYz6EI,2025-04-16,6,single,3.42,2025,4
1,74,False,76,1626341,,38Vd2K3RytxtNWLE5aU2VR,2025-04-11,2,single,2.45,2025,4
1,36,True,35,11989,,1WmSgkrYCtEmO8k6rVaNXJ,2025-04-11,1,single,2.35,2025,4
1,38,False,41,30239,dark r&b,6ClZsXgo6T1wbnZifhvsTZ,2025-04-11,2,single,1.85,2025,4
1,70,False,53,33160,uk garage,7cXPqivcSwwoWsx29zT6lq,2025-04-11,1,single,2.65,2025,4
1,44,False,52,21748,dark r&b,7qCSVAvElP93iUQvDI08aG,2025-04-11,3,single,2.1,2025,4
1,67,False,70,1300663,"worship, christian, ccm",19rQaj9WUt61x4kiFOGRlc,2025-04-11,6,single,3.53,2025,4
1,12,False,8,10,,2BPKQAnePwDDB7vWjmEjey,2025-04-10,1,single,2.93,2025,4
1,14,True,3,24,,7nTjBuKy8KYGGlOilpCJAV,2025-04-10,1,single,3.34,2025,4
1,56,False,61,26095,,79Ht9PvRwOOPPEKvo15uc4,2025-04-10,1,single,2.24,2025,4
1,15,False,8,10,,0N7kRUxb6BNGTErfc0rSWA,2025-04-09,1,single,4.0,2025,4
3,11,False,8,10,,2OHjrpn9V6GgIzlB8QYTMd,2025-04-08,3,single,2.61,2025,4
1,5,False,2,0,,5pEUssqHk7lC18csQLOoSt,2025-04-07,1,single,4.0,2025,4
1,12,False,8,10,,4NqcKHRnaDyOima163XrXn,2025-04-07,1,single,1.97,2025,4
1,0,False,1,0,,6kogtYJA3XQtHP3VDsbbsd,2025-04-06,1,single,3.3,2025,4
1,0,False,8,10,,0DhXbeHOHt4uTMxwBUJLYY,2025-04-05,1,single,2.5,2025,4
1,57,False,55,3650,afro house,1I2mvRHxNIPa5HeHaVjtWn,2025-04-04,1,single,3.76,2025,4
1,84,False,88,122773292,soft pop,37HwcDtLqY2WXN7NArODvI,2025-04-04,1,single,2.7,2025,4
1,46,False,32,2505,,2DXV2zZ4nmT5x5XIddeTbp,2025-04-03,1,single,2.15,2025,4
1,0,False,8,10,,2JNkjLVdos9xc5ZzkaVm6Y,2025-04-01,1,single,2.71,2025,4
17,50,False,90,107401919,pop,6kXXIMyzRgQeai4A0DsXOn,2025-03-28,19,album,3.41,2025,3
5,63,False,90,107401919,pop,6cbwstHlsAIIWurIIXXBPd,2025-03-28,19,album,3.5,2025,3
1,70,False,71,1615711,"country, pop country",2dbV2Hkxmm5CiUu7a5tBjI,2025-03-28,1,single,2.88,2025,3
1,18,False,11,325,,2iGHeA60F6JdpC11mRaOKY,2025-03-28,1,single,3.64,2025,3
14,48,False,90,107374593,pop,6kXXIMyzRgQeai4A0DsXOn,2025-03-28,19,album,2.68,2025,3
15,73,False,90,107389514,pop,6cbwstHlsAIIWurIIXXBPd,2025-03-28,19,album,3.3,2025,3
16,48,False,90,107374593,pop,6kXXIMyzRgQeai4A0DsXOn,2025-03-28,19,album,3.36,2025,3
15,72,False,90,107374593,pop,2xqTa2dCR54yYHEcttiXyD,2025-03-27,38,album,3.3,2025,3
1,49,True,48,8682,dark r&b,4hSG7fjh0yD03WZnCyEcmP,2025-03-25,3,single,2.28,2025,3
1,42,False,35,729,,7fzjm1o0TCHSe1gYQdPy61,2025-03-21,1,single,3.52,2025,3
1,22,False,19,9683,,4SH3mhj3YJ8C5LlGTE8Vx5,2025-03-21,1,single,2.49,2025,3
2,53,False,81,53263844,,5v7xYJyke25Nmt3l2R7YkR,2025-03-21,14,album,3.16,2025,3
1,85,False,85,2789144,,19m6pwPmwNFSPV7wtHtg7D,2025-03-21,1,single,3.03,2025,3
1,62,False,46,64215,,7vNohIwSF7o3wBNtvfmHZp,2025-03-20,5,single,1.69,2025,3
1,45,False,40,2158,,7AI6sCjsjFfeEqso7XI43p,2025-03-20,1,single,4.07,2025,3
1,47,False,43,769,,5j1z6YTPaaDPFjeXqxNDjr,2025-03-20,1,single,2.57,2025,3
1,5,True,2,0,,2FIUqj5rLDnX3fsEp8DORP,2025-03-20,1,single,3.35,2025,3
1,73,True,74,1378074,,4Uh9XOh5hmX0Cw7JREc0AU,2025-03-19,2,single,2.29,2025,3
1,42,True,31,10130,,30iCsi0MXESqsBDdN17aEB,2025-03-18,1,single,2.76,2025,3
11,79,True,86,15026799,rage rap,0fSfkmx0tdPqFYkJuNX74a,2025-03-14,30,album,2.25,2025,3
20,74,True,76,3228538,,5yPu6XkHu8DAGmV6YkXYZq,2025-03-14,20,album,4.15,2025,3
1,35,False,72,190171,hypertechno,40O6jxEr7BR4qpMsqovjNx,2025-03-14,1,single,1.97,2025,3
21,45,False,52,78423,,3hao2Dudf5oo6RGVkrLJ44,2025-03-14,21,album,2.98,2025,3
1,73,False,82,7305071,,7GicDmV1udDFss8K0QY1v1,2025-03-13,1,single,3.37,2025,3
1,50,False,47,4569,,6Qy1Q41l0q0ntwr0ItIs00,2025-03-13,1,single,2.6,2025,3
3,52,False,57,22061,,4xiUGP8HeAvGbdB5N74kUQ,2025-03-11,4,single,3.87,2025,3
4,75,True,81,12320084,k-pop,1vWMw6pu3err6qqZzI3RhH,2025-03-07,15,album,3.07,2025,3
1,61,False,81,12337033,k-pop,1vWMw6pu3err6qqZzI3RhH,2025-03-07,15,album,1.63,2025,3
1,20,False,30,6934,emo rap,7lhxzCcVlMqGnJUOZX1ZkV,2025-03-07,1,single,2.9,2025,3
10,68,True,81,12320084,k-pop,1vWMw6pu3err6qqZzI3RhH,2025-03-07,15,album,3.84,2025,3
14,86,False,89,42275793,"art pop, pop",2MHUaRi9OCyTN02SoyRRBJ,2025-03-07,14,album,4.19,2025,3
6,77,True,81,12320084,k-pop,1vWMw6pu3err6qqZzI3RhH,2025-03-07,15,album,2.79,2025,3
11,63,True,81,12320084,k-pop,1vWMw6pu3err6qqZzI3RhH,2025-03-07,15,album,2.54,2025,3
12,65,True,81,12320084,k-pop,1vWMw6pu3err6qqZzI3RhH,2025-03-07,15,album,2.52,2025,3
3,74,False,88,42256604,"art pop, pop",2MHUaRi9OCyTN02SoyRRBJ,2025-03-07,14,album,3.99,2025,3
13,71,False,81,12337033,k-pop,1vWMw6pu3err6qqZzI3RhH,2025-03-07,15,album,2.73,2025,3
14,66,True,81,12328041,k-pop,1vWMw6pu3err6qqZzI3RhH,2025-03-07,15,album,2.8,2025,3
3,68,True,81,12328041,k-pop,1vWMw6pu3err6qqZzI3RhH,2025-03-07,15,album,2.75,2025,3
15,62,False,81,12320084,k-pop,1vWMw6pu3err6qqZzI3RhH,2025-03-07,15,album,3.48,2025,3
2,87,True,81,12320084,k-pop,1vWMw6pu3err6qqZzI3RhH,2025-03-07,15,album,2.05,2025,3
8,72,True,81,12337033,k-pop,1vWMw6pu3err6qqZzI3RhH,2025-03-07,15,album,3.0,2025,3
7,79,True,81,12328041,k-pop,1vWMw6pu3err6qqZzI3RhH,2025-03-07,15,album,2.27,2025,3
5,73,True,81,12337033,k-pop,1vWMw6pu3err6qqZzI3RhH,2025-03-07,15,album,2.73,2025,3
9,70,True,81,12337033,k-pop,1vWMw6pu3err6qqZzI3RhH,2025-03-07,15,album,3.35,2025,3
2,81,False,88,42237551,"art pop, pop",2MHUaRi9OCyTN02SoyRRBJ,2025-03-07,14,album,3.72,2025,3
1,65,True,66,876436,"malayalam hip hop, desi hip hop",444Yv0TGl5HeJA0Dg4YdFz,2025-03-06,1,single,2.89,2025,3
2,31,False,23,55684,melodic bass,2wDwjq5rYj3dtC33u8qFI8,2025-03-06,10,album,3.02,2025,3
8,48,False,49,2083,,3cdL02bWDiOWlAsoJ84ygV,2025-03-05,8,album,2.51,2025,3
7,55,False,49,2100,,3cdL02bWDiOWlAsoJ84ygV,2025-03-05,8,album,2.58,2025,3
6,52,False,49,1874,,0DeP851WJ3Og8I49JYw6YZ,2025-03-05,7,single,2.87,2025,3
1,79,True,76,3227707,,706mYHElAsR2MfcehZt2PA,2025-03-05,2,single,4.15,2025,3
2,59,False,49,2083,,3cdL02bWDiOWlAsoJ84ygV,2025-03-05,8,album,2.52,2025,3
1,53,False,49,2083,,3cdL02bWDiOWlAsoJ84ygV,2025-03-05,8,album,2.49,2025,3
2,53,False,49,1866,,0DeP851WJ3Og8I49JYw6YZ,2025-03-05,7,single,2.59,2025,3
3,57,False,48,1921,,6jJEhSUKlIu07ZdpRTrmEC,2025-03-05,8,single,2.33,2025,3
1,54,False,49,1874,,0DeP851WJ3Og8I49JYw6YZ,2025-03-05,7,single,2.25,2025,3
4,50,False,49,1855,,0DeP851WJ3Og8I49JYw6YZ,2025-03-05,7,single,2.97,2025,3
8,52,False,48,1950,,6jJEhSUKlIu07ZdpRTrmEC,2025-03-05,8,single,2.13,2025,3
5,54,False,49,1874,,0DeP851WJ3Og8I49JYw6YZ,2025-03-05,7,single,4.73,2025,3
7,51,False,49,1874,,0DeP851WJ3Og8I49JYw6YZ,2025-03-05,7,single,2.46,2025,3
3,55,False,49,1866,,0DeP851WJ3Og8I49JYw6YZ,2025-03-05,7,single,4.51,2025,3
2,48,True,56,1078897,,0KLWUjARA0kqAtVN83d8I8,2025-02-28,12,album,2.39,2025,2
1,54,False,45,27568,,5HhqEBDt6bJ1EPEGhZseG3,2025-02-26,1,single,2.61,2025,2
9,65,True,88,9249502,pop,6KaEpgeZQF6ZVVAmSoZUrb,2025-02-24,16,album,3.03,2025,2
12,64,True,88,9241516,pop,6KaEpgeZQF6ZVVAmSoZUrb,2025-02-24,16,album,2.93,2025,2
1,68,True,88,9249502,pop,6KaEpgeZQF6ZVVAmSoZUrb,2025-02-24,16,album,2.31,2025,2
11,64,False,88,9241516,pop,6KaEpgeZQF6ZVVAmSoZUrb,2025-02-24,16,album,2.83,2025,2
16,63,True,88,9241516,pop,6KaEpgeZQF6ZVVAmSoZUrb,2025-02-24,16,album,3.05,2025,2
14,65,True,88,9256589,pop,6KaEpgeZQF6ZVVAmSoZUrb,2025-02-24,16,album,3.04,2025,2
3,68,True,88,9256589,pop,6KaEpgeZQF6ZVVAmSoZUrb,2025-02-24,16,album,2.7,2025,2
13,64,True,88,9249502,pop,6KaEpgeZQF6ZVVAmSoZUrb,2025-02-24,16,album,2.75,2025,2
8,65,True,88,9249502,pop,6KaEpgeZQF6ZVVAmSoZUrb,2025-02-24,16,album,2.6,2025,2
10,65,True,88,9241516,pop,6KaEpgeZQF6ZVVAmSoZUrb,2025-02-24,16,album,2.61,2025,2
4,68,False,88,9265406,pop,6KaEpgeZQF6ZVVAmSoZUrb,2025-02-24,16,album,2.85,2025,2
5,67,False,88,9249502,pop,6KaEpgeZQF6ZVVAmSoZUrb,2025-02-24,16,album,3.18,2025,2
2,68,True,88,9256589,pop,6KaEpgeZQF6ZVVAmSoZUrb,2025-02-24,16,album,3.0,2025,2
7,65,True,88,9241516,pop,6KaEpgeZQF6ZVVAmSoZUrb,2025-02-24,16,album,2.89,2025,2
15,76,False,88,9256589,pop,6KaEpgeZQF6ZVVAmSoZUrb,2025-02-24,16,album,3.06,2025,2
6,69,False,88,9256589,pop,6KaEpgeZQF6ZVVAmSoZUrb,2025-02-24,16,album,2.75,2025,2
6,67,False,88,9249502,pop,3w32SV56JvtJXsrYtThwzP,2025-02-21,15,album,3.18,2025,2
1,35,False,39,1586,,5IQQ4yHKWmgXOFUGYdGJol,2025-02-21,1,single,2.62,2025,2
3,85,True,88,9241516,pop,3w32SV56JvtJXsrYtThwzP,2025-02-21,15,album,3.0,2025,2
1,85,True,73,197500,alté,7jhHpyhKorvt65mYvuhlBs,2025-02-21,1,single,2.97,2025,2
7,66,False,88,9256589,pop,3w32SV56JvtJXsrYtThwzP,2025-02-21,15,album,2.75,2025,2
10,66,True,88,9249502,pop,3w32SV56JvtJXsrYtThwzP,2025-02-21,15,album,3.03,2025,2
1,76,True,88,9249502,pop,3w32SV56JvtJXsrYtThwzP,2025-02-21,15,album,2.31,2025,2
12,61,False,88,9256589,pop,3w32SV56JvtJXsrYtThwzP,2025-02-21,15,album,2.83,2025,2
5,68,False,88,9241516,pop,3w32SV56JvtJXsrYtThwzP,2025-02-21,15,album,2.85,2025,2
14,66,True,88,9241516,pop,3w32SV56JvtJXsrYtThwzP,2025-02-21,15,album,2.75,2025,2
1,59,False,65,587206,"country, pop country",5FzT4YTYR95DHUhUkKWjvb,2025-02-21,1,single,3.06,2025,2
9,73,True,88,9249502,pop,3w32SV56JvtJXsrYtThwzP,2025-02-21,15,album,2.6,2025,2
1,48,False,38,963,,6tKwtmKglsRBdQjAKLxptH,2025-02-21,1,single,3.31,2025,2
6,86,False,88,9256589,pop,07V9HO6Djetw5j5lXPylLd,2025-02-20,16,album,2.75,2025,2
1,89,True,73,812534,,4Xdo78uvvt1P7rWRX8TOPt,2025-02-19,1,single,2.5,2025,2
1,40,False,27,200,,3cbm4cH2LNvrmnuxgUbPNq,2025-02-14,9,compilation,3.16,2025,2
1,23,False,16,9639,trance,59xlbH0ef3i1gRKOHEJevT,2025-02-14,1,single,3.71,2025,2
16,82,True,91,26559943,pop,3WzBIQmn2hrulLeTY9smkk,2025-02-14,17,album,3.11,2025,2
14,85,True,95,103039388,rap,6Rl6YoCarF2GHPSQmmFjuR,2025-02-14,21,album,4.01,2025,2
1,80,False,63,340502,,30h62oCDd1lhOsJibIFieh,2025-02-13,1,single,4.14,2025,2
1,0,False,10,355,,5sONJDT1XjwRxtPgfYK0yO,2025-02-10,1,single,2.12,2025,2
1,86,False,73,226566,,4gyYKUIAOEcP50RM1Sjzj6,2025-02-07,1,single,2.94,2025,2
1,90,False,84,2880337,,6xomx5ekO7qHDvDh57rZ5S,2025-02-07,1,single,3.11,2025,2
1,44,False,51,43179,,21YVhWfcopn3M48lJ11wtK,2025-02-07,1,single,3.26,2025,2
1,72,True,75,13273537,k-pop,5ADTbFCyP8cFAu59i4idiC,2025-02-06,1,single,3.85,2025,2
1,81,False,88,42256604,"art pop, pop",2I6LyArz82waG94e9V5B9d,2025-02-03,1,single,3.72,2025,2
6,71,False,93,112918137,"r&b pop, alternative r&b, hip hop, synthpop",3OxfaVgvTxUTy7276t7SPU,2025-01-31,22,album,3.86,2025,1
16,62,False,93,112918137,"r&b pop, alternative r&b, hip hop, synthpop",3OxfaVgvTxUTy7276t7SPU,2025-01-31,22,album,3.75,2025,1
15,67,False,93,112918137,"r&b pop, alternative r&b, hip hop, synthpop",3OxfaVgvTxUTy7276t7SPU,2025-01-31,22,album,4.22,2025,1
19,75,False,93,112918137,"r&b pop, alternative r&b, hip hop, synthpop",3OxfaVgvTxUTy7276t7SPU,2025-01-31,22,album,4.71,2025,1
13,90,True,93,112918137,"r&b pop, alternative r&b, hip hop, synthpop",3OxfaVgvTxUTy7276t7SPU,2025-01-31,22,album,4.26,2025,1
5,21,False,93,112957721,"r&b pop, alternative r&b, hip hop, synthpop",3OxfaVgvTxUTy7276t7SPU,2025-01-31,22,album,0.36,2025,1
1,70,False,93,112957721,"r&b pop, alternative r&b, hip hop, synthpop",3OxfaVgvTxUTy7276t7SPU,2025-01-31,22,album,5.14,2025,1
22,63,False,93,112918137,"r&b pop, alternative r&b, hip hop, synthpop",3OxfaVgvTxUTy7276t7SPU,2025-01-31,22,album,4.85,2025,1
3,18,True,94,112995439,"r&b pop, alternative r&b, hip hop, synthpop",3OxfaVgvTxUTy7276t7SPU,2025-01-31,22,album,0.2,2025,1
12,66,True,93,112918137,"r&b pop, alternative r&b, hip hop, synthpop",3OxfaVgvTxUTy7276t7SPU,2025-01-31,22,album,3.14,2025,1
21,66,False,93,112957721,"r&b pop, alternative r&b, hip hop, synthpop",3OxfaVgvTxUTy7276t7SPU,2025-01-31,22,album,4.95,2025,1
2,82,True,93,112918137,"r&b pop, alternative r&b, hip hop, synthpop",3OxfaVgvTxUTy7276t7SPU,2025-01-31,22,album,3.73,2025,1
18,64,False,93,112918137,"r&b pop, alternative r&b, hip hop, synthpop",3OxfaVgvTxUTy7276t7SPU,2025-01-31,22,album,3.14,2025,1
10,66,True,93,112918137,"r&b pop, alternative r&b, hip hop, synthpop",3OxfaVgvTxUTy7276t7SPU,2025-01-31,22,album,5.02,2025,1
17,62,False,93,112918137,"r&b pop, alternative r&b, hip hop, synthpop",3OxfaVgvTxUTy7276t7SPU,2025-01-31,22,album,3.6,2025,1
11,67,False,94,112995439,"r&b pop, alternative r&b, hip hop, synthpop",3OxfaVgvTxUTy7276t7SPU,2025-01-31,22,album,5.91,2025,1
20,62,False,93,112918137,"r&b pop, alternative r&b, hip hop, synthpop",3OxfaVgvTxUTy7276t7SPU,2025-01-31,22,album,3.86,2025,1
9,70,True,94,112995439,"r&b pop, alternative r&b, hip hop, synthpop",3OxfaVgvTxUTy7276t7SPU,2025-01-31,22,album,4.85,2025,1
4,84,True,93,112918137,"r&b pop, alternative r&b, hip hop, synthpop",3OxfaVgvTxUTy7276t7SPU,2025-01-31,22,album,5.02,2025,1
1,68,True,81,12328041,k-pop,3awd1TKrdd3emCecvza61j,2025-01-31,1,single,3.0,2025,1
14,71,True,93,112957721,"r&b pop, alternative r&b, hip hop, synthpop",3OxfaVgvTxUTy7276t7SPU,2025-01-31,22,album,4.62,2025,1
7,73,False,93,112918137,"r&b pop, alternative r&b, hip hop, synthpop",3OxfaVgvTxUTy7276t7SPU,2025-01-31,22,album,3.91,2025,1
8,64,False,94,112995439,"r&b pop, alternative r&b, hip hop, synthpop",3OxfaVgvTxUTy7276t7SPU,2025-01-31,22,album,1.6,2025,1
6,63,False,93,112918137,"r&b pop, alternative r&b, hip hop, synthpop",6iyZdOoujtOwiThdAUI8TM,2025-01-30,22,album,3.86,2025,1
1,51,True,59,130298,dark r&b,0N72oUsBU8zKbE5E8VMv2c,2025-01-29,3,single,2.68,2025,1
5,25,False,23,2055,,0re1D5BNq8QDj1D6fhimLI,2025-01-24,14,album,3.47,2025,1
1,54,True,73,1205664,,4RCqRkyKtCcOlBMaq12WFn,2025-01-24,3,single,3.99,2025,1
2,80,False,72,694838,,10hjsM00M8pghNdZRwOShY,2025-01-24,10,album,3.23,2025,1
9,54,False,64,1442113,"art pop, alternative r&b",3o1TOhMkU5FFMSJMDhXfdF,2025-01-24,11,album,4.72,2025,1
1,12,True,2,107,,3dHnLcOpXjNkKExvfUse4K,2025-01-24,2,single,2.73,2025,1
1,56,False,61,288264,,5OmgLcynomYwAYCDK7wa4Q,2025-01-24,1,single,3.1,2025,1
1,79,False,88,9241516,pop,1fOTqAU8mRMHlmOaHMqsge,2025-01-24,3,single,2.75,2025,1
1,40,False,47,74067,,3F1Rx20aGuLDJnTH2BdlrQ,2025-01-24,1,single,2.7,2025,1
1,49,False,51,2385,deep house,6HCf8VQiSld9mJikRnEdif,2025-01-23,1,single,2.07,2025,1
1,54,False,53,19010,dark r&b,0X5BGmbOoA14t7v0BGdnDc,2025-01-17,3,single,2.68,2025,1
1,51,False,78,41271918,,7xBAA2rjqdxZtJbi8FfdAn,2025-01-17,2,single,2.96,2025,1
1,37,False,61,847354,"big room, edm",1gJLdjFptxsVUHp6PuCZoC,2025-01-17,1,single,2.58,2025,1
1,12,False,3,92,,7kiCCDCJE0gGZCN3ysZ4yf,2025-01-17,1,single,4.73,2025,1
1,44,True,48,193266,,1r116EuyPgjMXZ5llcG6Bo,2025-01-17,21,album,3.03,2025,1
1,47,False,52,78478,,0RapZmQPdoPuqODNb03SaX,2025-01-17,1,single,2.85,2025,1
1,54,False,55,68465,dark r&b,21nvcaSSWN5jn9wq6RgxIL,2025-01-16,1,single,3.78,2025,1
5,35,False,61,6374933,"mahraganat, egyptian pop, egyptian shaabi, khaleeji",6udoWtucgo5nrmcLhRrFNR,2025-01-15,9,album,3.59,2025,1
2,41,False,61,6371210,"mahraganat, egyptian pop, egyptian shaabi, khaleeji",6udoWtucgo5nrmcLhRrFNR,2025-01-15,9,album,3.78,2025,1
8,45,False,61,6371210,"mahraganat, egyptian pop, egyptian shaabi, khaleeji",6udoWtucgo5nrmcLhRrFNR,2025-01-15,9,album,3.7,2025,1
4,41,False,61,6371210,"mahraganat, egyptian pop, egyptian shaabi, khaleeji",6udoWtucgo5nrmcLhRrFNR,2025-01-15,9,album,4.68,2025,1
9,40,False,61,6382603,"mahraganat, egyptian pop, egyptian shaabi, khaleeji",6udoWtucgo5nrmcLhRrFNR,2025-01-15,9,album,4.14,2025,1
3,56,False,61,6371210,"mahraganat, egyptian pop, egyptian shaabi, khaleeji",6udoWtucgo5nrmcLhRrFNR,2025-01-15,9,album,4.2,2025,1
1,36,True,28,1103,,7hqCLsh9uVICq59EmO1CJ7,2025-01-15,1,single,4.32,2025,1
1,48,False,61,6374933,"mahraganat, egyptian pop, egyptian shaabi, khaleeji",6udoWtucgo5nrmcLhRrFNR,2025-01-15,9,album,3.89,2025,1
7,36,False,61,6379004,"mahraganat, egyptian pop, egyptian shaabi, khaleeji",6udoWtucgo5nrmcLhRrFNR,2025-01-15,9,album,4.03,2025,1
6,42,False,61,6374933,"mahraganat, egyptian pop, egyptian shaabi, khaleeji",6udoWtucgo5nrmcLhRrFNR,2025-01-15,9,album,4.09,2025,1
1,23,False,7,60,,3wWG2CACWhW9Ljsvf6Mf9J,2025-01-11,1,single,2.47,2025,1
1,58,False,62,47263,tropical house,1eX6qB7kAQ9K7VygUe5CVW,2025-01-10,1,single,2.55,2025,1
1,40,False,34,1703,,1zQ8dPcbB7nowmaoFJVC8V,2025-01-10,2,single,2.44,2025,1
16,91,True,95,102500980,"reggaeton, trap latino, urbano latino, latin",5K79FLRUCSysQnVESLcTdb,2025-01-05,17,album,3.95,2025,1
15,88,True,95,102571645,"reggaeton, trap latino, urbano latino, latin",5K79FLRUCSysQnVESLcTdb,2025-01-05,17,album,3.41,2025,1
3,90,True,95,102536542,"reggaeton, trap latino, urbano latino, latin",5K79FLRUCSysQnVESLcTdb,2025-01-05,17,album,6.12,2025,1
1,89,False,95,102571645,"reggaeton, trap latino, urbano latino, latin",5K79FLRUCSysQnVESLcTdb,2025-01-05,17,album,3.06,2025,1
7,30,True,13,119,,2tHlA4uMvbrcWZ7CendyrL,2024-12-29,12,album,9.85,2024,12
1,24,True,8,2482,,6geWQ2eJzrLh575cZjuZ4i,2024-12-29,1,single,2.92,2024,12
1,52,True,82,15689879,"emo rap, cloud rap",3cT1UauYmRuXSvISJAcocn,2024-12-28,1,single,2.46,2024,12
1,92,False,85,2789144,,0QLILSOq1IqAqx62drmv4E,2024-12-27,1,single,3.31,2024,12
1,0,False,48,120148,slap house,2Hs0ICfieli2hAQpIoIO04,2024-12-27,1,single,2.71,2024,12
1,42,False,24,378,,2izQlFAxDfhHNjPapRIAm7,2024-12-25,1,single,2.28,2024,12
1,21,True,6,27,,537HuMLuz8S22UNRSVouHa,2024-12-25,1,single,3.33,2024,12
5,78,True,87,33055350,r&b,3VQkNrG74QPY4rHBPoyZYZ,2024-12-20,38,album,3.01,2024,12
1,3,False,58,146944,slap house,0Bgnu8iaIIuw2haTrUbJMY,2024-12-20,1,single,3.17,2024,12
18,71,False,56,149707,,21abnHIwhrjqFs4Yywsm9t,2024-12-20,23,album,3.62,2024,12
1,37,False,22,1009,slap house,6zlaziYcRoA98UvRkXjIaS,2024-12-20,1,single,3.06,2024,12
1,50,True,48,8682,dark r&b,27UTqkjEGsy0JcjmV5udDo,2024-12-19,3,single,2.58,2024,12
2,45,True,48,8682,dark r&b,27UTqkjEGsy0JcjmV5udDo,2024-12-19,3,single,2.3,2024,12
1,47,False,59,72278,dark r&b,7xB6lp8C8Wd5D4VTYYubKs,2024-12-18,3,single,2.6,2024,12
1,54,False,52,21748,dark r&b,1JOiaBVcySVw3HOcXogdew,2024-12-18,3,single,3.44,2024,12
5,78,True,69,456500,,04lPG1CAJHz9itLjPkiyuU,2024-12-13,10,album,3.54,2024,12
1,54,False,50,39852,"slap house, g-house",0p4SqUcPkSmWk2ceJs2BT2,2024-12-13,1,single,2.01,2024,12
1,33,False,41,11030,nightcore,4MfccbcsngCc4LSc5pmAno,2024-12-13,1,single,2.09,2024,12
1,13,False,50,32968,hypertechno,23bADpZDuvd1a8wTXnDeFR,2024-12-13,1,single,2.12,2024,12
1,33,False,40,9764,,1exUmzBCDp9VpRHLBwmNVT,2024-12-06,2,single,2.98,2024,12
6,83,False,78,13313690,k-pop,7kFyd5oyJdVX2pIi6P4iHE,2024-12-06,12,album,2.83,2024,12
1,25,False,17,1310,,2Ya8OcgtO0hVwvyCuZT7Ey,2024-12-06,1,single,1.99,2024,12
1,54,False,42,294,,3zG9wqidbdyxyqHhfhfDxk,2024-12-06,1,single,2.6,2024,12
1,26,True,9,73,,0V8Rhgswh6xhsMmMpX8ETD,2024-12-06,1,single,2.75,2024,12
4,79,False,78,13313690,k-pop,7kFyd5oyJdVX2pIi6P4iHE,2024-12-06,12,album,2.61,2024,12
1,32,False,20,218,,2vEMaK3NRNsGn8iUXmQPcP,2024-12-01,10,compilation,5.52,2024,12
1,16,False,58,175275,big room,4KhHKbf2EkoIFSYyRLwKNe,2024-11-29,1,single,2.1,2024,11
1,36,False,41,30239,dark r&b,5VB5OFyoKgJtNiRe88mcMI,2024-11-29,2,single,2.27,2024,11
1,37,False,41,8658,,04W2bHYzAWnqOY1gqPy7Vj,2024-11-29,1,single,2.84,2024,11
1,2,False,50,12471,,3HaooTagrWD0GsBipyELLA,2024-11-29,1,single,2.42,2024,11
2,69,False,53,212334,,7nHR6a47KVa7NHWVzKKvjl,2024-11-28,2,single,3.27,2024,11
2,47,False,55,2085415,"vietnamese hip hop, v-pop",4mtK6vfGuOzg9o5F4Gf0Rr,2024-11-25,6,single,4.15,2024,11
1,22,False,7,34,,4g77ee5w9A2mE2gd8pTQcH,2024-11-25,1,single,2.89,2024,11
47,48,False,76,771281,,0ftlnGZSqNO2rDDRG9zeUR,2024-11-24,49,album,3.36,2024,11
3,68,True,76,771980,,2x6LWti2bjYS6AllSomoV7,2024-11-23,22,album,3.73,2024,11
21,67,False,76,771980,,2x6LWti2bjYS6AllSomoV7,2024-11-23,22,album,2.68,2024,11
9,68,False,76,771688,,2x6LWti2bjYS6AllSomoV7,2024-11-23,22,album,2.03,2024,11
16,75,False,76,771688,,2x6LWti2bjYS6AllSomoV7,2024-11-23,22,album,2.46,2024,11
3,83,False,89,44606446,"hip hop, west coast hip hop",0hvT3yIEysuuvkK73vgdcW,2024-11-22,12,album,2.95,2024,11
11,74,False,66,522714,musicals,3JUrJP460nFIqwjxM19slT,2024-11-22,12,album,7.66,2024,11
2,80,True,89,44606446,"hip hop, west coast hip hop",0hvT3yIEysuuvkK73vgdcW,2024-11-22,12,album,2.63,2024,11
3,84,False,89,44592005,"hip hop, west coast hip hop",1Ss0ArMRr91m83mOgRBjSZ,2024-11-21,12,album,2.95,2024,11
1,9,False,60,38969,,2umhFc7iIdqWRmPGN4aGXC,2024-11-15,1,single,2.25,2024,11
1,71,False,85,2795852,,1D8iT4RFF0y4eF2nc6Nssx,2024-11-15,1,single,2.68,2024,11
6,58,True,68,1719445,,6h9oVEkQTYEL3aoVAnfpub,2024-11-15,15,album,3.19,2024,11
2,74,True,68,1719900,,6h9oVEkQTYEL3aoVAnfpub,2024-11-15,15,album,2.49,2024,11
1,9,True,51,34822,slap house,3Go81A7sGtoK6aPWDMmQW3,2024-11-15,1,single,2.06,2024,11
1,64,False,73,1204977,,2Qg1mJJObwIAJiFHTQvl9E,2024-11-15,1,single,5.19,2024,11
1,44,False,37,825,,3VlrRUFgh5fWWHZRIve46E,2024-11-15,1,single,2.98,2024,11
15,60,False,68,1719900,,6h9oVEkQTYEL3aoVAnfpub,2024-11-15,15,album,3.58,2024,11
1,48,False,37,794,,6GHHtTcj8oD373Sh07AqGJ,2024-11-14,1,single,2.7,2024,11
1,57,False,48,2631,"afro house, hypertechno",0SouGD9onEpsJcYnpu2V8M,2024-11-08,1,single,2.49,2024,11
1,44,False,48,10272,,3A0J60vjfj8cHcYaDhd0S6,2024-11-08,2,single,3.1,2024,11
1,75,False,74,1317349,,0BNzjDHvi3stIakYKnQoBY,2024-11-08,7,single,2.93,2024,11
2,54,False,72,715424,"slap house, italo dance",1ve6m4z8fGUPSvYGGmTqit,2024-11-08,2,single,3.36,2024,11
1,33,False,45,9382,hypertechno,25IKjA9Egs3PW4Sqe99o4s,2024-11-08,1,single,2.11,2024,11
1,3,False,50,12555,,7wueMTBUMSYeG10MKQVG0S,2024-11-07,1,single,2.41,2024,11
11,15,False,74,17579633,"bollywood, desi, hindi pop",79PzRAQKNStFmKx9t9IL0t,2024-11-05,50,compilation,4.95,2024,11
1,41,False,58,146944,slap house,3qxajxr4bbLsaAtSh79vlR,2024-11-01,1,single,2.08,2024,11
2,75,False,73,1943383,"texas country, country, red dirt",5CWUkGGArOj0vj7z1BogV0,2024-11-01,25,album,3.29,2024,11
1,12,True,93,112957721,"r&b pop, alternative r&b, hip hop, synthpop",44MHvpU3h9Wp6SxhsC9GOK,2024-10-31,1,single,5.02,2024,10
1,57,False,59,130194,dark r&b,4dMetBrdGUcrYnK7X5iNf4,2024-10-29,2,single,2.73,2024,10
1,20,False,8,2057,,4V5iEUMvyygADXzYDS49M1,2024-10-29,1,single,3.02,2024,10
1,76,True,86,24430255,,0U28P0QVB1QRxpqp5IHOlH,2024-10-28,14,album,3.28,2024,10
12,85,True,86,24420596,,0U28P0QVB1QRxpqp5IHOlH,2024-10-28,14,album,4.63,2024,10
1,58,False,61,46395,"funkot, lagu jawa",7qbKGpjqCQrtrTWjdzcb2J,2024-10-25,6,single,2.15,2024,10
1,60,False,74,1366758,,1beK8FLMznalelPYVW3ZeS,2024-10-25,2,single,2.71,2024,10
1,70,False,60,183597,,14ExSDXnBhbOIF54YF5vZf,2024-10-25,1,single,3.14,2024,10
1,40,False,41,11036,nightcore,3W5cbW5fz2DR8OEURYzLWa,2024-10-25,1,single,2.01,2024,10
1,70,False,89,42275793,"art pop, pop",52BWvTRMsPqjHzrbQomgwP,2024-10-25,1,single,3.83,2024,10
2,43,False,58,192735,,3B69Rwb21o9LqQnJB9dw5O,2024-10-18,33,album,2.63,2024,10
1,73,False,87,27141717,edm,5a450MS1eKGQQAsqgvsZ6J,2024-10-18,2,single,2.61,2024,10
5,54,True,58,192735,,3B69Rwb21o9LqQnJB9dw5O,2024-10-18,33,album,3.56,2024,10
13,66,False,72,968416,dark r&b,3IeLAtjruojjZFpYNCLTZM,2024-10-18,14,album,2.14,2024,10
1,88,False,78,13320396,k-pop,2IYQwwgxgOIn7t3iF6ufFD,2024-10-18,1,single,2.83,2024,10
9,65,False,72,968416,dark r&b,3IeLAtjruojjZFpYNCLTZM,2024-10-18,14,album,2.37,2024,10
4,64,True,58,192887,,3B69Rwb21o9LqQnJB9dw5O,2024-10-18,33,album,2.73,2024,10
15,89,True,82,7420507,,0hBRqPYPXhr1RkTDG3n4Mk,2024-10-18,20,album,2.77,2024,10
5,44,False,58,192887,,3B69Rwb21o9LqQnJB9dw5O,2024-10-18,33,album,3.16,2024,10
8,31,False,30,28410,,2W22BqYswNBlF3bzzmKDMU,2024-10-18,10,album,3.01,2024,10
6,38,False,29,28413,,2W22BqYswNBlF3bzzmKDMU,2024-10-18,10,album,4.03,2024,10
1,69,False,71,344824,country,4LP7dD3panB9oryXnMBqJW,2024-10-18,1,single,3.39,2024,10
4,61,True,58,192735,,3B69Rwb21o9LqQnJB9dw5O,2024-10-18,33,album,2.38,2024,10
1,47,False,58,192735,,3B69Rwb21o9LqQnJB9dw5O,2024-10-18,33,album,2.89,2024,10
2,18,True,20,4873,,2oUfli0yFhOsdHwJqt7fgZ,2024-10-18,7,album,2.63,2024,10
1,47,False,59,72278,dark r&b,7xDMH1zSuhqmySoqycpAqc,2024-10-18,2,single,2.09,2024,10
1,47,False,62,159294,italo dance,0NRKmZUelQc3JcEO3ll7E1,2024-10-18,1,single,1.98,2024,10
1,19,True,35,1329,,5uG5gX201C0OZQFfF8cQKd,2024-10-14,5,single,3.68,2024,10
16,80,False,82,6318755,"hyperpop, art pop",36P07bti6xD99o7S1acmin,2024-10-11,34,album,2.38,2024,10
1,30,False,29,378,hypertechno,07wjiPuH4GXhNevNBlGPux,2024-10-11,1,single,2.33,2024,10
10,78,False,82,6315216,"hyperpop, art pop",36P07bti6xD99o7S1acmin,2024-10-11,34,album,3.43,2024,10
1,1,False,47,9575,"afro house, slap house",4pshNAV27IMGRIWTlpKdNg,2024-10-11,1,single,1.95,2024,10
2,80,False,77,3505794,afrobeats,5QsVRNOKVMCeVAIUoOQJ13,2024-10-11,17,album,2.61,2024,10
1,32,False,34,1809,hypertechno,7H99H0BBlYWzq49RTMz9Zp,2024-10-11,1,single,2.1,2024,10
3,63,True,82,6318755,"hyperpop, art pop",36P07bti6xD99o7S1acmin,2024-10-11,34,album,2.56,2024,10
6,62,False,82,6315216,"hyperpop, art pop",36P07bti6xD99o7S1acmin,2024-10-11,34,album,2.62,2024,10
3,65,False,79,6099725,"country hip hop, country",2GW4VpFk9mbc6qYZ0zNuu3,2024-10-10,22,album,3.02,2024,10
20,27,False,48,11894,slap house,732qH6CYoKuZsyzEEO4RVP,2024-10-10,28,compilation,2.73,2024,10
1,73,True,81,12337033,k-pop,3e5tDT1kfaAGx10yOjIDgW,2024-10-10,1,single,2.27,2024,10
1,34,False,60,63155,"hypertechno, hard techno",28rvyMrJ4OiTnCYS1kvoyq,2024-10-10,1,single,2.73,2024,10
1,71,False,74,1378074,,1lUpGoaGcoPhS0uyzpw3mj,2024-10-09,1,single,2.1,2024,10
1,28,True,22,26987,,3kC4SEY8Pp64HEhOukYZHm,2024-10-04,1,single,3.88,2024,10
1,41,True,55,28232,slap house,0PHix1COIxWmhXjYhAvbJ5,2024-10-04,1,single,2.14,2024,10
2,41,False,66,182377,,1lhldyPC8lWWK7ZDEEt8Fk,2024-10-04,3,single,3.92,2024,10
1,71,False,75,13266900,k-pop,2F84s5tvr9RSS6VI772mVb,2024-10-03,1,single,2.59,2024,10
1,53,False,46,1185,,1L8EdGCrxHYjR403eAymy8,2024-10-03,1,single,2.54,2024,10
2,61,False,70,87184,,7qmIKmPBqw8vNYbTaAAJTb,2024-10-01,2,single,2.82,2024,10
6,26,False,18,1450,,6xiObBMSn8ssn1FnjYa7I0,2024-10-01,10,compilation,3.63,2024,10
1,52,False,76,11247155,"brazilian bass, electronic, slap house, electro house",1WKoDELzbFRR6UWNGh50LO,2024-09-27,2,single,2.43,2024,9
1,49,False,52,21748,dark r&b,6Z5hb0Ve4r6qVKGR1qegkI,2024-09-27,3,single,2.75,2024,9
5,59,False,72,2131649,,7BjL0ThFxMTESHJ0xxsg3v,2024-09-27,10,album,2.66,2024,9
1,31,False,41,11036,nightcore,6LFlAioRTBqTmzmd8hK1Ur,2024-09-27,1,single,1.73,2024,9
1,19,True,94,112995439,"r&b pop, alternative r&b, hip hop, synthpop",2IRxVVqbSbqHJo8Zx50LYn,2024-09-27,1,single,4.26,2024,9
1,46,False,52,78423,,1TAyyzj4O6sXf4VyYj5lHV,2024-09-27,1,single,2.52,2024,9
1,83,True,81,6968754,"corrido, corridos tumbados, corridos bélicos, electro corridos, dembow belico, sad sierreño, sierreño",60cQzWfmdg4hyDXrpW6kOA,2024-09-26,1,single,3.76,2024,9
1,91,False,84,2890457,,1eCGY9WJpYgtaFh1Lk2KNo,2024-09-26,11,album,3.11,2024,9
1,53,False,40,949,,6DOTloXqGnaE3fFBK0FO1P,2024-09-26,1,single,3.03,2024,9
1,70,False,74,1544658,,6bfpmfxEWqXsQHU9xc553O,2024-09-20,1,single,3.9,2024,9
12,23,False,43,301512,,4Kd7ghDh5uUwfUCldPS6eN,2024-09-20,12,album,4.58,2024,9
10,28,False,43,301496,,4Kd7ghDh5uUwfUCldPS6eN,2024-09-20,12,album,3.97,2024,9
5,39,False,43,301499,,4Kd7ghDh5uUwfUCldPS6eN,2024-09-20,12,album,3.86,2024,9
1,28,False,42,3070,slap house,1vsIz8NOVtG3NcdZ1N86BB,2024-09-20,1,single,2.12,2024,9
3,26,False,43,301499,,4Kd7ghDh5uUwfUCldPS6eN,2024-09-20,12,album,2.5,2024,9
1,33,False,66,277232,slap house,3x8klMCZWyPBSxMTsqaBSB,2024-09-20,1,single,2.08,2024,9
2,74,True,88,22675640,rap,4Zoxsc06EUHRf5GrJPJZ54,2024-09-20,17,album,2.31,2024,9
11,24,False,43,301499,,4Kd7ghDh5uUwfUCldPS6eN,2024-09-20,12,album,3.33,2024,9
9,26,True,43,301532,,4Kd7ghDh5uUwfUCldPS6eN,2024-09-20,12,album,2.89,2024,9
1,29,True,48,74002,,4BwZepAySHKCViuxrTEQ8w,2024-09-20,2,single,2.6,2024,9
6,56,True,82,15684530,"emo rap, cloud rap",7n4NXIQuDsb7C68oSBVF0M,2024-09-18,11,album,2.46,2024,9
3,62,True,82,15689879,"emo rap, cloud rap",7n4NXIQuDsb7C68oSBVF0M,2024-09-18,11,album,2.8,2024,9
1,63,True,82,15684530,"emo rap, cloud rap",7n4NXIQuDsb7C68oSBVF0M,2024-09-18,11,album,3.98,2024,9
2,67,True,82,15684530,"emo rap, cloud rap",7n4NXIQuDsb7C68oSBVF0M,2024-09-18,11,album,2.23,2024,9
9,60,True,82,15702014,"emo rap, cloud rap",7n4NXIQuDsb7C68oSBVF0M,2024-09-18,11,album,3.47,2024,9
4,55,True,82,15684530,"emo rap, cloud rap",7n4NXIQuDsb7C68oSBVF0M,2024-09-18,11,album,2.15,2024,9
5,63,True,82,15695162,"emo rap, cloud rap",7n4NXIQuDsb7C68oSBVF0M,2024-09-18,11,album,2.43,2024,9
3,5,False,64,423959,phonk,41TSLuyZytuO9F5pywcWBg,2024-09-16,8,album,1.82,2024,9
1,34,False,62,2101848,,7B4aT17IgD8dMcyEQWxQqk,2024-09-13,1,single,2.99,2024,9
1,41,False,34,1434,,50FUOFP4hGlDte9JYgvIWe,2024-09-13,1,single,3.0,2024,9
1,75,False,94,112995439,"r&b pop, alternative r&b, hip hop, synthpop",5XsZ5ZTcIHnZxjynaGxA0g,2024-09-13,1,single,3.66,2024,9
1,79,False,83,5670437,,2VxQFEEnhwiV5LpMuHKViR,2024-09-13,1,single,3.07,2024,9
18,65,True,68,1394134,,5PflJDKGFMTBj49PF4KlOX,2024-09-13,18,album,3.94,2024,9
1,67,False,66,704570,"texas country, red dirt, country",53HiQCmdwiT4e7SHX74XdM,2024-09-13,1,single,4.31,2024,9
1,65,False,61,26114,,6qmAyfyVZn5ctUnKEsVt2y,2024-09-12,1,single,2.74,2024,9
1,40,False,37,53720,,2DZ3MSNL2O5oKDeXNMVXqk,2024-09-12,2,single,3.61,2024,9
1,73,True,88,9256589,pop,5qfivA7g2aAhAIPnSb0csp,2024-09-12,1,single,2.6,2024,9
2,22,False,37,53676,,2DZ3MSNL2O5oKDeXNMVXqk,2024-09-12,2,single,3.82,2024,9
1,21,True,7,24,,6SvrR49mI0z9mmNhTK3BpC,2024-09-07,1,single,2.47,2024,9
1,25,True,9,127,,4RpKXx1mFi0lJX94t8LWbO,2024-09-06,1,single,3.24,2024,9
4,59,True,56,557610,,0BRlexMfgtY7v5ggJP6F4C,2024-09-06,6,single,3.43,2024,9
1,42,False,42,4170,hypertechno,7aO6EuLWDbtQSGp9fZjf2t,2024-09-06,1,single,2.08,2024,9
10,28,False,48,808436,,1nfalq2GeQblyDqn9wYzWx,2024-09-06,12,album,3.22,2024,9
1,54,False,46,82479,"darkwave, cold wave, ebm, post-punk, gothic rock",1D5U55NieurDqcNWkKIZ1I,2024-09-06,15,album,3.84,2024,9
1,71,False,75,1372158,country,5tecOHW8icfevqfej3QEhg,2024-09-06,1,single,3.64,2024,9
1,24,False,36,992,hypertechno,6Eq4GOU0zctTXC5ikQo8f8,2024-09-06,1,single,2.13,2024,9
1,77,True,88,31785695,"nu metal, rap metal, rock, alternative metal",6W0Gabv5f3ugnckc6YgfJQ,2024-09-05,1,single,3.17,2024,9
1,62,False,71,2614697,,1bnLKOSyzZOiY4Mrw7GCGZ,2024-09-05,1,single,1.92,2024,9
17,0,False,40,25945,"medieval, celtic",3cqo675yMBm7CrhwIlXKET,2024-09-02,21,album,3.39,2024,9
1,46,False,47,4124,"stutter house, tropical house",69UoyuiN0eQtDABW05Pe9P,2024-09-01,1,single,2.56,2024,9
9,15,False,53,553964,"egyptian hip hop, arabic hip hop, egyptian pop, mahraganat",69XPm6tYJKIXL7dvdDCPXM,2024-08-30,9,album,4.04,2024,8
1,17,False,53,554064,"egyptian hip hop, arabic hip hop, egyptian pop, mahraganat",69XPm6tYJKIXL7dvdDCPXM,2024-08-30,9,album,3.84,2024,8
8,19,False,53,554173,"egyptian hip hop, arabic hip hop, egyptian pop, mahraganat",69XPm6tYJKIXL7dvdDCPXM,2024-08-30,9,album,4.12,2024,8
7,0,True,52,78478,,5zfNFxPR8MrFujNldyVBHO,2024-08-30,7,album,3.03,2024,8
7,21,False,53,553964,"egyptian hip hop, arabic hip hop, egyptian pop, mahraganat",69XPm6tYJKIXL7dvdDCPXM,2024-08-30,9,album,3.25,2024,8
8,60,False,66,785421,,6iotK7DPiIqhu707ysxYpH,2024-08-30,15,album,2.82,2024,8
3,47,False,53,554064,"egyptian hip hop, arabic hip hop, egyptian pop, mahraganat",69XPm6tYJKIXL7dvdDCPXM,2024-08-30,9,album,3.49,2024,8
1,26,False,41,11036,nightcore,2BdNE5dzdV1epA7QZGAqXK,2024-08-30,1,single,1.87,2024,8
4,21,False,53,554173,"egyptian hip hop, arabic hip hop, egyptian pop, mahraganat",69XPm6tYJKIXL7dvdDCPXM,2024-08-30,9,album,3.47,2024,8
6,24,False,53,553964,"egyptian hip hop, arabic hip hop, egyptian pop, mahraganat",69XPm6tYJKIXL7dvdDCPXM,2024-08-30,9,album,2.46,2024,8
2,17,False,53,554173,"egyptian hip hop, arabic hip hop, egyptian pop, mahraganat",69XPm6tYJKIXL7dvdDCPXM,2024-08-30,9,album,2.98,2024,8
5,17,False,53,553964,"egyptian hip hop, arabic hip hop, egyptian pop, mahraganat",69XPm6tYJKIXL7dvdDCPXM,2024-08-30,9,album,2.82,2024,8
1,43,False,66,785952,,6iotK7DPiIqhu707ysxYpH,2024-08-30,15,album,2.94,2024,8
1,31,False,32,637,,3r8SmYRi5km0itDRejBbQc,2024-08-29,1,single,3.14,2024,8
1,34,False,37,5993,,50Mq2vkv4AvtKC6Di2vQqb,2024-08-27,4,single,2.6,2024,8
11,67,True,91,26538275,pop,3iPSVi54hsacKKl1xIR2eH,2024-08-23,12,album,3.36,2024,8
1,69,False,91,26538275,pop,4B4Elma4nNDUyl6D5PvQkj,2024-08-23,12,album,2.62,2024,8
5,73,False,91,26538275,pop,3iPSVi54hsacKKl1xIR2eH,2024-08-23,12,album,2.73,2024,8
12,77,False,91,26559943,pop,3iPSVi54hsacKKl1xIR2eH,2024-08-23,12,album,3.43,2024,8
8,68,True,91,26538275,pop,3iPSVi54hsacKKl1xIR2eH,2024-08-23,12,album,2.22,2024,8
1,76,True,59,273361,,0mV9Pfr1GfoZLkp1EAau9P,2024-08-23,1,single,1.74,2024,8
7,85,True,91,26559943,pop,3iPSVi54hsacKKl1xIR2eH,2024-08-23,12,album,2.92,2024,8
3,77,True,91,26559943,pop,3iPSVi54hsacKKl1xIR2eH,2024-08-23,12,album,3.08,2024,8
10,83,True,91,26516295,pop,3iPSVi54hsacKKl1xIR2eH,2024-08-23,12,album,3.71,2024,8
6,82,False,91,26516295,pop,3iPSVi54hsacKKl1xIR2eH,2024-08-23,12,album,2.86,2024,8
1,45,False,58,146944,slap house,7n3RPRMQKuTxaEcCYyqnLK,2024-08-23,1,single,2.21,2024,8
2,83,True,91,26516295,pop,3iPSVi54hsacKKl1xIR2eH,2024-08-23,12,album,3.1,2024,8
4,72,True,91,26559943,pop,3iPSVi54hsacKKl1xIR2eH,2024-08-23,12,album,3.63,2024,8
9,70,False,91,26516295,pop,3iPSVi54hsacKKl1xIR2eH,2024-08-23,12,album,2.53,2024,8
1,46,True,59,130194,dark r&b,7fLxflWfYy2NPKrE9ASFvI,2024-08-21,2,single,2.32,2024,8
6,62,False,64,298654,chinese hip hop,5vYWbmWrSSBskg28cRmcjg,2024-08-20,19,album,2.51,2024,8
1,81,False,82,9114093,,48qd9sU3xqYJbKaxHCciJL,2024-08-19,23,album,4.19,2024,8
1,28,False,45,2194,hypertechno,4hUws1fhVPNsV9FZ5Vj0uF,2024-08-16,1,single,2.12,2024,8
1,0,False,52,44492,afro house,0NaVzJy9yAXwvtCjDuHttu,2024-08-16,1,single,2.63,2024,8
1,20,False,9,64,,7DGWPy5wsfyLGOe0lyPyX0,2024-08-16,1,single,3.27,2024,8
1,42,True,71,4968982,"industrial metal, industrial rock, industrial, metal, nu metal",7qLAUQm5FIsPGv8w78YEjt,2024-08-16,2,single,4.82,2024,8
1,91,False,88,42237551,"art pop, pop",10FLjwfpbxLmW8c25Xyc2N,2024-08-16,1,single,4.19,2024,8
11,58,False,86,47722935,"pop, hip hop, country",4BbsHmXEghoPPevQjPnHXx,2024-08-15,18,album,3.04,2024,8
2,59,False,85,47716988,"pop, hip hop, country",4BbsHmXEghoPPevQjPnHXx,2024-08-15,18,album,3.09,2024,8
7,59,False,86,47720209,"pop, hip hop, country",4BbsHmXEghoPPevQjPnHXx,2024-08-15,18,album,3.53,2024,8
8,76,False,85,47716988,"pop, hip hop, country",4BbsHmXEghoPPevQjPnHXx,2024-08-15,18,album,2.73,2024,8
5,56,False,86,47722935,"pop, hip hop, country",4BbsHmXEghoPPevQjPnHXx,2024-08-15,18,album,3.05,2024,8
15,61,True,85,47716988,"pop, hip hop, country",4BbsHmXEghoPPevQjPnHXx,2024-08-15,18,album,3.67,2024,8
3,82,True,85,47716988,"pop, hip hop, country",4BbsHmXEghoPPevQjPnHXx,2024-08-15,18,album,2.97,2024,8
1,66,True,86,47720209,"pop, hip hop, country",4BbsHmXEghoPPevQjPnHXx,2024-08-15,18,album,3.26,2024,8
18,63,False,85,47716988,"pop, hip hop, country",4BbsHmXEghoPPevQjPnHXx,2024-08-15,18,album,3.32,2024,8
6,66,False,86,47720209,"pop, hip hop, country",4BbsHmXEghoPPevQjPnHXx,2024-08-15,18,album,3.45,2024,8
4,70,False,86,47722935,"pop, hip hop, country",4BbsHmXEghoPPevQjPnHXx,2024-08-15,18,album,3.25,2024,8
16,54,False,86,47720209,"pop, hip hop, country",4BbsHmXEghoPPevQjPnHXx,2024-08-15,18,album,3.05,2024,8
10,70,False,85,47716988,"pop, hip hop, country",4BbsHmXEghoPPevQjPnHXx,2024-08-15,18,album,3.48,2024,8
17,57,False,85,47716988,"pop, hip hop, country",4BbsHmXEghoPPevQjPnHXx,2024-08-15,18,album,2.59,2024,8
13,62,False,86,47720209,"pop, hip hop, country",4BbsHmXEghoPPevQjPnHXx,2024-08-15,18,album,3.71,2024,8
12,56,False,86,47722935,"pop, hip hop, country",4BbsHmXEghoPPevQjPnHXx,2024-08-15,18,album,3.11,2024,8
1,69,True,75,13266900,k-pop,2ha4ucrONN0cihLMkP02Ch,2024-08-15,1,single,2.99,2024,8
9,65,False,85,47716988,"pop, hip hop, country",4BbsHmXEghoPPevQjPnHXx,2024-08-15,18,album,3.2,2024,8
14,57,True,86,47720209,"pop, hip hop, country",4BbsHmXEghoPPevQjPnHXx,2024-08-15,18,album,3.4,2024,8
1,40,False,52,78423,,30IZYGhMRiTQP4AtepZ7HA,2024-08-09,4,single,2.58,2024,8
1,74,True,79,6593079,,30H0cGghxhBJ93v4h28XEt,2024-08-09,28,album,2.85,2024,8
1,77,False,74,1364231,,0XA403JTounqFh2owquBXu,2024-08-09,1,single,2.82,2024,8
6,67,True,79,6596750,,30H0cGghxhBJ93v4h28XEt,2024-08-09,28,album,2.54,2024,8
1,12,True,50,17560,egyptian pop,2rKjWKEvNheSppihIV5OWG,2024-08-09,3,single,2.64,2024,8
3,71,False,52,8928,,4Uolzy4jMibs7tewebgYA0,2024-08-09,3,single,2.54,2024,8
7,89,False,76,844558,"alternative r&b, indie soul",1uE3dRPe3SrGdNhd1nWlSa,2024-08-09,11,album,3.55,2024,8
1,72,True,74,734468,,0b64yYszabe2wxhG1PiSQo,2024-08-09,1,single,3.22,2024,8
1,70,False,78,6522709,bedroom pop,5oT7xqbRbQCevZ0XC5aBFu,2024-08-09,14,album,2.64,2024,8
1,24,False,31,1176,"slap house, hypertechno",5JVpeVBjUNetEiELGF5nPo,2024-08-09,1,single,2.25,2024,8
1,22,True,81,45700057,,1Gjj4lJko9J5Xh3VDWziyE,2024-08-08,2,single,2.81,2024,8
1,58,False,83,38400585,pop,6UEGp3MQnsKoK9rwKcKBUo,2024-08-08,1,single,3.2,2024,8
1,29,True,34,1434,,2Cv6ivAxmqIosEY87fZAwn,2024-08-08,1,single,1.94,2024,8
1,51,False,47,1186,,1Ztkwr612EUcviWuWnlWcE,2024-08-08,1,single,2.09,2024,8
1,41,False,42,4170,hypertechno,1XWZuLLm7hXn862t0uUmGw,2024-08-08,1,single,2.15,2024,8
3,60,False,78,41268567,,2PMUDyTcZRL0kMKibFgHKT,2024-08-07,4,single,3.37,2024,8
1,42,False,42,4171,hypertechno,3VEQwC89yG4U1w6LokvtVw,2024-08-05,1,single,1.76,2024,8
1,59,False,59,135959,,6kj47h4a5ptQiZRYsihT1Y,2024-08-02,8,album,2.43,2024,8
2,35,False,66,1010217,"edm, melodic bass",1w6FcPbvr0g1PlinZesFKt,2024-08-02,14,album,2.43,2024,8
1,43,False,71,4968982,"industrial metal, industrial rock, industrial, metal, nu metal",7uXH2s3XyFOl32nO0FB0bF,2024-08-02,1,single,5.59,2024,8
1,84,False,70,1981867,,5aelly3dAJd7yZlgUHpLBw,2024-08-02,1,single,3.57,2024,8
1,43,False,39,32105,"german indie, german indie pop, german pop",23g5h7YWjIUQtJL1uGqRWx,2024-08-02,1,single,3.67,2024,8
1,21,True,17,106,,1wO2vWc5PfrcdTzbeoqKQs,2024-08-02,2,single,4.0,2024,8
1,18,False,4,22,,3j9qiBYQfih7G9ZPJgslhA,2024-08-01,1,single,3.03,2024,8
1,49,False,82,6318755,"hyperpop, art pop",3rQE6GuZuvLF82h0o3Xqqd,2024-08-01,1,single,2.38,2024,8
1,77,False,59,68931,,3YsLlWQ9dzG0dFQQZO1jEv,2024-07-26,1,single,3.56,2024,7
1,86,False,83,5285995,k-pop,1hjqg3TuQ2YqooaPhxHwdv,2024-07-26,1,single,2.16,2024,7
1,5,False,75,1641193,,4DWrYvfGXRE8ko5ZxlIpit,2024-07-26,1,single,3.53,2024,7
1,23,False,43,2599,hypertechno,5CoosumE1rf35YLRsA8wxL,2024-07-26,1,single,2.55,2024,7
1,46,True,49,8741,dark r&b,5yKLbjRwS3LcZnYdkXoieT,2024-07-25,2,single,2.29,2024,7
1,0,False,57,864537,doo-wop,7tTd4gjNDz51x9jXHdP73D,2024-07-24,50,compilation,2.73,2024,7
11,0,False,76,12006589,,7tTd4gjNDz51x9jXHdP73D,2024-07-24,50,compilation,3.73,2024,7
5,0,False,68,6157207,,7tTd4gjNDz51x9jXHdP73D,2024-07-24,50,compilation,2.96,2024,7
7,0,False,62,1745641,,7tTd4gjNDz51x9jXHdP73D,2024-07-24,50,compilation,3.89,2024,7
2,52,False,72,2131649,,4eeDjxrPJQQHv150OiVedy,2024-07-23,2,single,2.66,2024,7
1,84,False,77,662191,"latin house, afro house, techengue",5MrdEMJrBnauBJsd1nYY00,2024-07-19,1,single,3.56,2024,7
1,40,False,52,78423,,4pVfUwGQ0Pp85cpRiVz8th,2024-07-19,3,single,2.41,2024,7
6,86,False,79,10841227,k-pop,15XcLhiVMlSOipUddTNDnr,2024-07-19,7,album,2.84,2024,7
1,61,False,65,299896,,6Wf3fqCoGcOYah2lTcwyAA,2024-07-19,1,single,3.29,2024,7
1,1,False,47,9570,"afro house, slap house",4nbGZIxozZ5wtY65UYLfwo,2024-07-18,1,single,1.52,2024,7
1,50,False,56,18834,,51P6BAD05bLytGMdJf1hT4,2024-07-18,1,single,2.66,2024,7
1,74,False,57,302715,,5bZT73mZyTvxu3de7BBhEu,2024-07-17,1,single,3.22,2024,7
1,75,True,74,4573539,"hyperpop, nightcore",526xuSD6c45Gb5hH4rN8RY,2024-07-17,2,single,2.22,2024,7
11,71,True,88,104559284,"rap, hip hop",3kjHLu1pL7tdY88GFwEkl6,2024-07-12,19,album,3.78,2024,7
2,71,False,78,6604924,bedroom pop,1KNUCVXgIxKUGiuEB8eG0i,2024-07-12,11,album,3.46,2024,7
1,27,False,41,2296,hypertechno,6QkcwzH7MWY2kuOcVrJbq1,2024-07-12,1,single,1.93,2024,7
1,61,False,54,362833,,7gK9u2KYK8wU6q1o4Mmbiz,2024-07-12,1,single,3.3,2024,7
2,61,False,74,1378074,,5nzSCZ7NhKvAysI0tmNOdD,2024-07-11,14,album,2.26,2024,7
1,3,False,50,12548,,2UPi1EJNxmE2pcMuxzDCDi,2024-07-11,1,single,2.42,2024,7
1,67,True,69,4787436,,1SiWjniEb94wSFZ5YjZDHr,2024-07-11,1,single,1.96,2024,7
6,65,False,74,1377042,,5nzSCZ7NhKvAysI0tmNOdD,2024-07-11,14,album,3.02,2024,7
2,6,False,0,23,,233uxZQjTchf3yR21xi9M6,2024-07-11,8,album,3.07,2024,7
1,54,False,74,1378074,,5uUohHpz2B17vxYBVZ9omT,2024-07-10,3,single,1.66,2024,7
1,76,True,66,876078,"malayalam hip hop, desi hip hop",6Yw4204wbgmpsGTzjXBhYD,2024-07-09,1,single,3.17,2024,7
1,41,False,46,6584,slap house,7FWbPLrsboCMWRnwxbkh2d,2024-07-09,1,single,3.1,2024,7
1,53,False,52,21782,dark r&b,6vlZfYU092E4gRwxmzqkd6,2024-07-05,3,single,2.8,2024,7
2,41,False,52,21748,dark r&b,6vlZfYU092E4gRwxmzqkd6,2024-07-05,3,single,2.49,2024,7
1,50,False,64,1581188,,3lV6tjpfPlg08Yjs4WjsDZ,2024-07-05,1,single,3.15,2024,7
1,43,False,35,17142,dark r&b,6rryWnnQwkSvTIOE9morDg,2024-07-05,1,single,2.52,2024,7
1,44,False,38,25554,"happy hardcore, hardstyle",1RHTzt7CeQO0uAhajwbvgW,2024-07-05,1,single,3.0,2024,7
1,23,False,47,1987,hypertechno,5vsujZq3i2najInIZEZwvc,2024-07-05,1,single,2.48,2024,7
1,0,False,43,5109,hypertechno,6jy0Xahfbm6te4JIdWfp2f,2024-07-04,1,single,2.38,2024,7
1,45,False,49,45041,,6M8gYkQkt5mMtDwrc4IsvT,2024-07-03,1,single,2.2,2024,7
1,70,False,76,8079123,,58XIBpQOAw7E2qCL1jxWCd,2024-07-03,1,single,3.14,2024,7
1,60,True,48,41420,emo rap,4dyM4lQiyqi0feaGoIRsXn,2024-06-29,1,single,3.27,2024,6
11,49,True,76,10890822,,0FzWvaeMBfKBCqxHTLVlB8,2024-06-28,18,album,3.32,2024,6
1,77,False,69,917778,,2m0euKZUDcoyEXHIS5MFCq,2024-06-28,1,single,2.69,2024,6
6,62,True,76,10888670,,0FzWvaeMBfKBCqxHTLVlB8,2024-06-28,18,album,3.44,2024,6
9,57,True,76,10895519,,0FzWvaeMBfKBCqxHTLVlB8,2024-06-28,18,album,2.57,2024,6
5,43,True,76,10888670,,0FzWvaeMBfKBCqxHTLVlB8,2024-06-28,18,album,2.65,2024,6
1,38,False,58,210575,hard techno,62nnfII15N10IoPcdqCj3B,2024-06-28,1,single,2.57,2024,6
12,40,True,76,10888670,,0FzWvaeMBfKBCqxHTLVlB8,2024-06-28,18,album,3.59,2024,6
2,47,True,76,10890822,,0FzWvaeMBfKBCqxHTLVlB8,2024-06-28,18,album,3.42,2024,6
13,51,True,76,10888670,,0FzWvaeMBfKBCqxHTLVlB8,2024-06-28,18,album,3.12,2024,6
1,40,False,34,1434,,5yLG3wASrjcHpmZxwMhxv6,2024-06-28,1,single,2.33,2024,6
1,58,True,76,10890822,,0FzWvaeMBfKBCqxHTLVlB8,2024-06-28,18,album,3.21,2024,6
18,50,True,76,10890822,,0FzWvaeMBfKBCqxHTLVlB8,2024-06-28,18,album,2.81,2024,6
1,23,False,21,23907,future house,0Sf9qAKgsLXrBfFuNdBowK,2024-06-28,1,single,2.57,2024,6
14,42,True,76,10888670,,0FzWvaeMBfKBCqxHTLVlB8,2024-06-28,18,album,2.73,2024,6
3,43,True,76,10892928,,0FzWvaeMBfKBCqxHTLVlB8,2024-06-28,18,album,2.39,2024,6
8,42,True,76,10888670,,0FzWvaeMBfKBCqxHTLVlB8,2024-06-28,18,album,2.59,2024,6
1,64,True,79,6595164,,17R63Sb8OrPikc2R4mlpdC,2024-06-28,2,single,2.54,2024,6
10,72,True,76,10892928,,0FzWvaeMBfKBCqxHTLVlB8,2024-06-28,18,album,2.61,2024,6
15,46,True,76,10888670,,0FzWvaeMBfKBCqxHTLVlB8,2024-06-28,18,album,2.62,2024,6
17,43,True,76,10888670,,0FzWvaeMBfKBCqxHTLVlB8,2024-06-28,18,album,2.79,2024,6
7,61,True,76,10890822,,0FzWvaeMBfKBCqxHTLVlB8,2024-06-28,18,album,2.64,2024,6
4,57,True,76,10890822,,0FzWvaeMBfKBCqxHTLVlB8,2024-06-28,18,album,3.19,2024,6
16,43,True,76,10892928,,0FzWvaeMBfKBCqxHTLVlB8,2024-06-28,18,album,2.32,2024,6
1,74,True,75,13266900,k-pop,7wIIhHPyaxAHRvdNQQO2G9,2024-06-27,5,single,2.3,2024,6
1,49,False,38,1676,,3Sdw7wsSogMeTaT1rCCaoT,2024-06-27,1,single,2.73,2024,6
1,71,False,61,340128,sexy drill,5Zwbll6KYxOjZSuxRjQDEm,2024-06-24,3,single,2.03,2024,6
4,86,True,82,7412007,,56bdWeO40o3WfAD2Lja4dl,2024-06-21,13,album,2.61,2024,6
1,57,False,63,224322,"slap house, melbourne bounce",17p2hpEP5OkJnFZpbsL3wC,2024-06-21,1,single,2.6,2024,6
2,33,False,90,107374593,pop,5zesPlZ3PXnxQ8HWzQ9idI,2024-06-21,2,single,2.89,2024,6
1,56,False,73,3770138,"metal, hard rock",6jSNCcxIIB0ccyTgOJ2y1F,2024-06-21,1,single,3.75,2024,6
5,75,True,82,7403257,,56bdWeO40o3WfAD2Lja4dl,2024-06-21,13,album,4.04,2024,6
5,83,True,77,1460038,,3uTpTaMOynCYKV5AtgeO2U,2024-06-21,11,album,4.73,2024,6
1,83,False,87,60395783,"reggaeton, latin, urbano latino",5ylbxH7EqpsmHZCRuiYewS,2024-06-21,1,single,3.26,2024,6
4,70,False,77,1460038,,3uTpTaMOynCYKV5AtgeO2U,2024-06-21,11,album,3.99,2024,6
13,78,False,82,7403257,,4XXTsu7r9865VvXdvF2iQP,2024-06-20,13,album,3.76,2024,6
1,65,True,61,340128,sexy drill,3nvHqMFKLvVafOzbR6dANQ,2024-06-20,1,single,2.99,2024,6
2,69,True,82,15684530,"emo rap, cloud rap",55evMUspP7Sh9FSApPNtdn,2024-06-19,3,single,2.83,2024,6
1,72,True,68,938200,,4WvcBQIZXspq4MYyEPNem2,2024-06-14,1,single,2.18,2024,6
7,44,True,66,2956534,,1XSUdSojWNJCgNqKNxfcVr,2024-06-14,13,album,2.84,2024,6
1,22,False,14,486,"melodic bass, future bass",3qdR2KkmaieCXs2RsVaAcr,2024-06-14,1,single,3.32,2024,6
2,81,True,85,7473754,,0Kzb3u6kMnOJOZXYFSk33F,2024-06-14,16,album,3.62,2024,6
1,41,False,38,963,,4D6ve4f5U1lOmPi1o1HIUL,2024-06-14,1,single,3.21,2024,6
1,37,False,50,12471,,3HUHRwnu0vkDe7o35dMUwx,2024-06-13,1,single,2.06,2024,6
13,65,True,82,6315216,"hyperpop, art pop",2lIZef4lzdvZkiiCzvPKj7,2024-06-07,15,album,3.15,2024,6
1,82,False,71,334659,"afro house, house, afro tech",4M8ThNHbNjda2cPwL8XZHS,2024-06-07,1,single,2.95,2024,6
1,39,False,72,318142,,6Vy2TEzq8DBX0vczYeKACP,2024-06-07,1,single,2.6,2024,6
2,70,False,82,6322030,"hyperpop, art pop",2lIZef4lzdvZkiiCzvPKj7,2024-06-07,15,album,2.55,2024,6
1,21,True,50,17560,egyptian pop,3kt4vMSt4GLQQ7M5pS5Dpx,2024-06-07,1,single,2.31,2024,6
7,75,False,82,6322030,"hyperpop, art pop",2lIZef4lzdvZkiiCzvPKj7,2024-06-07,15,album,3.39,2024,6
10,67,False,82,6318755,"hyperpop, art pop",2lIZef4lzdvZkiiCzvPKj7,2024-06-07,15,album,2.9,2024,6
1,0,True,57,90428,dark r&b,1W5QaW8DYaanSuhqGAb3S7,2024-06-07,1,single,3.01,2024,6
3,74,True,82,6322030,"hyperpop, art pop",2lIZef4lzdvZkiiCzvPKj7,2024-06-07,15,album,2.51,2024,6
5,68,False,82,6315216,"hyperpop, art pop",2lIZef4lzdvZkiiCzvPKj7,2024-06-07,15,album,2.69,2024,6
6,79,True,82,6318755,"hyperpop, art pop",2lIZef4lzdvZkiiCzvPKj7,2024-06-07,15,album,2.73,2024,6
1,76,True,82,6315216,"hyperpop, art pop",2lIZef4lzdvZkiiCzvPKj7,2024-06-07,15,album,2.23,2024,6
15,75,True,82,6318755,"hyperpop, art pop",2lIZef4lzdvZkiiCzvPKj7,2024-06-07,15,album,3.39,2024,6
1,30,False,52,78478,,5DeCSldptKixSNZGnM25jB,2024-06-07,1,single,3.13,2024,6
11,76,False,82,6322030,"hyperpop, art pop",2lIZef4lzdvZkiiCzvPKj7,2024-06-07,15,album,2.52,2024,6
12,75,False,82,6318755,"hyperpop, art pop",2lIZef4lzdvZkiiCzvPKj7,2024-06-07,15,album,2.97,2024,6
1,50,True,78,5642365,,5cH3Lzm6kYM7sxkpDprzkd,2024-06-07,1,single,2.59,2024,6
8,63,False,82,6318755,"hyperpop, art pop",2lIZef4lzdvZkiiCzvPKj7,2024-06-07,15,album,2.8,2024,6
9,62,False,82,6322030,"hyperpop, art pop",2lIZef4lzdvZkiiCzvPKj7,2024-06-07,15,album,3.52,2024,6
4,62,False,82,6318755,"hyperpop, art pop",2lIZef4lzdvZkiiCzvPKj7,2024-06-07,15,album,1.82,2024,6
14,59,False,82,6318755,"hyperpop, art pop",2lIZef4lzdvZkiiCzvPKj7,2024-06-07,15,album,2.26,2024,6
2,67,False,91,26516295,pop,2kFFrTliyBq4AnjDkPGVeD,2024-06-06,2,single,2.92,2024,6
1,79,True,91,26516295,pop,5bBaoign62r1i7OV8w7mi9,2024-06-06,2,single,3.1,2024,6
1,0,False,35,63897,,6jU0AvEfVwlYIQAlBCc10Z,2024-06-05,1,single,3.2,2024,6
1,7,False,27,4909,"darkwave, post-punk, cold wave",0FIZfuyeIJoewIH1dPmzTU,2024-06-04,1,single,2.83,2024,6
1,49,True,82,15684530,"emo rap, cloud rap",6HoGWxVrlbLBeYSYWibJVB,2024-06-02,1,single,4.53,2024,6
11,89,False,83,3777019,bedroom pop,03guxdOi12XJbnvxvxbpwG,2024-05-31,14,album,3.94,2024,5
1,75,True,88,104517308,"rap, hip hop",6Xuu2z00jxRPZei4IJ9neK,2024-05-31,1,single,3.78,2024,5
1,36,False,66,115119,electro house,7evGkVLmHesYdU3vkzii6A,2024-05-31,1,single,2.2,2024,5
14,87,False,83,3777019,bedroom pop,03guxdOi12XJbnvxvxbpwG,2024-05-31,14,album,3.74,2024,5
1,67,False,77,1460038,,4bCcQKDKI3gHZNqA1ZIBnh,2024-05-30,1,single,4.73,2024,5
1,1,False,50,12548,,75KqbTS2Nkp8aiJGbs2nrh,2024-05-30,1,single,1.93,2024,5
2,37,False,78,41268567,,3N77PhjnoSTgx4gFoaT1bj,2024-05-28,3,single,3.17,2024,5
1,83,False,84,7325625,"country, red dirt",7LRZfujsTLyy814AnMSdtT,2024-05-24,1,single,3.24,2024,5
1,29,False,55,8731,"electroclash, witch house",6yaVDGQHaUPUgjjRyX3srT,2024-05-24,1,single,3.77,2024,5
1,65,False,53,19064,dark r&b,2egTYiBYVGRRHOyaXwrYJ5,2024-05-24,2,single,3.4,2024,5
2,51,False,53,19043,dark r&b,2egTYiBYVGRRHOyaXwrYJ5,2024-05-24,2,single,3.02,2024,5
1,44,False,40,2159,,5L0MfAnJSwj89bvD3HjzZG,2024-05-24,1,single,3.44,2024,5
1,22,False,30,6940,emo rap,2pnUZH0gP9oFmZC7JUSqRN,2024-05-24,1,single,2.13,2024,5
1,41,False,41,11036,nightcore,1t1sS7rR7LAvtVuWeVvDZe,2024-05-24,1,single,1.97,2024,5
3,23,True,69,174981,afro house,5WvdQ0rXunG7ZDLneivLio,2024-05-24,8,single,2.45,2024,5
1,73,True,79,9676425,"uk drill, drill, uk grime",4AzPr5SUpNF553eC1d3aRy,2024-05-23,1,single,2.34,2024,5
1,62,False,71,1133411,country,3gkwDd6hohNwtgET2IpJLZ,2024-05-22,1,single,3.62,2024,5
1,1,False,49,54011,,3fhJVtBLypHzYymi46TSGQ,2024-05-21,1,single,2.62,2024,5
1,77,False,90,118692183,"alternative pop, electropop, dark pop",7aJuG4TFXa2hmE4z1yxc3n,2024-05-17,10,album,3.66,2024,5
8,76,False,90,118692183,"alternative pop, electropop, dark pop",7aJuG4TFXa2hmE4z1yxc3n,2024-05-17,10,album,3.1,2024,5
6,81,False,90,118692183,"alternative pop, electropop, dark pop",7aJuG4TFXa2hmE4z1yxc3n,2024-05-17,10,album,4.89,2024,5
4,94,False,90,118692183,"alternative pop, electropop, dark pop",7aJuG4TFXa2hmE4z1yxc3n,2024-05-17,10,album,3.5,2024,5
9,76,False,90,118728633,"alternative pop, electropop, dark pop",7aJuG4TFXa2hmE4z1yxc3n,2024-05-17,10,album,4.97,2024,5
10,80,False,90,118760311,"alternative pop, electropop, dark pop",7aJuG4TFXa2hmE4z1yxc3n,2024-05-17,10,album,5.71,2024,5
3,86,False,90,118728633,"alternative pop, electropop, dark pop",7aJuG4TFXa2hmE4z1yxc3n,2024-05-17,10,album,5.05,2024,5
5,92,False,90,118692183,"alternative pop, electropop, dark pop",7aJuG4TFXa2hmE4z1yxc3n,2024-05-17,10,album,4.35,2024,5
7,79,False,90,118692183,"alternative pop, electropop, dark pop",7aJuG4TFXa2hmE4z1yxc3n,2024-05-17,10,album,5.56,2024,5
1,21,False,27,893,"latin house, hypertechno",0CcukrMFxh8zidJQHXF4uQ,2024-05-17,1,single,2.41,2024,5
1,43,False,42,4171,hypertechno,1IThIyFqXkJY5jnPszZyW4,2024-05-17,1,single,1.81,2024,5
2,81,False,90,118692183,"alternative pop, electropop, dark pop",7aJuG4TFXa2hmE4z1yxc3n,2024-05-17,10,album,2.99,2024,5
1,20,False,17,69,,66WWuQGAgt1ha2POkqe9j8,2024-05-16,1,single,2.47,2024,5
2,31,False,24,818,,47jQoVV0N1O31qJ2WLdaBi,2024-05-16,3,single,2.22,2024,5
1,47,False,80,21360805,,6zbTpuaPUXU6jRn6RJ0W6K,2024-05-10,6,single,3.56,2024,5
2,80,True,85,10353625,melodic rap,7g0PJ7VbsOkYTECUFkyNPN,2024-05-10,20,album,2.4,2024,5
1,84,False,74,1317349,,3VNxRarx9HUI5w7DHv0TBj,2024-05-10,1,single,2.87,2024,5
4,58,True,85,10348240,melodic rap,7g0PJ7VbsOkYTECUFkyNPN,2024-05-10,20,album,2.47,2024,5
1,30,False,32,1844,"melodic bass, nightcore, bass music",5nYK3YEFii6Q1Wp147x6gw,2024-05-10,1,single,2.42,2024,5
1,30,False,34,2657,,37EG9pRUf4fK6PKP8P8WG1,2024-05-10,1,single,3.53,2024,5
1,80,True,85,47716988,"pop, hip hop, country",1woYXxyyxTQJ0E0AhZE6mj,2024-05-10,1,single,2.97,2024,5
1,41,False,42,4083,hypertechno,3LWtx7GYLe4nXmHq2Xp0K9,2024-05-10,1,single,2.38,2024,5
3,25,False,37,10928,,2oRhtqbKX3cFRqYsuAGSj5,2024-05-06,5,single,1.26,2024,5
1,33,False,37,10928,,2oRhtqbKX3cFRqYsuAGSj5,2024-05-06,5,single,1.15,2024,5
4,26,False,37,10925,,2oRhtqbKX3cFRqYsuAGSj5,2024-05-06,5,single,1.17,2024,5
2,29,False,37,10925,,2oRhtqbKX3cFRqYsuAGSj5,2024-05-06,5,single,1.17,2024,5
1,86,True,89,44592005,"hip hop, west coast hip hop",5JjnoGJyOxfSZUZtk2rRwZ,2024-05-04,1,single,4.56,2024,5
1,84,False,76,843345,"alternative r&b, indie soul",6YHaDmwYvX8vREotCZTV6g,2024-05-03,2,single,3.55,2024,5
1,39,False,38,958,,154WjYdf0GgUUgCBY2nC00,2024-05-03,3,single,2.87,2024,5
1,63,False,87,27139342,edm,2Y4Tm0KdcUWNnPpphhhGZ4,2024-05-03,3,single,3.05,2024,5
7,74,False,85,46891061,pop,1Mo92916G2mmG7ajpmSVrc,2024-05-03,11,album,3.13,2024,5
3,79,False,85,46891061,pop,1Mo92916G2mmG7ajpmSVrc,2024-05-03,11,album,3.49,2024,5
1,64,True,59,72278,dark r&b,3E56hI5YVSnQOnp7AoMFll,2024-05-02,2,single,2.59,2024,5
1,42,False,32,3246,dark r&b,6WX31rvtQ3kM38ha0pZIlT,2024-05-02,3,single,2.46,2024,5
1,34,False,50,85529,,11ZzN3XPH3M2DuLLAthWxR,2024-05-01,1,single,3.87,2024,5
1,41,False,24,246,rally house,0yUJ4LORkt67Qy8hE2353T,2024-04-29,1,single,1.95,2024,4
1,0,True,59,72278,dark r&b,6S9HiJqDtGGIyurZ2aUtdt,2024-04-26,1,single,2.31,2024,4
1,30,False,62,159294,italo dance,1TLhRklP5YWQElK8CvFkQE,2024-04-26,1,single,2.91,2024,4
1,28,False,21,730,"slap house, nightcore",1MJaUlp8QrVHFCv4AX6hg0,2024-04-26,1,single,2.95,2024,4
1,82,False,68,937775,,2Z1gnUf3nbn6DtwZSUIH54,2024-04-26,2,single,2.58,2024,4
1,73,False,66,1400890,"french house, new rave",6ooBxhsOVedpX4zPTCyL86,2024-04-26,13,album,4.44,2024,4
1,76,False,73,3204129,,1d3yldnlofPfWQHVAybQrZ,2024-04-26,1,single,4.35,2024,4
1,0,False,45,16330,jersey club,1jdlRluwOgkV2pT9n32V04,2024-04-25,1,single,2.89,2024,4
1,70,False,64,317426,dark r&b,3RfIyFTT3h03PqTtFbiZR8,2024-04-24,2,single,2.77,2024,4
3,84,False,74,483247,"phonk, brazilian phonk",0I7096R74VFP2xnMmp33sY,2024-04-23,5,single,1.93,2024,4
28,70,False,100,145489371,"country, pop, indie, folk",5H7ixXZfsNMGbIE5OBSpcb,2024-04-19,31,album,4.73,2024,4
1,70,True,95,103067383,rap,06me0leRR3AuF4IFiEytml,2024-04-19,1,single,3.87,2024,4
30,66,False,100,145489371,"country, pop, indie, folk",5H7ixXZfsNMGbIE5OBSpcb,2024-04-19,31,album,4.01,2024,4
22,75,False,100,145396321,"country, pop, indie, folk",5H7ixXZfsNMGbIE5OBSpcb,2024-04-19,31,album,3.81,2024,4
5,71,False,100,145396321,"country, pop, indie, folk",5H7ixXZfsNMGbIE5OBSpcb,2024-04-19,31,album,4.38,2024,4
6,69,True,100,145396321,"country, pop, indie, folk",5H7ixXZfsNMGbIE5OBSpcb,2024-04-19,31,album,5.67,2024,4
27,65,True,100,145443567,"country, pop, indie, folk",5H7ixXZfsNMGbIE5OBSpcb,2024-04-19,31,album,4.0,2024,4
20,70,False,100,145489371,"country, pop, indie, folk",5H7ixXZfsNMGbIE5OBSpcb,2024-04-19,31,album,3.55,2024,4
9,74,False,100,145396321,"country, pop, indie, folk",5H7ixXZfsNMGbIE5OBSpcb,2024-04-19,31,album,4.23,2024,4
3,46,True,41,6677,,7lWSyj2UqLMzu7lOVvDtIT,2024-04-19,7,album,3.74,2024,4
21,72,False,100,145443567,"country, pop, indie, folk",5H7ixXZfsNMGbIE5OBSpcb,2024-04-19,31,album,3.97,2024,4
1,31,False,41,8658,,4dh075Oy8FelWcMJjqpE3U,2024-04-19,1,single,2.61,2024,4
13,71,True,100,145396321,"country, pop, indie, folk",5H7ixXZfsNMGbIE5OBSpcb,2024-04-19,31,album,3.63,2024,4
11,66,False,100,145396321,"country, pop, indie, folk",5H7ixXZfsNMGbIE5OBSpcb,2024-04-19,31,album,2.6,2024,4
23,70,False,100,145489371,"country, pop, indie, folk",5H7ixXZfsNMGbIE5OBSpcb,2024-04-19,31,album,4.06,2024,4
25,67,False,100,145396321,"country, pop, indie, folk",5H7ixXZfsNMGbIE5OBSpcb,2024-04-19,31,album,2.19,2024,4
18,72,False,100,145396321,"country, pop, indie, folk",5H7ixXZfsNMGbIE5OBSpcb,2024-04-19,31,album,3.7,2024,4
24,65,True,100,145489371,"country, pop, indie, folk",5H7ixXZfsNMGbIE5OBSpcb,2024-04-19,31,album,4.39,2024,4
19,67,False,100,145489371,"country, pop, indie, folk",5H7ixXZfsNMGbIE5OBSpcb,2024-04-19,31,album,3.06,2024,4
15,69,False,100,145443567,"country, pop, indie, folk",5H7ixXZfsNMGbIE5OBSpcb,2024-04-19,31,album,3.28,2024,4
17,71,True,100,145443567,"country, pop, indie, folk",5H7ixXZfsNMGbIE5OBSpcb,2024-04-19,31,album,3.98,2024,4
29,69,True,100,145396321,"country, pop, indie, folk",5H7ixXZfsNMGbIE5OBSpcb,2024-04-19,31,album,3.97,2024,4
31,66,False,100,145489371,"country, pop, indie, folk",5H7ixXZfsNMGbIE5OBSpcb,2024-04-19,31,album,3.74,2024,4
26,74,False,100,145396321,"country, pop, indie, folk",5H7ixXZfsNMGbIE5OBSpcb,2024-04-19,31,album,4.16,2024,4
14,71,True,100,145443567,"country, pop, indie, folk",5H7ixXZfsNMGbIE5OBSpcb,2024-04-19,31,album,4.09,2024,4
2,70,True,100,145443567,"country, pop, indie, folk",5H7ixXZfsNMGbIE5OBSpcb,2024-04-19,31,album,4.88,2024,4
12,74,True,100,145396321,"country, pop, indie, folk",5H7ixXZfsNMGbIE5OBSpcb,2024-04-19,31,album,4.61,2024,4
1,39,False,51,43226,,4tYT4QOkTP4htJeErsCtVQ,2024-04-19,1,single,3.23,2024,4
3,71,False,100,145396321,"country, pop, indie, folk",5H7ixXZfsNMGbIE5OBSpcb,2024-04-19,31,album,3.39,2024,4
10,70,False,100,145396321,"country, pop, indie, folk",5H7ixXZfsNMGbIE5OBSpcb,2024-04-19,31,album,5.56,2024,4
16,66,False,100,145489371,"country, pop, indie, folk",5H7ixXZfsNMGbIE5OBSpcb,2024-04-19,31,album,3.61,2024,4
4,71,True,100,145489371,"country, pop, indie, folk",5H7ixXZfsNMGbIE5OBSpcb,2024-04-19,31,album,4.35,2024,4
8,69,True,100,145396321,"country, pop, indie, folk",5H7ixXZfsNMGbIE5OBSpcb,2024-04-19,31,album,3.59,2024,4
1,72,False,100,145489371,"country, pop, indie, folk",5H7ixXZfsNMGbIE5OBSpcb,2024-04-19,31,album,3.81,2024,4
7,69,False,100,145396321,"country, pop, indie, folk",5H7ixXZfsNMGbIE5OBSpcb,2024-04-19,31,album,3.51,2024,4
16,57,False,100,145489371,"country, pop, indie, folk",1Mo4aZ8pdj6L1jx8zSwJnt,2024-04-18,16,album,3.61,2024,4
4,73,True,100,145396321,"country, pop, indie, folk",1Mo4aZ8pdj6L1jx8zSwJnt,2024-04-18,16,album,4.35,2024,4
1,81,False,100,145443567,"country, pop, indie, folk",1Mo4aZ8pdj6L1jx8zSwJnt,2024-04-18,16,album,3.81,2024,4
9,73,False,100,145489371,"country, pop, indie, folk",1Mo4aZ8pdj6L1jx8zSwJnt,2024-04-18,16,album,4.23,2024,4
13,80,True,100,145396321,"country, pop, indie, folk",1Mo4aZ8pdj6L1jx8zSwJnt,2024-04-18,16,album,3.63,2024,4
11,57,False,100,145489371,"country, pop, indie, folk",1Mo4aZ8pdj6L1jx8zSwJnt,2024-04-18,16,album,2.6,2024,4
5,68,False,100,145443567,"country, pop, indie, folk",1Mo4aZ8pdj6L1jx8zSwJnt,2024-04-18,16,album,4.38,2024,4
15,65,False,100,145443567,"country, pop, indie, folk",1Mo4aZ8pdj6L1jx8zSwJnt,2024-04-18,16,album,3.28,2024,4
12,71,True,100,145396321,"country, pop, indie, folk",1Mo4aZ8pdj6L1jx8zSwJnt,2024-04-18,16,album,4.61,2024,4
1,53,False,58,78550,anime,4fgJZhpksYeOUtddVplxWS,2024-04-17,70,album,2.35,2024,4
1,52,False,59,130505,dark r&b,12eMKj7VGIYvFBxcGPebdf,2024-04-15,1,single,3.05,2024,4
2,67,False,59,104940,,2rYTypyWXb39mGLdWKV7jA,2024-04-15,3,single,1.54,2024,4
1,59,False,59,130298,dark r&b,5mhR9V6Kw6mX9Cj8b7KwGY,2024-04-14,2,single,3.45,2024,4
1,53,False,53,19010,dark r&b,3h83d7yJAGVAAtfW2GKC42,2024-04-14,2,single,2.67,2024,4
1,57,False,59,130194,dark r&b,3PDh7RFwHzbpnQtleT2VeX,2024-04-14,1,single,2.39,2024,4
1,67,False,76,3084389,alternative r&b,1vMVDUsMWaD5eB4oahCboP,2024-04-12,1,single,2.93,2024,4
16,67,False,88,31785695,"nu metal, rap metal, rock, alternative metal",1X472EvsSqH09RyrqbtyXU,2024-04-12,20,album,4.48,2024,4
4,44,False,88,31785695,"nu metal, rap metal, rock, alternative metal",1X472EvsSqH09RyrqbtyXU,2024-04-12,20,album,3.1,2024,4
4,47,False,73,8768495,bedroom pop,5QaKu3YoUJNglyaKixaegf,2024-04-12,10,album,2.86,2024,4
14,55,False,88,31785695,"nu metal, rap metal, rock, alternative metal",1X472EvsSqH09RyrqbtyXU,2024-04-12,20,album,3.35,2024,4
1,26,False,23,700,,2Qc2ht48bD4N16JvPWXKE9,2024-04-12,1,single,2.43,2024,4
1,55,False,59,72278,dark r&b,6HQIBMSqvLJ65qcCR1PD4T,2024-04-12,2,single,2.79,2024,4
5,62,True,73,8763286,bedroom pop,5QaKu3YoUJNglyaKixaegf,2024-04-12,10,album,3.1,2024,4
2,47,False,73,8771418,bedroom pop,5QaKu3YoUJNglyaKixaegf,2024-04-12,10,album,2.42,2024,4
1,84,True,91,26559943,pop,5quMTd5zeI9yW5UDua8wS4,2024-04-12,1,single,2.92,2024,4
1,40,True,38,966,,0iSp9yL73DZzqbRNVkngBL,2024-04-12,2,single,3.01,2024,4
20,48,False,88,31785695,"nu metal, rap metal, rock, alternative metal",1X472EvsSqH09RyrqbtyXU,2024-04-12,20,album,2.94,2024,4
1,42,False,41,30239,dark r&b,2A9g8Bla0yKYnwcCrmPBdh,2024-04-12,1,single,2.32,2024,4
1,82,True,76,1449816,,6egBeCLeGITzGSo5VyRjwZ,2024-04-12,1,single,2.85,2024,4
5,44,False,88,31785695,"nu metal, rap metal, rock, alternative metal",1X472EvsSqH09RyrqbtyXU,2024-04-12,20,album,3.28,2024,4
12,46,False,88,31796892,"nu metal, rap metal, rock, alternative metal",1X472EvsSqH09RyrqbtyXU,2024-04-12,20,album,3.83,2024,4
10,44,False,88,31796892,"nu metal, rap metal, rock, alternative metal",1X472EvsSqH09RyrqbtyXU,2024-04-12,20,album,3.42,2024,4
1,6,False,85,46895665,pop,68mwSgiHv3JF9nrw9feMrt,2024-04-11,4,single,3.13,2024,4
1,64,False,61,26106,,0oYAj0vHOnfEoigrvjlxa9,2024-04-08,1,single,2.16,2024,4
1,63,False,59,72172,dark r&b,5fK6jbbpTBjLT9iaZA7oei,2024-04-07,1,single,2.63,2024,4
3,83,False,83,7045466,,168CdR21lfn0TTyw1Pkdcm,2024-04-05,15,album,2.69,2024,4
4,54,True,86,34735147,,2IUoE0jqkViW6gGfqLcjG2,2024-04-05,24,album,2.81,2024,4
1,69,False,75,3275657,tropical house,6GxNLOlFGgl6J3cvLGN81l,2024-04-05,1,single,2.75,2024,4
4,88,False,83,7045466,,168CdR21lfn0TTyw1Pkdcm,2024-04-05,15,album,3.0,2024,4
1,89,False,82,7305071,,1WAjjRMfZjEXtB0lQrAw6Q,2024-04-05,1,single,3.64,2024,4
1,80,False,87,27143729,edm,0wCLHkBRKcndhMQQpeo8Ji,2024-04-05,2,single,2.49,2024,4
5,60,False,74,1377042,,7jYsvUIbj8OktGfdnCU4LB,2024-04-05,5,single,2.37,2024,4
3,37,False,52,78423,,3e7BUPeIT7n2CSKbTJ2cks,2024-04-05,7,album,3.06,2024,4
1,74,False,71,2726605,trap latino,0SqUi6bPIlAaWfvZibBfia,2024-04-04,1,single,3.21,2024,4
1,47,False,30,2899,"electroclash, witch house",04fQRsAwWvKtKk79S6fYte,2024-03-29,1,single,1.81,2024,3
1,62,False,64,1844627,"future house, edm",4XQN9sq92HwyTj476FMzYz,2024-03-29,1,single,2.4,2024,3
16,62,False,84,41172203,,6BzxX6zkDsYKFJ04ziU5xQ,2024-03-29,27,album,3.47,2024,3
1,72,False,71,2569728,,6pngQ1BGnsddTXtAJQUkF7,2024-03-29,4,single,2.22,2024,3
1,80,False,79,4681304,,0GHlPN101r1WcuQCwINbI2,2024-03-28,1,single,2.63,2024,3
1,49,False,47,4569,,10POjyRzJ6sOOTfnxrIfzA,2024-03-28,1,single,3.01,2024,3
1,30,False,30,2964,,1d1r3yyMF0oYuKZtjxAyUq,2024-03-27,1,single,1.89,2024,3
16,53,False,84,41172203,,2m1enA3YrMLVvR3q0MqLpL,2024-03-27,27,album,3.47,2024,3
1,52,False,56,18834,,11HevalHetKV1iez6Z251N,2024-03-25,1,single,2.41,2024,3
2,81,False,74,3756729,k-pop,6irebIc6UO8fN0jl4UlzBS,2024-03-25,4,single,2.67,2024,3
6,82,True,88,22682234,rap,4iqbFIdGOTzXeDtt9owjQn,2024-03-22,17,album,4.46,2024,3
7,59,False,84,49050008,"pop rock, alternative pop, pop punk",1D06fz3cuob62ysTS8k6gu,2024-03-22,17,album,3.86,2024,3
9,60,True,85,49083617,"pop rock, alternative pop, pop punk",1D06fz3cuob62ysTS8k6gu,2024-03-22,17,album,2.57,2024,3
4,66,False,53,146812,future bass,4sbmhTssarZtkJvycmd8Dn,2024-03-22,9,album,5.94,2024,3
8,58,True,88,22688560,rap,4iqbFIdGOTzXeDtt9owjQn,2024-03-22,17,album,3.67,2024,3
6,61,False,84,49050008,"pop rock, alternative pop, pop punk",1D06fz3cuob62ysTS8k6gu,2024-03-22,17,album,3.31,2024,3
4,54,False,72,1453910,,2Y8WS7iDIZkvzB5GUeLvku,2024-03-22,12,album,3.0,2024,3
13,74,True,85,49083617,"pop rock, alternative pop, pop punk",1D06fz3cuob62ysTS8k6gu,2024-03-22,17,album,2.84,2024,3
14,64,True,88,22675640,rap,4iqbFIdGOTzXeDtt9owjQn,2024-03-22,17,album,3.88,2024,3
3,62,True,88,22675640,rap,4iqbFIdGOTzXeDtt9owjQn,2024-03-22,17,album,3.32,2024,3
1,23,False,66,52913,,3eIA3WFdBvYVUP8sVD5p34,2024-03-22,1,single,2.3,2024,3
4,61,False,85,49067177,"pop rock, alternative pop, pop punk",1D06fz3cuob62ysTS8k6gu,2024-03-22,17,album,2.95,2024,3
17,53,True,88,22688560,rap,4iqbFIdGOTzXeDtt9owjQn,2024-03-22,17,album,2.04,2024,3
16,56,True,88,22682234,rap,4iqbFIdGOTzXeDtt9owjQn,2024-03-22,17,album,4.87,2024,3
2,68,True,88,22675640,rap,4iqbFIdGOTzXeDtt9owjQn,2024-03-22,17,album,3.42,2024,3
1,22,False,43,2595,hypertechno,1U4vqqIBWYVu9BebthqFqT,2024-03-22,1,single,2.63,2024,3
11,61,True,85,49067177,"pop rock, alternative pop, pop punk",1D06fz3cuob62ysTS8k6gu,2024-03-22,17,album,3.32,2024,3
10,57,True,88,22675640,rap,4iqbFIdGOTzXeDtt9owjQn,2024-03-22,17,album,3.42,2024,3
15,69,False,85,49067177,"pop rock, alternative pop, pop punk",1D06fz3cuob62ysTS8k6gu,2024-03-22,17,album,4.39,2024,3
15,53,True,88,22688560,rap,4iqbFIdGOTzXeDtt9owjQn,2024-03-22,17,album,2.99,2024,3
7,57,True,88,22675640,rap,4iqbFIdGOTzXeDtt9owjQn,2024-03-22,17,album,3.24,2024,3
17,73,True,85,49083617,"pop rock, alternative pop, pop punk",1D06fz3cuob62ysTS8k6gu,2024-03-22,17,album,2.82,2024,3
16,71,False,85,49067177,"pop rock, alternative pop, pop punk",1D06fz3cuob62ysTS8k6gu,2024-03-22,17,album,3.21,2024,3
12,55,True,88,22675640,rap,4iqbFIdGOTzXeDtt9owjQn,2024-03-22,17,album,3.04,2024,3
1,62,True,85,49083617,"pop rock, alternative pop, pop punk",1D06fz3cuob62ysTS8k6gu,2024-03-22,17,album,2.76,2024,3
2,61,True,84,49050008,"pop rock, alternative pop, pop punk",1D06fz3cuob62ysTS8k6gu,2024-03-22,17,album,3.07,2024,3
5,61,False,85,49083617,"pop rock, alternative pop, pop punk",1D06fz3cuob62ysTS8k6gu,2024-03-22,17,album,3.38,2024,3
9,72,True,88,22675640,rap,4iqbFIdGOTzXeDtt9owjQn,2024-03-22,17,album,2.83,2024,3
12,59,False,84,49050008,"pop rock, alternative pop, pop punk",1D06fz3cuob62ysTS8k6gu,2024-03-22,17,album,3.7,2024,3
10,60,True,84,49050008,"pop rock, alternative pop, pop punk",1D06fz3cuob62ysTS8k6gu,2024-03-22,17,album,3.15,2024,3
1,75,False,82,9111905,,6rjpYHZwFktbc0RCiTfEG6,2024-03-22,4,single,4.19,2024,3
1,12,False,82,9112977,,3P4SQqMMgjqfqVxgLwtYRk,2024-03-22,20,album,4.19,2024,3
4,80,True,88,22675640,rap,4iqbFIdGOTzXeDtt9owjQn,2024-03-22,17,album,3.8,2024,3
3,60,True,84,49050008,"pop rock, alternative pop, pop punk",1D06fz3cuob62ysTS8k6gu,2024-03-22,17,album,3.66,2024,3
1,67,True,88,22675640,rap,4iqbFIdGOTzXeDtt9owjQn,2024-03-22,17,album,3.77,2024,3
1,47,False,60,110333,"slap house, hypertechno",5avrElnK0zHZvzW77xBnsN,2024-03-22,1,single,2.32,2024,3
1,47,False,76,8670011,tropical house,3vN2jv2disCD8vZEzZIv5Q,2024-03-22,1,single,2.76,2024,3
5,56,True,88,22682234,rap,4iqbFIdGOTzXeDtt9owjQn,2024-03-22,17,album,3.7,2024,3
13,68,True,88,22682234,rap,4iqbFIdGOTzXeDtt9owjQn,2024-03-22,17,album,3.78,2024,3
1,49,False,69,513404,dark r&b,2GHbc54y99znaPCsyzvLjR,2024-03-22,2,single,2.15,2024,3
11,65,True,88,22688560,rap,4iqbFIdGOTzXeDtt9owjQn,2024-03-22,17,album,3.5,2024,3
8,61,True,84,49050008,"pop rock, alternative pop, pop punk",1D06fz3cuob62ysTS8k6gu,2024-03-22,17,album,3.51,2024,3
14,65,False,85,49067177,"pop rock, alternative pop, pop punk",1D06fz3cuob62ysTS8k6gu,2024-03-22,17,album,2.02,2024,3
1,69,False,83,7045466,,5UI2uTwSWoS6NmlxurwElQ,2024-03-21,1,single,2.69,2024,3
1,63,False,77,3505794,afrobeats,4xbpCWaXMdAaDvEKAi02PX,2024-03-20,1,single,2.45,2024,3
1,45,False,59,1220599,"edm, electronic",0KdbNiljxzEMCwkVJS0wzI,2024-03-20,1,single,3.95,2024,3
1,80,False,74,1377042,,5HIWDdg3g9CTOtnevKDl1z,2024-03-19,1,single,2.37,2024,3
1,77,True,74,6295804,,39k5K82qRoDYB1SLqLwLYy,2024-03-17,1,single,4.96,2024,3
1,76,True,66,613747,"phonk, brazilian phonk",3xCc8FxQsm6AE7ZWJ7h5sx,2024-03-15,4,single,1.78,2024,3
1,42,False,24,545,,2ycdzn0DOIfkhzlzVQfBEM,2024-03-15,1,single,2.83,2024,3
1,45,False,56,1057994,"edm, big room",5q9af3Svt28pk3shfKA9qX,2024-03-15,1,single,2.48,2024,3
14,71,True,67,1567636,,4tNtjyBBXMhGRwqOQTbh6i,2024-03-15,14,album,2.09,2024,3
1,26,False,19,610,deep house,0TSXpFKt4pF3yiqheWBSjr,2024-03-15,1,single,2.86,2024,3
1,47,True,77,24105967,,3Q9nQTbbZovRJQfY62oXR0,2024-03-15,1,single,3.52,2024,3
1,42,False,78,41266350,,0D5CVgPJs3zWbzWhyK4cvK,2024-03-15,1,single,1.76,2024,3
3,70,True,90,107389514,pop,5EYKrEDnKhhcNxGedaRQeK,2024-03-08,13,album,2.9,2024,3
5,73,False,90,107401919,pop,5EYKrEDnKhhcNxGedaRQeK,2024-03-08,13,album,3.5,2024,3
1,27,False,41,2292,hypertechno,32Kt0YhjSGBK8gGGkKjgyu,2024-03-08,1,single,2.84,2024,3
4,59,False,90,107374593,pop,5EYKrEDnKhhcNxGedaRQeK,2024-03-08,13,album,0.7,2024,3
1,48,False,82,15689879,"emo rap, cloud rap",5XlxyRqG5mr7eG6My0QkVT,2024-03-08,3,single,2.86,2024,3
3,44,True,82,15684530,"emo rap, cloud rap",5XlxyRqG5mr7eG6My0QkVT,2024-03-08,3,single,3.97,2024,3
11,71,False,90,107374593,pop,5EYKrEDnKhhcNxGedaRQeK,2024-03-08,13,album,2.56,2024,3
12,68,True,90,107401919,pop,5EYKrEDnKhhcNxGedaRQeK,2024-03-08,13,album,3.04,2024,3
1,77,True,90,107374593,pop,5EYKrEDnKhhcNxGedaRQeK,2024-03-08,13,album,1.54,2024,3
1,31,False,77,4777574,soundtrack,6n2FMmygekI4wcwaRf0LGj,2024-03-08,22,album,1.86,2024,3
9,72,True,90,107401919,pop,5EYKrEDnKhhcNxGedaRQeK,2024-03-08,13,album,3.58,2024,3
6,82,False,90,107374593,pop,5EYKrEDnKhhcNxGedaRQeK,2024-03-08,13,album,2.72,2024,3
8,79,True,90,107401919,pop,5EYKrEDnKhhcNxGedaRQeK,2024-03-08,13,album,2.89,2024,3
7,66,False,90,107401919,pop,5EYKrEDnKhhcNxGedaRQeK,2024-03-08,13,album,2.72,2024,3
10,79,False,90,107374593,pop,71PfP4E9roOXAudea1aPGw,2024-03-08,13,album,3.81,2024,3
1,70,True,62,669148,,7luH8lI8B6c4r3TxLJ2aU1,2024-03-08,1,single,3.85,2024,3
2,73,False,90,107401919,pop,5EYKrEDnKhhcNxGedaRQeK,2024-03-08,13,album,2.74,2024,3
1,79,False,72,963679,dark r&b,5QytORVSwlSBhDtikzvcV5,2024-03-08,2,single,2.72,2024,3
2,49,True,82,15684530,"emo rap, cloud rap",5XlxyRqG5mr7eG6My0QkVT,2024-03-08,3,single,3.3,2024,3
13,62,False,90,107401919,pop,5EYKrEDnKhhcNxGedaRQeK,2024-03-08,13,album,2.8,2024,3
1,42,False,42,4171,hypertechno,0lvAKUVvcyecpmMGpiRKzC,2024-03-01,1,single,2.05,2024,3
1,66,False,77,2268298,"christian, christian pop, christian hip hop, worship, gospel r&b",2WoIZTbS7s8uNtRf9G6QOP,2024-03-01,1,single,2.28,2024,3
2,48,False,83,25762646,,5ZSqGFLuXUJUlIObSkN0Bz,2024-02-29,2,single,3.17,2024,2
1,17,True,31,23317,,2XxRFmLe8hDi9LMvjjJlUL,2024-02-26,1,single,5.68,2024,2
1,23,False,41,8658,,3nPlHbYyFUgki1BxMflLOp,2024-02-23,1,single,2.2,2024,2
1,29,False,21,3925,,5oyVd7uODNZYWWyhmdSU98,2024-02-23,1,single,2.04,2024,2
5,42,False,46,141405,"christian hip hop, christian, christian pop",5FjeaQ1gGVrgTzwwbkB4cx,2024-02-23,20,album,1.92,2024,2
1,54,True,53,122782,,7CsXgmeC033GlMrmETGDru,2024-02-23,1,single,2.27,2024,2
1,0,False,44,5733,,4mUJPXHMEhJWkAY1c24LBq,2024-02-23,1,single,2.67,2024,2
7,50,False,77,4777574,soundtrack,1PeYjDmxcRNvxLd5mGHuCC,2024-02-23,25,album,2.33,2024,2
5,60,False,77,4780589,soundtrack,1PeYjDmxcRNvxLd5mGHuCC,2024-02-23,25,album,4.36,2024,2
1,72,False,83,7050520,,5KZ5cuVY1oLvHI1ecqoUJP,2024-02-23,6,single,3.35,2024,2
1,77,False,87,33043825,r&b,1fmBMCSSkSlvxyoy1vut2k,2024-02-22,5,single,3.1,2024,2
1,53,False,48,45292,hypertechno,2nb2U1WnJxggsC6pK1xgIr,2024-02-21,1,single,2.1,2024,2
10,62,True,79,5976603,rage rap,1jXYc5gip5tqCTDOotfY5L,2024-02-16,22,album,4.06,2024,2
2,69,False,64,468383,"country, country hip hop",1XXkk3jAPfmW5jyRbRON7x,2024-02-16,6,single,2.75,2024,2
1,0,False,29,3595,,3bz3cs3AYDgy82ZwAFwj3d,2024-02-16,1,single,1.88,2024,2
1,35,False,64,84858,"hypertechno, slap house",4bZgBjgSVUFi93sGfxRxkK,2024-02-16,1,single,2.91,2024,2
1,40,False,42,4170,hypertechno,08LECZ7dTSaUtAgBYixrDS,2024-02-16,2,single,2.12,2024,2
21,75,True,79,5978358,rage rap,1jXYc5gip5tqCTDOotfY5L,2024-02-16,22,album,2.87,2024,2
1,33,False,41,11030,nightcore,7HBqMFmuwLTlnlGIAxSSZE,2024-02-16,1,single,2.18,2024,2
4,82,True,67,416933,,40HsqPqeSR9Xe3IyAJWr6e,2024-02-16,8,album,2.86,2024,2
1,75,False,66,685131,,3PlCMwyq6nuQYtoYproV1o,2024-02-16,1,single,2.47,2024,2
1,74,False,85,46886554,pop,3sqC2sXZc0b9r7WM9z3784,2024-02-15,4,single,3.49,2024,2
1,76,True,80,10566213,"trap soul, r&b",60s0PMYFJhe34io9HuyUXf,2024-02-13,1,single,2.68,2024,2
1,73,True,84,41172203,,6cBlaud5JVmPjkjxnwIMLx,2024-02-11,1,single,3.89,2024,2
1,58,True,84,41172203,,2NXwHjhgaAdkDy6GPSxMAd,2024-02-10,3,single,3.89,2024,2
17,39,True,93,112918137,"r&b pop, alternative r&b, hip hop, synthpop",18sR8zHx4zsVJUI4bHWuPC,2024-02-09,36,compilation,5.81,2024,2
12,10,True,69,1042697,,30zwjSQEodaUXCn11nmiVF,2024-02-09,16,album,4.4,2024,2
7,39,False,52,78478,,4YEfCWcwGgaUa0YAY8CUJZ,2024-02-09,13,compilation,3.97,2024,2
1,20,False,43,2595,hypertechno,0UsKmlCH7ORHS15slJMv3p,2024-02-09,1,single,2.56,2024,2
1,40,False,42,4083,hypertechno,7abSe0mEKF1gkIDckeHd2F,2024-02-09,1,single,2.28,2024,2
1,81,False,74,8500847,,62g7jm7YqkuQOhfhFpDQXC,2024-02-09,1,single,3.69,2024,2
19,62,False,93,112957721,"r&b pop, alternative r&b, hip hop, synthpop",18sR8zHx4zsVJUI4bHWuPC,2024-02-09,36,compilation,4.07,2024,2
26,58,True,93,112957721,"r&b pop, alternative r&b, hip hop, synthpop",18sR8zHx4zsVJUI4bHWuPC,2024-02-09,36,compilation,3.59,2024,2
8,43,False,38,71238,celtic,6pL7mvJASfhlorbbbWHoza,2024-02-07,8,album,1.08,2024,2
1,9,True,63,721666,jersey club,0S8DGX9LmBkRSVi3ywcCOT,2024-02-07,1,single,2.07,2024,2
1,42,False,56,18834,,3X7g9b6EgB2oNOV6PmVfKS,2024-02-05,1,single,1.93,2024,2
1,50,True,88,9249502,pop,1U663EH8lg9Z0Jxk1hSWh9,2024-02-02,1,single,3.04,2024,2
1,84,True,76,2186739,reggaeton chileno,5tSQtQGkrCJx3hoQxmLgfM,2024-02-02,1,single,3.7,2024,2
1,57,False,75,4156314,,4UCjvqGiMnghqo31aPQQ09,2024-02-01,1,single,2.99,2024,2
1,41,False,65,728021,"anime, soundtrack",33PJlQUa6r9BgLwhZJe4Hn,2024-01-28,1,single,2.68,2024,1
1,43,True,39,4952,,77QlUazR5yCPLFNTtf2m26,2024-01-27,1,single,3.32,2024,1
1,29,False,57,224595,,2zDQyC6taRPa7E1rVQlJo4,2024-01-26,1,single,2.94,2024,1
1,34,False,93,112957721,"r&b pop, alternative r&b, hip hop, synthpop",1jUzZrcAvwJB1uzbgEBMnd,2024-01-26,5,single,3.59,2024,1
1,35,True,32,1843,"melodic bass, nightcore, bass music",13pAQ6aOqCKtJjz6lOE395,2024-01-26,1,single,2.85,2024,1
1,42,False,74,1378074,,1sf3JXII7PIrBTPkEi2A0L,2024-01-26,4,single,1.9,2024,1
1,41,False,34,1434,,1tolSI2OgHy6xzMsYByiac,2024-01-26,1,single,3.25,2024,1
1,61,True,76,10888670,,2QfxtFVJK1qh8pj2DEFHlA,2024-01-26,1,single,3.21,2024,1
1,72,False,69,2546276,french pop,3MhGOga5TlR7JfKxDSxv9Q,2024-01-26,1,single,3.28,2024,1
3,71,False,58,462135,"phonk, brazilian phonk",4FRxgE6LA2UGJ5yz8diaI9,2024-01-19,3,single,1.92,2024,1
1,46,False,48,85781,,0klo2e4cNTric4uVFQLKFH,2024-01-19,1,single,2.23,2024,1
1,84,False,83,7055537,,29aSKB1qPEbN0Qf9OPSQpw,2024-01-18,1,single,3.0,2024,1
1,34,False,56,28150,anime,1TT4gKOGrJ3siF2LUJdumE,2024-01-17,1,single,2.91,2024,1
1,4,False,66,218657,,50ca61DooG00KrVCwMLVRl,2024-01-17,1,single,2.62,2024,1
1,48,True,56,18840,,2vlod2PEyc2rnDBJpcGRnG,2024-01-14,1,single,2.07,2024,1
3,76,False,83,9469943,,5U20AVSsUvycGtWip4XQfo,2024-01-12,14,album,4.33,2024,1
2,65,False,68,174894,afro house,7MAWQ0wUnEZiI7Y9qkqlhd,2024-01-12,3,single,2.67,2024,1
13,65,True,72,1261419,,1LJWyyP756YVEeIRa6DU74,2024-01-12,13,album,2.84,2024,1
1,36,False,58,210805,hard techno,7JlJOVJ4E2xW5KTgNHvASQ,2024-01-12,1,single,2.43,2024,1
1,71,True,90,107374593,pop,2B9amdrHDIKOoEiPUfZGtb,2024-01-12,1,single,3.58,2024,1
3,78,True,84,23813959,,2RRYaYHY7fIIdvFlvgb5vq,2024-01-12,15,album,4.51,2024,1
1,79,False,64,274140,,3NpeIWhWsxU7d3XL5KEh39,2024-01-12,1,single,2.66,2024,1
1,45,False,60,110282,"slap house, hypertechno",17GycKc0zIQqi7NJ8qraKn,2024-01-12,1,single,2.45,2024,1
8,83,False,66,2742164,nu metal,3pCVjmRGVZ2mYuJN2R1wi8,2024-01-12,17,album,3.88,2024,1
1,65,False,76,11247155,"brazilian bass, electronic, slap house, electro house",3QkffLjHLnGMUgMAvrOgrs,2024-01-12,1,single,2.41,2024,1
1,38,False,55,31871,tropical house,1iyKvSMWi0R4x4Abwg4qMF,2024-01-12,2,single,2.06,2024,1
1,0,False,45,16330,jersey club,0gq04rM1oVb9p7aafc3O0X,2024-01-12,1,single,3.85,2024,1
1,36,True,61,644963,,3TynRnLMuOcoFJf88r5qio,2024-01-11,1,single,2.74,2024,1
1,59,False,80,7978695,"edm, trance, big room",2AhoXwTvHcGjBwNMDOwEZp,2024-01-05,1,single,2.44,2024,1
1,0,False,56,139354,nightcore,7K776QRcPNvsodpnae8rmW,2024-01-05,1,single,3.24,2024,1
2,45,False,59,104869,,6bLYwEiKsWdgjuDQ90b4zG,2024-01-01,3,single,2.7,2024,1
13,63,False,79,14039018,soft pop,4mOX4ESm6Hy0UlzgWZ2t3Q,2024-01-01,17,album,3.57,2024,1
1,42,False,42,4083,hypertechno,5zzVhRK0shr5abNR3PhGyl,2023-12-29,1,single,1.83,2023,12
1,72,False,56,679601,reggae,3BicSFhksEP3QHanmBM1Wd,2023-12-27,1,single,4.38,2023,12
1,0,False,59,100865,,2GmX9fj6m7sSMfaJvPPip9,2023-12-25,1,single,3.71,2023,12
1,38,False,39,65719,,6H48iG0EOe7TkZPqC47z3h,2023-12-22,1,single,2.18,2023,12
1,63,True,62,668950,,77SuFKKJ3OY3ZgvuQNBiFA,2023-12-15,1,single,1.89,2023,12
1,25,False,51,43179,,54rFZngSvJhdJ5lGo4mSdE,2023-12-15,1,single,3.03,2023,12
1,47,False,56,18840,,53wrn5EveEiaqGmf26v8iB,2023-12-15,2,single,1.9,2023,12
1,0,False,13,666,,25W01nGDmYFtAEBOkI12LB,2023-12-12,1,single,4.79,2023,12
3,83,True,88,9256589,pop,0OUOx6rJXtL66AzTnP9KUE,2023-12-08,14,album,2.39,2023,12
1,22,False,41,8657,,1HCQtOhDXm9Z5GRl3HHhy1,2023-12-08,1,single,2.66,2023,12
1,0,True,45,35428,,0di1rlD8Afel1VLF06lRxK,2023-12-08,1,single,3.08,2023,12
7,83,True,88,9256589,pop,0OUOx6rJXtL66AzTnP9KUE,2023-12-08,14,album,2.65,2023,12
3,68,True,84,34293318,,2bYCNZfxZrTUv1CHXkz2d2,2023-12-08,22,album,2.86,2023,12
1,71,True,86,23973526,"corrido, corridos tumbados, corridos bélicos, música mexicana, sad sierreño, banda, electro corridos",3VLY9g3CAG1Y5r2eGVEaZ0,2023-12-07,1,single,3.28,2023,12
1,12,False,47,6622,hypertechno,14v14Dpbm5IbtATY5ErANr,2023-12-04,1,single,2.1,2023,12
6,84,False,86,18885687,"reggaeton, urbano latino",0lgs2Sa82lyX89nBUWyUy6,2023-12-01,10,album,3.28,2023,12
1,72,False,67,616853,"phonk, brazilian phonk",1l8if9zQ8F0MEHVWYrMREe,2023-12-01,3,single,1.72,2023,12
1,21,False,28,3312,,2PqTVYUZfgaWz7nY7x7xzt,2023-12-01,1,single,2.37,2023,12
2,62,False,62,249255,,2LD2rlKaoGejuPAO7Ib0eE,2023-12-01,2,single,2.22,2023,12
1,45,False,37,6268,lounge,2T3sQVSbG2TmMu1lQAS69a,2023-12-01,1,single,2.43,2023,12
4,61,False,55,341193,,2FGOxwdP7MMd4GfVl2Uf7f,2023-11-30,15,album,3.26,2023,11
1,71,True,67,1566996,,4K5YnziH8o3NoEsxv8zviL,2023-11-30,1,single,2.09,2023,11
1,42,False,46,11490,"hypertechno, techno",64yL8dkwoNhWnQKvXeCvfX,2023-11-30,1,single,1.98,2023,11
1,74,False,76,8453736,"corridos tumbados, corrido, corridos bélicos, sad sierreño, música mexicana, banda, sierreño",2IoSjweCu07y9mv5H1Cj3v,2023-11-30,1,single,2.87,2023,11
1,74,False,100,145489371,"country, pop, indie, folk",5q3jthpn2h59P7pe2gmAl7,2023-11-29,1,single,4.63,2023,11
1,0,False,57,77411,dark r&b,0xOE5lF7erDF4ErqtlTGnB,2023-11-24,3,single,2.81,2023,11
1,35,False,40,7972,melbourne bounce,2kbQIS1RXna9AWSxd7XnJF,2023-11-24,1,single,2.28,2023,11
1,38,False,47,67573,"happy hardcore, hardstyle, hardcore techno",1Xu73EVMOz9PQm6NhUmt1w,2023-11-24,1,single,2.45,2023,11
1,27,False,32,1843,"melodic bass, nightcore, bass music",192RHDaG8XJqUNlnJjtL4o,2023-11-24,1,single,2.45,2023,11
1,41,False,42,4170,hypertechno,4RJX9xsVdGhdI6Ircvjcwn,2023-11-24,1,single,2.34,2023,11
1,75,True,76,11247155,"brazilian bass, electronic, slap house, electro house",1zz2cxnkEpgyLdSmoPBEjK,2023-11-17,1,single,2.02,2023,11
5,73,True,66,794589,rage rap,2D1j7mjB55lvygjMmYgTYT,2023-11-17,14,album,2.02,2023,11
1,4,True,88,9256589,pop,54FpKE2Pug3xbPz26WUVSH,2023-11-17,2,single,2.65,2023,11
28,35,False,43,23528,,3O8AxQ0FXMQw5l7PbHcn8F,2023-11-17,35,album,1.81,2023,11
1,79,False,85,2789144,,1a43UOca3qYS1ZcS0b9wSk,2023-11-17,1,single,3.05,2023,11
22,41,False,43,23528,,3O8AxQ0FXMQw5l7PbHcn8F,2023-11-17,35,album,1.57,2023,11
10,31,False,44,23557,,3O8AxQ0FXMQw5l7PbHcn8F,2023-11-17,35,album,1.13,2023,11
8,42,False,43,23528,,3O8AxQ0FXMQw5l7PbHcn8F,2023-11-17,35,album,3.15,2023,11
35,34,False,43,23528,,3O8AxQ0FXMQw5l7PbHcn8F,2023-11-17,35,album,0.87,2023,11
1,39,False,43,23528,,3O8AxQ0FXMQw5l7PbHcn8F,2023-11-17,35,album,1.86,2023,11
1,74,False,84,49050008,"pop rock, alternative pop, pop punk",2yHTMVFGHODKJOjVL1hLgk,2023-11-17,17,album,3.42,2023,11
1,70,False,74,1322522,,03jkbwbhopEYNhcbwGwIt8,2023-11-15,1,single,3.32,2023,11
1,65,False,77,3509163,afrobeats,2GyIYK9C2K870xKjo5HI9D,2023-11-15,1,single,3.19,2023,11
1,58,False,75,7761878,,7DTTXmNJFIXdf5QyA0Y9JX,2023-11-10,1,single,2.48,2023,11
4,65,False,76,10638829,,2kcJ3TxBhSwmki0QWFXUz8,2023-11-10,22,album,3.13,2023,11
8,51,True,76,10636129,,2kcJ3TxBhSwmki0QWFXUz8,2023-11-10,22,album,2.99,2023,11
5,60,False,76,10636129,,2kcJ3TxBhSwmki0QWFXUz8,2023-11-10,22,album,3.03,2023,11
2,64,False,76,10636129,,2kcJ3TxBhSwmki0QWFXUz8,2023-11-10,22,album,3.61,2023,11
1,77,True,87,28327351,r&b,0tL8CzbfmF5poGm9puqALR,2023-11-10,22,album,5.11,2023,11
4,3,False,78,41264069,,3bKcoHSsmTEWHAGXqwOneo,2023-11-10,10,album,2.52,2023,11
9,50,True,76,10638829,,2kcJ3TxBhSwmki0QWFXUz8,2023-11-10,22,album,3.07,2023,11
11,51,False,76,10637574,,2kcJ3TxBhSwmki0QWFXUz8,2023-11-10,22,album,3.68,2023,11
1,77,True,75,4349241,,6VCO0fDBGbRW8mCEvV95af,2023-11-10,1,single,2.3,2023,11
3,63,False,78,4761364,bedroom pop,2pOEFqvfxp5uUQ8vQEmVA0,2023-11-10,13,album,2.43,2023,11
8,86,False,79,6595164,,63IolVUykZCHMlu2zu9jHS,2023-11-10,20,album,1.44,2023,11
1,42,False,28,2843,"breakcore, jungle",5EQ3BtcZwPAI6JprpxYEO3,2023-11-10,3,single,1.31,2023,11
3,65,False,76,10640396,,2kcJ3TxBhSwmki0QWFXUz8,2023-11-10,22,album,2.49,2023,11
1,62,False,64,318012,dark r&b,4SAyGeqK3PpEVRNPp9ha89,2023-11-10,2,single,2.86,2023,11
7,51,True,76,10636129,,2kcJ3TxBhSwmki0QWFXUz8,2023-11-10,22,album,2.8,2023,11
1,12,False,85,46891061,pop,5pTaRVLwZOFObIbRBubmeb,2023-11-09,1,single,3.09,2023,11
1,54,False,56,115659,country,4xfCXHExwLbivLiKs4Xhcy,2023-11-09,2,single,3.6,2023,11
3,83,True,79,18615260,k-pop,5pSk3c3wVwnb2arb6ohCPU,2023-11-03,11,album,3.05,2023,11
4,82,False,79,18620976,k-pop,5pSk3c3wVwnb2arb6ohCPU,2023-11-03,11,album,3.43,2023,11
5,68,False,62,579294,,0qZnfUUOH8FkPZBNptfmKr,2023-11-03,20,album,3.84,2023,11
5,0,True,50,25025,dark r&b,2OScIqIhtbRMLzaNoxtfa8,2023-11-03,10,album,3.56,2023,11
8,0,True,50,25007,dark r&b,2OScIqIhtbRMLzaNoxtfa8,2023-11-03,10,album,2.54,2023,11
6,45,False,50,25025,dark r&b,6CLVHEYdSOuJsmUB3vLXlj,2023-11-03,10,album,2.65,2023,11
1,72,False,84,49050008,"pop rock, alternative pop, pop punk",07J7Q3Z7V00LvCxqzVqj9s,2023-11-03,1,single,3.42,2023,11
1,43,False,25,3680,,43COlzg1Uo8i71QTTns8f4,2023-11-03,2,single,2.69,2023,11
1,41,False,46,3963,tropical house,71epQIRfUx7sEdc37DJL20,2023-11-02,1,single,2.31,2023,11
1,76,False,78,7960904,k-pop,6Msc3BwzKZ5f5FXmKuUSu6,2023-10-27,1,single,2.65,2023,10
1,0,True,38,33312,,4E5WdidZPJFnbri9Zzs8D7,2023-10-27,2,single,2.27,2023,10
1,38,False,23,1867,,6q25TZ9RzGvTPmOTDeSvLf,2023-10-27,1,single,3.02,2023,10
6,40,False,56,259120,,65LmFuLBa1yBX5yfuuOMh2,2023-10-27,10,album,3.54,2023,10
9,75,False,100,145542136,"country, pop, indie, folk",64LU4c1nfjz1t4VnGhagcg,2023-10-26,21,album,3.67,2023,10
15,69,False,100,145443567,"country, pop, indie, folk",64LU4c1nfjz1t4VnGhagcg,2023-10-26,21,album,4.45,2023,10
17,73,False,100,145396321,"country, pop, indie, folk",64LU4c1nfjz1t4VnGhagcg,2023-10-26,21,album,3.0,2023,10
3,73,False,100,145443567,"country, pop, indie, folk",64LU4c1nfjz1t4VnGhagcg,2023-10-26,21,album,3.85,2023,10
11,69,False,100,145443567,"country, pop, indie, folk",64LU4c1nfjz1t4VnGhagcg,2023-10-26,21,album,4.16,2023,10
13,68,False,100,145489371,"country, pop, indie, folk",64LU4c1nfjz1t4VnGhagcg,2023-10-26,21,album,4.51,2023,10
21,72,False,100,145443567,"country, pop, indie, folk",64LU4c1nfjz1t4VnGhagcg,2023-10-26,21,album,3.82,2023,10
1,75,False,57,136639,,2YXww1viuuKZPi458rdopk,2023-10-26,1,single,1.57,2023,10
1,46,False,37,794,,0LPSySmrxlYS3sViv9Ljed,2023-10-26,1,single,2.67,2023,10
1,0,False,74,1378074,,6qGsOOm1b2ZwG58fQp617s,2023-10-24,1,single,2.13,2023,10
1,1,False,58,146944,slap house,0JomwpPnb5fjYzjreZkvgc,2023-10-20,1,single,2.36,2023,10
1,24,False,25,19649,,7e9KQMkQtaMUMwMCX5U4Xv,2023-10-20,1,single,2.6,2023,10
1,63,True,79,6596750,,7gCggwpSuqUmVzWniLdpKR,2023-10-19,1,single,3.39,2023,10
10,72,True,95,102571645,"reggaeton, trap latino, urbano latino, latin",4FftCsAcXXD1nFO9RFUNFO,2023-10-13,22,album,5.91,2023,10
18,70,True,95,102500980,"reggaeton, trap latino, urbano latino, latin",4FftCsAcXXD1nFO9RFUNFO,2023-10-13,22,album,3.61,2023,10
22,67,True,95,102536542,"reggaeton, trap latino, urbano latino, latin",4FftCsAcXXD1nFO9RFUNFO,2023-10-13,22,album,2.75,2023,10
7,66,True,95,102536542,"reggaeton, trap latino, urbano latino, latin",4FftCsAcXXD1nFO9RFUNFO,2023-10-13,22,album,2.06,2023,10
14,69,True,95,102500980,"reggaeton, trap latino, urbano latino, latin",4FftCsAcXXD1nFO9RFUNFO,2023-10-13,22,album,4.43,2023,10
6,71,True,95,102500980,"reggaeton, trap latino, urbano latino, latin",4FftCsAcXXD1nFO9RFUNFO,2023-10-13,22,album,3.19,2023,10
20,13,False,95,102500980,"reggaeton, trap latino, urbano latino, latin",4FftCsAcXXD1nFO9RFUNFO,2023-10-13,22,album,0.19,2023,10
3,74,True,95,102500980,"reggaeton, trap latino, urbano latino, latin",4FftCsAcXXD1nFO9RFUNFO,2023-10-13,22,album,3.6,2023,10
17,70,True,95,102571645,"reggaeton, trap latino, urbano latino, latin",4FftCsAcXXD1nFO9RFUNFO,2023-10-13,22,album,3.86,2023,10
1,34,True,41,11030,nightcore,7MQ1JhTnupMypRlwXdn3Nd,2023-10-13,1,single,2.1,2023,10
21,70,True,95,102500980,"reggaeton, trap latino, urbano latino, latin",4FftCsAcXXD1nFO9RFUNFO,2023-10-13,22,album,5.99,2023,10
11,71,True,95,102500980,"reggaeton, trap latino, urbano latino, latin",4FftCsAcXXD1nFO9RFUNFO,2023-10-13,22,album,4.01,2023,10
15,67,True,95,102536542,"reggaeton, trap latino, urbano latino, latin",4FftCsAcXXD1nFO9RFUNFO,2023-10-13,22,album,4.26,2023,10
7,68,True,72,9463246,,5UcGyEltve5psjxSRsHx8E,2023-10-13,10,album,3.3,2023,10
9,66,True,95,102571645,"reggaeton, trap latino, urbano latino, latin",4FftCsAcXXD1nFO9RFUNFO,2023-10-13,22,album,2.95,2023,10
4,72,True,95,102500980,"reggaeton, trap latino, urbano latino, latin",4FftCsAcXXD1nFO9RFUNFO,2023-10-13,22,album,3.46,2023,10
13,69,True,95,102536542,"reggaeton, trap latino, urbano latino, latin",4FftCsAcXXD1nFO9RFUNFO,2023-10-13,22,album,4.18,2023,10
12,71,True,95,102500980,"reggaeton, trap latino, urbano latino, latin",4FftCsAcXXD1nFO9RFUNFO,2023-10-13,22,album,3.37,2023,10
2,80,True,95,102536542,"reggaeton, trap latino, urbano latino, latin",4FftCsAcXXD1nFO9RFUNFO,2023-10-13,22,album,4.45,2023,10
5,72,True,95,102536542,"reggaeton, trap latino, urbano latino, latin",4FftCsAcXXD1nFO9RFUNFO,2023-10-13,22,album,3.15,2023,10
1,71,True,95,102571645,"reggaeton, trap latino, urbano latino, latin",4FftCsAcXXD1nFO9RFUNFO,2023-10-13,22,album,6.31,2023,10
16,79,True,95,102500980,"reggaeton, trap latino, urbano latino, latin",4FftCsAcXXD1nFO9RFUNFO,2023-10-13,22,album,3.76,2023,10
1,39,False,76,9839947,,73bk5G6KNwb6gF1rjBXa4o,2023-10-13,2,single,2.38,2023,10
3,60,False,72,9462835,,5PsQkSZdGgr9jnuSKzSi5s,2023-10-13,10,album,3.02,2023,10
19,82,True,95,102571645,"reggaeton, trap latino, urbano latino, latin",4FftCsAcXXD1nFO9RFUNFO,2023-10-13,22,album,2.71,2023,10
8,70,True,95,102500980,"reggaeton, trap latino, urbano latino, latin",4FftCsAcXXD1nFO9RFUNFO,2023-10-13,22,album,3.17,2023,10
20,78,True,95,103094105,rap,4czdORdCWP9umpbhFXK2fW,2023-10-06,23,album,5.31,2023,10
1,67,False,81,12320084,k-pop,1Vzh3fTdh0R0evafCcpNpL,2023-10-06,2,single,2.98,2023,10
6,72,True,95,103039388,rap,4czdORdCWP9umpbhFXK2fW,2023-10-06,23,album,4.12,2023,10
1,0,False,58,146894,slap house,2H3Su9vYYRW6vq1ZVuEYwQ,2023-10-06,1,single,2.1,2023,10
7,75,True,95,103039388,rap,4czdORdCWP9umpbhFXK2fW,2023-10-06,23,album,4.33,2023,10
1,73,True,79,18615260,k-pop,4DKnznk5VbGVvAOYBbQrZJ,2023-09-29,3,single,3.36,2023,9
4,21,True,9,127,alté,0ui6M2D9ZHDIxuXruIQGra,2023-09-29,4,single,3.12,2023,9
1,59,False,59,130408,dark r&b,2j3E5LIErtfMHBkopQiuKJ,2023-09-26,1,single,3.14,2023,9
1,24,False,40,13575,anime,7Hj3o4iLjM6UeDxd9qTC5i,2023-09-25,38,album,2.53,2023,9
4,38,False,60,1956457,country,0O8rIGQw6iWro7i701Gj1v,2023-09-23,45,compilation,3.24,2023,9
6,68,False,82,7310428,,0EiI8ylL0FmWWpgHVTsZjZ,2023-09-22,14,album,3.06,2023,9
4,78,True,79,10166733,"melodic rap, rap",4EURMuWFiLLRmQYoH5cgiE,2023-09-22,16,album,2.4,2023,9
3,68,False,82,7310428,,0EiI8ylL0FmWWpgHVTsZjZ,2023-09-22,14,album,3.41,2023,9
10,75,True,86,34748949,,6DmPNcfpkXBVRJsEIJY9tl,2023-09-22,17,album,4.42,2023,9
1,72,False,76,4309419,,0BdmqjXLz0L6gF78ldUYHp,2023-09-22,1,single,3.69,2023,9
13,62,False,82,7299563,,0EiI8ylL0FmWWpgHVTsZjZ,2023-09-22,14,album,3.3,2023,9
5,80,True,82,7310428,,0EiI8ylL0FmWWpgHVTsZjZ,2023-09-22,14,album,3.87,2023,9
9,68,False,82,7299563,,0EiI8ylL0FmWWpgHVTsZjZ,2023-09-22,14,album,3.11,2023,9
11,84,False,82,7299563,,0EiI8ylL0FmWWpgHVTsZjZ,2023-09-22,14,album,4.3,2023,9
2,79,True,82,7299563,,0EiI8ylL0FmWWpgHVTsZjZ,2023-09-22,14,album,3.21,2023,9
8,69,False,82,7305071,,0EiI8ylL0FmWWpgHVTsZjZ,2023-09-22,14,album,3.7,2023,9
12,72,True,82,7299563,,0EiI8ylL0FmWWpgHVTsZjZ,2023-09-22,14,album,3.51,2023,9
14,62,False,82,7305071,,0EiI8ylL0FmWWpgHVTsZjZ,2023-09-22,14,album,3.74,2023,9
7,76,False,82,7299563,,0EiI8ylL0FmWWpgHVTsZjZ,2023-09-22,14,album,3.08,2023,9
1,70,False,76,11246962,"brazilian bass, electronic, slap house, electro house",6YFH6hee6fTJjlRddtl8gN,2023-09-22,1,single,2.92,2023,9
10,64,False,82,7310428,,0EiI8ylL0FmWWpgHVTsZjZ,2023-09-22,14,album,3.71,2023,9
4,65,False,82,7299563,,0EiI8ylL0FmWWpgHVTsZjZ,2023-09-22,14,album,3.42,2023,9
1,76,True,82,7299563,,0EiI8ylL0FmWWpgHVTsZjZ,2023-09-22,14,album,3.66,2023,9
11,83,False,82,7299563,,0XKconI47eiBP6qPYHsx9f,2023-09-21,14,album,4.3,2023,9
1,76,True,86,34748949,,1bBez9PNvkJPW08bU7NYta,2023-09-20,15,album,3.84,2023,9
9,77,True,86,34742256,,1bBez9PNvkJPW08bU7NYta,2023-09-20,15,album,4.42,2023,9
1,0,False,74,1377042,,1MpZGsYzbDWKLwfJOijcVA,2023-09-19,1,single,2.43,2023,9
9,54,False,75,8508071,,0Q0rJ81u7O4EFCpqkcwJJ2,2023-09-15,14,album,3.26,2023,9
1,29,False,41,49348,"techengue, latin house",5xsHVvnIUKelZq51nbqmoe,2023-09-15,1,single,2.34,2023,9
4,86,False,83,5674855,,7nacKlk586eLRBSIsrk9DB,2023-09-15,10,album,3.54,2023,9
7,72,True,70,2542055,"brooklyn drill, new york drill",2Qq4N5lYtsZspF2QFLKcbY,2023-09-15,18,album,2.48,2023,9
1,87,True,88,9256589,pop,3UOV8XvCwMKaATRNXrYCjN,2023-09-15,1,single,2.19,2023,9
1,34,False,29,60814,,4NKJO6Xro42ccWSmSMzZgb,2023-09-15,4,single,2.56,2023,9
2,89,False,83,5670437,,7nacKlk586eLRBSIsrk9DB,2023-09-15,10,album,3.51,2023,9
1,69,False,65,972319,,2VIJu8iWncUpGcv64UOxnv,2023-09-15,1,single,3.13,2023,9
7,86,False,78,11034315,,2Cn1d2KgbkAqbZCJ1RzdkA,2023-09-15,11,album,2.29,2023,9
1,77,False,71,2569728,,1CRkQ0NwUlzM4052uaZbtn,2023-09-15,2,single,2.29,2023,9
2,61,False,71,2570848,,1CRkQ0NwUlzM4052uaZbtn,2023-09-15,2,single,2.08,2023,9
1,34,False,39,20007,"witch house, electroclash, darkwave",2mJEEk26r4bUkNX7hcfLwM,2023-09-10,1,single,2.57,2023,9
1,51,False,56,18834,,4GOZlPiKMRmt1Ld6Fb7lMd,2023-09-10,2,single,1.88,2023,9
1,73,True,85,49067177,"pop rock, alternative pop, pop punk",1xJHno7SmdVtZAtXbdbDZp,2023-09-08,12,album,2.76,2023,9
2,76,True,85,49083617,"pop rock, alternative pop, pop punk",1xJHno7SmdVtZAtXbdbDZp,2023-09-08,12,album,3.07,2023,9
5,69,False,84,49050008,"pop rock, alternative pop, pop punk",1xJHno7SmdVtZAtXbdbDZp,2023-09-08,12,album,3.38,2023,9
7,70,False,85,49083617,"pop rock, alternative pop, pop punk",1xJHno7SmdVtZAtXbdbDZp,2023-09-08,12,album,3.86,2023,9
1,48,True,59,106672,,6hJveOyCIemFO2oH7a9aPA,2023-09-08,1,single,1.45,2023,9
9,73,True,85,49067177,"pop rock, alternative pop, pop punk",1xJHno7SmdVtZAtXbdbDZp,2023-09-08,12,album,2.57,2023,9
6,78,False,85,49067177,"pop rock, alternative pop, pop punk",1xJHno7SmdVtZAtXbdbDZp,2023-09-08,12,album,3.31,2023,9
10,86,False,82,8495493,,1rpCHilZQkw84A3Y9czvMO,2023-09-08,14,album,2.82,2023,9
8,75,True,85,49067177,"pop rock, alternative pop, pop punk",1xJHno7SmdVtZAtXbdbDZp,2023-09-08,12,album,3.51,2023,9
11,77,True,85,49083617,"pop rock, alternative pop, pop punk",1xJHno7SmdVtZAtXbdbDZp,2023-09-08,12,album,3.32,2023,9
12,71,False,84,49050008,"pop rock, alternative pop, pop punk",1xJHno7SmdVtZAtXbdbDZp,2023-09-08,12,album,3.7,2023,9
10,75,True,84,49050008,"pop rock, alternative pop, pop punk",1xJHno7SmdVtZAtXbdbDZp,2023-09-08,12,album,3.15,2023,9
3,84,True,84,49050008,"pop rock, alternative pop, pop punk",1xJHno7SmdVtZAtXbdbDZp,2023-09-08,12,album,3.66,2023,9
4,81,False,84,49050008,"pop rock, alternative pop, pop punk",1xJHno7SmdVtZAtXbdbDZp,2023-09-08,12,album,2.95,2023,9
1,52,False,84,34295707,,1e26jDA4kEIjhgaMUf8mH1,2023-09-01,1,single,3.6,2023,9
1,55,False,72,715424,"slap house, italo dance",4HW5Zf1o0eOxIfQETZFqab,2023-09-01,1,single,2.97,2023,9
1,61,False,55,557085,,6axSQcj67PcWeaIHrMftzM,2023-09-01,1,single,4.68,2023,9
1,36,False,38,963,,67I5JCawURoWbkuALVMenv,2023-09-01,1,single,3.07,2023,9
1,75,False,61,578827,,18ogtNq9F7DmMkNYO6Xb4k,2023-09-01,1,single,2.88,2023,9
4,36,False,49,35497,"soundtrack, medieval",3SpAbtsIKZ9omjpDCPUQKJ,2023-08-31,79,album,3.03,2023,8
1,65,False,81,53267200,,6EejduBuRYb7rzJaD2YCqO,2023-08-25,1,single,2.86,2023,8
1,70,False,72,694143,,3Sh0mtX324JgZ6UXvzgD47,2023-08-25,6,single,3.31,2023,8
1,57,False,64,84852,"hypertechno, slap house",4a22kWJ4n6KE7apkohVxKp,2023-08-25,1,single,2.7,2023,8
7,63,True,61,1263572,alternative r&b,6WlGOgNNtpwFt2gfRFfqgZ,2023-08-25,11,album,3.07,2023,8
8,58,True,60,284828,dark r&b,2JCIdveMkl6k4YdAqEMEBx,2023-08-25,14,album,1.96,2023,8
7,46,False,90,107389514,pop,2VSBGJ8bUuNgmOYXHIQagM,2023-08-25,19,album,3.52,2023,8
13,52,False,71,2614697,,4xZP0Vuf4DNK7wsp3ZKbQ0,2023-08-25,13,album,4.26,2023,8
8,52,False,90,107374593,pop,2VSBGJ8bUuNgmOYXHIQagM,2023-08-25,19,album,3.78,2023,8
1,56,False,81,26561582,"country pop, rock, hip hop, experimental",1Ev3d9zcHORaPdzCQnWFrA,2023-08-25,1,single,3.18,2023,8
1,48,False,90,107401919,pop,2VSBGJ8bUuNgmOYXHIQagM,2023-08-25,19,album,5.66,2023,8
11,85,False,84,7325625,"country, red dirt",6PbnGueEO6LGodPfvNldYf,2023-08-25,16,album,3.78,2023,8
1,60,False,74,1378935,,3TguXmUsKx3W6JUrQ2du3E,2023-08-24,1,single,2.46,2023,8
4,2,False,8,3263,,0JJAfVZtn3EvZnXSQrpLSh,2023-08-19,7,album,1.88,2023,8
1,84,False,81,26564677,"country pop, rock, hip hop, experimental",5DvJgsMLbaR1HmAI6VhfcQ,2023-08-18,14,album,3.34,2023,8
14,51,False,81,26561582,"country pop, rock, hip hop, experimental",5DvJgsMLbaR1HmAI6VhfcQ,2023-08-18,14,album,3.51,2023,8
7,46,True,81,26558356,"country pop, rock, hip hop, experimental",5DvJgsMLbaR1HmAI6VhfcQ,2023-08-18,14,album,3.42,2023,8
1,84,True,82,17333176,rap,3eb4GbFzAMjgoRAuuSkoLo,2023-08-18,1,single,3.17,2023,8
12,54,False,81,26561582,"country pop, rock, hip hop, experimental",5DvJgsMLbaR1HmAI6VhfcQ,2023-08-18,14,album,3.99,2023,8
2,65,True,81,26558356,"country pop, rock, hip hop, experimental",5DvJgsMLbaR1HmAI6VhfcQ,2023-08-18,14,album,3.09,2023,8
1,22,False,21,488,nightcore,458cNDsNqLjxk7T8LTHoAE,2023-08-18,1,single,2.47,2023,8
8,59,False,81,26558356,"country pop, rock, hip hop, experimental",5DvJgsMLbaR1HmAI6VhfcQ,2023-08-18,14,album,2.71,2023,8
3,57,False,81,26564677,"country pop, rock, hip hop, experimental",5DvJgsMLbaR1HmAI6VhfcQ,2023-08-18,14,album,3.72,2023,8
11,50,False,81,26561582,"country pop, rock, hip hop, experimental",5DvJgsMLbaR1HmAI6VhfcQ,2023-08-18,14,album,3.21,2023,8
13,48,False,81,26564677,"country pop, rock, hip hop, experimental",5DvJgsMLbaR1HmAI6VhfcQ,2023-08-18,14,album,3.08,2023,8
6,52,False,81,26561582,"country pop, rock, hip hop, experimental",5DvJgsMLbaR1HmAI6VhfcQ,2023-08-18,14,album,2.99,2023,8
1,75,False,58,253726,,1j5AROUr8rq5xb2CXDIH1c,2023-08-18,1,single,1.9,2023,8
10,49,True,81,26558356,"country pop, rock, hip hop, experimental",5DvJgsMLbaR1HmAI6VhfcQ,2023-08-18,14,album,2.28,2023,8
2,50,False,88,31785695,"nu metal, rap metal, rock, alternative metal",1lsyqdZBLouj2ptjqHDE5Y,2023-08-18,63,compilation,3.12,2023,8
5,57,False,81,26558356,"country pop, rock, hip hop, experimental",5DvJgsMLbaR1HmAI6VhfcQ,2023-08-18,14,album,3.85,2023,8
4,68,False,81,26558356,"country pop, rock, hip hop, experimental",5DvJgsMLbaR1HmAI6VhfcQ,2023-08-18,14,album,3.18,2023,8
9,50,False,81,26561582,"country pop, rock, hip hop, experimental",5DvJgsMLbaR1HmAI6VhfcQ,2023-08-18,14,album,4.1,2023,8
1,39,True,61,644963,,523PqkfY2F5mtL1Rdg0g84,2023-08-17,3,single,3.04,2023,8
1,70,True,76,8456647,"corridos tumbados, corrido, corridos bélicos, sad sierreño, música mexicana, banda, sierreño",30KJEN3ICjhYsZ1NgunRCr,2023-08-17,1,single,2.6,2023,8
3,22,True,60,644838,,523PqkfY2F5mtL1Rdg0g84,2023-08-17,3,single,2.96,2023,8
2,22,True,60,644838,,523PqkfY2F5mtL1Rdg0g84,2023-08-17,3,single,2.8,2023,8
1,80,True,64,91131,hypertechno,5MU0RmBSpoSxOPYBfcobDc,2023-08-11,1,single,2.2,2023,8
5,70,True,87,60358474,"reggaeton, latin, urbano latino",1f2q2JQ3GFwIrWch2JLC0u,2023-08-11,10,album,2.87,2023,8
1,52,False,69,1303279,"melbourne bounce, big room",1JjGogI2XIeKZK0UOSJQaY,2023-08-11,1,single,2.25,2023,8
1,1,True,57,461945,,7umRaDZ9FqTaL2EWZvGMEX,2023-08-11,1,single,2.44,2023,8
6,79,False,69,1744522,,5xnXOCf5aZgZ43DgGN4EDv,2023-08-11,14,album,3.49,2023,8
1,2,True,85,49083617,"pop rock, alternative pop, pop punk",3SHq2tBWWsAG6NEOMKZSj0,2023-08-11,1,single,3.07,2023,8
28,47,False,56,55232,medieval,6JR4qLOXu96krMWxBTpXSR,2023-08-10,43,album,3.94,2023,8
1,29,False,78,41264069,,3RoaCuBXnv3ehgethBtNHV,2023-08-10,1,single,2.62,2023,8
22,49,False,56,55213,medieval,6JR4qLOXu96krMWxBTpXSR,2023-08-10,43,album,4.64,2023,8
40,50,False,56,55191,medieval,6JR4qLOXu96krMWxBTpXSR,2023-08-10,43,album,3.99,2023,8
16,45,False,56,55213,medieval,6JR4qLOXu96krMWxBTpXSR,2023-08-10,43,album,4.95,2023,8
2,47,False,56,55191,medieval,6JR4qLOXu96krMWxBTpXSR,2023-08-10,43,album,2.19,2023,8
41,43,False,56,55213,medieval,6JR4qLOXu96krMWxBTpXSR,2023-08-10,43,album,2.86,2023,8
4,48,False,56,55232,medieval,6JR4qLOXu96krMWxBTpXSR,2023-08-10,43,album,2.44,2023,8
1,77,True,86,34735147,,54dZypaXHAIDzBe9ujAZ63,2023-08-04,1,single,3.86,2023,8
1,50,False,62,73057,hypertechno,0B7sAo6TCAyMhwQGTtU2FK,2023-08-04,1,single,2.52,2023,8
1,0,False,37,11526,,3X3TIaPD3JkNR1QvanenPg,2023-08-02,4,single,2.6,2023,8
2,0,False,37,11530,,3X3TIaPD3JkNR1QvanenPg,2023-08-02,4,single,3.21,2023,8
2,38,False,68,5738825,,4Np4Y9DtFQYc3MlgOst3gb,2023-07-29,2,single,1.06,2023,7
9,55,False,85,47716988,"pop, hip hop, country",6r1lh7fHMB499vGKtIyJLy,2023-07-28,17,album,2.46,2023,7
2,59,True,85,47716988,"pop, hip hop, country",6r1lh7fHMB499vGKtIyJLy,2023-07-28,17,album,3.42,2023,7
10,51,False,86,47720209,"pop, hip hop, country",6r1lh7fHMB499vGKtIyJLy,2023-07-28,17,album,2.7,2023,7
14,51,True,86,47720209,"pop, hip hop, country",6r1lh7fHMB499vGKtIyJLy,2023-07-28,17,album,2.89,2023,7
1,0,False,58,146914,slap house,68X1jyzJU7n5bCGitlwsVc,2023-07-28,1,single,2.54,2023,7
3,58,True,85,47716988,"pop, hip hop, country",6r1lh7fHMB499vGKtIyJLy,2023-07-28,17,album,3.05,2023,7
12,65,True,89,41107596,rap,18NOKLkZETa4sWwLMIm0UZ,2023-07-28,19,album,4.31,2023,7
1,69,False,84,23079295,edm,3XDtRvXV5DR1xZfvcneG2C,2023-07-28,1,single,2.98,2023,7
8,83,True,89,41131037,rap,18NOKLkZETa4sWwLMIm0UZ,2023-07-28,19,album,3.19,2023,7
1,69,False,62,457277,"witch house, darkwave",7FcVJdKdyryXNniCPg75fi,2023-07-28,1,single,4.21,2023,7
11,49,False,86,47722935,"pop, hip hop, country",6r1lh7fHMB499vGKtIyJLy,2023-07-28,17,album,3.48,2023,7
10,79,True,89,41107596,rap,18NOKLkZETa4sWwLMIm0UZ,2023-07-28,19,album,3.52,2023,7
17,56,True,85,47716988,"pop, hip hop, country",6r1lh7fHMB499vGKtIyJLy,2023-07-28,17,album,4.1,2023,7
18,76,True,89,41119579,rap,18NOKLkZETa4sWwLMIm0UZ,2023-07-28,19,album,5.89,2023,7
13,61,True,86,47722935,"pop, hip hop, country",6r1lh7fHMB499vGKtIyJLy,2023-07-28,17,album,2.32,2023,7
1,82,False,77,3505794,afrobeats,22sXXkKgjEuawIFL1e1tRw,2023-07-28,1,single,3.33,2023,7
7,73,True,89,41107596,rap,18NOKLkZETa4sWwLMIm0UZ,2023-07-28,19,album,4.1,2023,7
5,56,True,86,47722935,"pop, hip hop, country",6r1lh7fHMB499vGKtIyJLy,2023-07-28,17,album,2.46,2023,7
4,54,True,85,47716988,"pop, hip hop, country",6r1lh7fHMB499vGKtIyJLy,2023-07-28,17,album,3.28,2023,7
1,73,True,74,4573539,"hyperpop, nightcore",0BkF8h20ihtHhQrvhg7b4E,2023-07-26,1,single,2.12,2023,7
1,54,False,38,10229,,41RuwzjS0LzzjlIPFttvAD,2023-07-24,1,single,2.11,2023,7
1,46,False,58,116368,,3Y1VOkLwQTMpERO9TveOws,2023-07-23,1,single,1.28,2023,7
16,47,False,64,424983,soundtrack,0rwbMKjNkp4ehQTwf9V2Jk,2023-07-21,24,album,7.88,2023,7
5,44,False,87,60358474,"reggaeton, latin, urbano latino",0BaIaHcyBXuOWeM4Aas4EW,2023-07-21,17,compilation,2.78,2023,7
1,38,False,52,78451,,1hcMAsc4rcjWvZ3rKPCkuH,2023-07-21,5,single,2.84,2023,7
9,46,False,74,2222327,,0BaIaHcyBXuOWeM4Aas4EW,2023-07-21,17,compilation,2.36,2023,7
10,41,False,65,1436299,,0BaIaHcyBXuOWeM4Aas4EW,2023-07-21,17,compilation,3.76,2023,7
7,44,False,84,9509731,"neo-psychedelic, indie",0BaIaHcyBXuOWeM4Aas4EW,2023-07-21,17,compilation,1.46,2023,7
1,68,True,89,41107596,rap,10eNMeTimUzAKLhCOpIUlb,2023-07-21,1,single,3.08,2023,7
1,54,False,68,5739313,,0BaIaHcyBXuOWeM4Aas4EW,2023-07-21,17,compilation,2.39,2023,7
4,58,False,64,425177,soundtrack,0rwbMKjNkp4ehQTwf9V2Jk,2023-07-21,24,album,3.0,2023,7
13,42,False,82,16946293,,0BaIaHcyBXuOWeM4Aas4EW,2023-07-21,17,compilation,2.76,2023,7
1,48,True,60,157326,"hard techno, hypertechno",3748XL91ovL1Tpni1BWAor,2023-07-21,1,single,2.29,2023,7
4,61,False,82,6315216,"hyperpop, art pop",0BaIaHcyBXuOWeM4Aas4EW,2023-07-21,17,compilation,1.96,2023,7
3,55,False,64,424983,soundtrack,0rwbMKjNkp4ehQTwf9V2Jk,2023-07-21,24,album,3.56,2023,7
14,48,False,78,4761364,bedroom pop,0BaIaHcyBXuOWeM4Aas4EW,2023-07-21,17,compilation,2.06,2023,7
17,45,False,63,1990839,k-pop,0BaIaHcyBXuOWeM4Aas4EW,2023-07-21,17,compilation,2.49,2023,7
3,50,False,84,34293318,,0BaIaHcyBXuOWeM4Aas4EW,2023-07-21,17,compilation,1.82,2023,7
6,55,True,49,281826,trap metal,1VBKFrSZ7JSMAfBNz2nAcX,2023-07-21,7,album,3.2,2023,7
15,39,False,58,668804,,0BaIaHcyBXuOWeM4Aas4EW,2023-07-21,17,compilation,2.27,2023,7
2,71,False,64,425177,soundtrack,0rwbMKjNkp4ehQTwf9V2Jk,2023-07-21,24,album,1.83,2023,7
16,61,False,77,7753423,,0BaIaHcyBXuOWeM4Aas4EW,2023-07-21,17,compilation,2.29,2023,7
23,60,False,64,425177,soundtrack,0rwbMKjNkp4ehQTwf9V2Jk,2023-07-21,24,album,2.91,2023,7
12,45,False,79,6595164,,0BaIaHcyBXuOWeM4Aas4EW,2023-07-21,17,compilation,2.32,2023,7
6,45,False,81,26278854,soft pop,0BaIaHcyBXuOWeM4Aas4EW,2023-07-21,17,compilation,3.12,2023,7
6,53,False,64,425177,soundtrack,0rwbMKjNkp4ehQTwf9V2Jk,2023-07-21,24,album,5.79,2023,7
1,51,False,60,220555,slap house,1vDHV4XiihKINCQhWX04O6,2023-07-21,1,single,2.72,2023,7
8,0,False,76,8008992,alternative rock,1UCq004Z2Sjl5We1S0OOF6,2023-07-21,85,compilation,3.73,2023,7
1,45,False,55,263005,,694IwHsLbe9Eu9ANJBbR9w,2023-07-20,1,single,3.39,2023,7
1,1,False,83,17365648,dream pop,6EIC2a6khsh1h1DfG8WlBW,2023-07-18,2,single,4.65,2023,7
2,77,True,79,18615260,k-pop,53985D8g3JcGBoULSOYYKX,2023-07-14,3,single,3.07,2023,7
1,26,True,72,9463490,,35N2XoH2rveqI5FAB30HSf,2023-07-13,1,single,2.6,2023,7
1,48,False,45,1894,,4Nm0pr3Fr88FYrnYLJui6z,2023-07-13,1,single,2.32,2023,7
1,84,False,90,118692183,"alternative pop, electropop, dark pop",3AafSrFIbJPH6BJHiJm1Cd,2023-07-13,1,single,3.7,2023,7
11,46,False,71,4141160,"country, acoustic country",0nNeZehK2PNhzqxpCzqO2k,2023-07-12,31,compilation,4.38,2023,7
2,78,False,77,11611877,k-pop,5V729UqvhwNOcMejx0m55I,2023-07-07,2,single,2.57,2023,7
1,23,False,82,6416353,,07kam1Dks7GIucbSelfvyX,2023-07-07,1,single,3.1,2023,7
1,76,True,71,2570848,,55XQzGrXvQgpVWAn7mL7CT,2023-07-07,2,single,2.51,2023,7
1,19,True,52,55780,,6mNc406rR3OORVgsBmUgwc,2023-07-07,1,single,2.1,2023,7
7,66,False,74,2222327,,2T7LuxZRr6SQMgABLtoYTH,2023-07-07,15,album,3.1,2023,7
1,64,False,93,112957721,"r&b pop, alternative r&b, hip hop, synthpop",10SppFk45za4CHPEiiuQaD,2023-07-03,3,single,3.99,2023,7
1,37,False,43,5251,slap house,4lgm7ElEHHq6qByLCTrr0o,2023-06-30,1,single,2.13,2023,6
3,0,True,61,325311,,63ub9Mu2sxcHPPSxpBspMR,2023-06-30,4,single,2.89,2023,6
1,64,False,66,755880,dark r&b,6vX3fRpUBbJ5KD9ipuiIeZ,2023-06-30,1,single,3.12,2023,6
1,66,False,76,11246962,"brazilian bass, electronic, slap house, electro house",1yUD0trOHc8dudwm9VAiHs,2023-06-30,1,single,2.45,2023,6
11,44,False,68,1486975,"japanese classical, anime",561qUZZO6f2sILHUMlXmlM,2023-06-30,29,album,1.96,2023,6
1,5,True,84,49050008,"pop rock, alternative pop, pop punk",5kqfR7EuGbyp8x27Pr1kY9,2023-06-30,1,single,3.66,2023,6
1,67,False,82,6322030,"hyperpop, art pop",6MLx7SZjcmMHNUJc1Tcir0,2023-06-29,1,single,1.96,2023,6
1,47,False,60,644923,,5Q5ZxN5xo2Gw5Ddf6Sjs07,2023-06-23,1,single,2.48,2023,6
1,21,False,21,488,nightcore,1XVPXHVy3m0WKfwihW3bV5,2023-06-23,1,single,2.37,2023,6
1,41,True,41,30249,dark r&b,3ICpzfXsflBKy33YoVZYhe,2023-06-23,1,single,2.77,2023,6
1,37,False,37,5996,,3wudYTDiJdoHEgNdKvy74h,2023-06-23,4,single,2.42,2023,6
1,68,True,84,34297934,,5CM66hwjlbZ06LhONWXOAs,2023-06-23,1,single,1.82,2023,6
1,91,False,93,112918137,"r&b pop, alternative r&b, hip hop, synthpop",7tzVd1fwkxsorytCBjEJkU,2023-06-23,3,single,4.07,2023,6
1,58,False,72,318020,,2KTqJJVzXUalakSm6HcTdA,2023-06-16,1,single,3.22,2023,6
16,57,False,82,7430490,,78YYcghEDz2dHRx0EcDGXZ,2023-06-16,16,album,4.21,2023,6
2,75,False,82,7403257,,78YYcghEDz2dHRx0EcDGXZ,2023-06-16,16,album,4.09,2023,6
1,59,True,86,34742256,,38xgBOLAcKoYWMSXWUDH1E,2023-06-16,1,single,4.61,2023,6
6,78,True,85,10342615,melodic rap,5qmZefgh78fN3jsyPPlvuw,2023-06-16,15,album,2.08,2023,6
1,75,False,62,1067325,,2LVDNOUUy2g8517ZEtQIcK,2023-06-15,1,single,3.85,2023,6
1,39,False,94,112995439,"r&b pop, alternative r&b, hip hop, synthpop",2SQvwkhFgWxdf2q0ZZvpQi,2023-06-12,3,single,3.06,2023,6
1,46,False,59,441801,edm trap,3IqciDNeCpyycdfxs6AA6T,2023-06-09,1,single,3.72,2023,6
3,49,False,39,49536,,7kwav2MO9gEBS55o0Ui3n9,2023-06-09,14,album,3.13,2023,6
1,29,True,28,7683,,3SdAijqXWD1ApHzDmrs2zc,2023-06-09,1,single,3.58,2023,6
19,75,False,82,4379868,,1pb3je8gXTs5dpRRTKhHRC,2023-06-09,21,album,4.64,2023,6
1,26,False,42,8656,,4HSpsmFE2ODfPnEEcIhqwy,2023-06-09,1,single,2.67,2023,6
14,45,False,39,49536,,7kwav2MO9gEBS55o0Ui3n9,2023-06-09,14,album,4.22,2023,6
5,49,False,50,136853,,0sxjVtCBiHWdZLWyndytPJ,2023-06-08,9,album,2.89,2023,6
1,75,True,60,278024,hyperpop,6KLSjdqyjISLUhW8bx0Bqi,2023-06-06,1,single,1.98,2023,6
18,40,False,70,5589145,"country, pop country, acoustic country",1cLPPI2wuFaMW8EIKsav5O,2023-06-02,50,compilation,3.71,2023,6
1,81,True,93,112957721,"r&b pop, alternative r&b, hip hop, synthpop",5O0zUvdnJr0RbWzLFneN2i,2023-06-02,1,single,3.59,2023,6
3,0,True,61,325144,,5QWeJmTLGFlvrwg3BmFQHL,2023-06-02,3,single,2.98,2023,6
1,62,False,75,2223332,,57bOm4y0cT0j9Kwl7Osasj,2023-06-02,1,single,3.1,2023,6
1,70,False,64,84858,"hypertechno, slap house",57jsctxgXIlNnaWtZpjweW,2023-06-02,1,single,2.71,2023,6
1,68,True,76,18188680,"argentine trap, trap latino, urbano latino",5dKPhEYBhP8j85HcxQfaw6,2023-06-01,1,single,3.13,2023,6
1,58,False,61,26106,,49rPIZxBEwNFxZSdhcjiMr,2023-06-01,1,single,2.97,2023,6
1,81,True,80,6598184,"grime, uk grime, uk drill, drill",5l0QlaI3wdZpE7ggoO5Rwg,2023-06-01,1,single,3.81,2023,6
6,46,True,82,15684530,"emo rap, cloud rap",3PE5Orjcbkojb1KuTs33nX,2023-05-31,6,single,2.39,2023,5
1,51,False,56,18834,,28VqRVTfC8uUDvznujudi0,2023-05-29,1,single,1.67,2023,5
22,72,True,100,145396321,"country, pop, indie, folk",1fnJ7k0bllNfL1kVdNVW1A,2023-05-26,23,album,3.83,2023,5
2,77,False,79,4684957,,3rrrTOHiXGzuW4FP7t0O1A,2023-05-26,9,single,4.04,2023,5
1,25,False,19,610,deep house,1XgDcbfNverLwxAXcy1sP3,2023-05-26,1,single,2.4,2023,5
1,0,False,50,12555,,0xBscHpR8cx44lUwRAsftQ,2023-05-26,1,single,3.33,2023,5
3,66,True,78,9504357,"chicago drill, drill",6ciIG1XKTlVIn0Yl8rvsce,2023-05-26,21,album,3.73,2023,5
1,80,False,85,46891061,pop,5cH7FqB7JD5q1tJXJ7FHYu,2023-05-25,1,single,2.94,2023,5
1,54,False,47,25511,,5Gp0KtUh4aBc1zq3R0qH3H,2023-05-23,1,single,1.03,2023,5
1,0,False,40,138349,,2eg5syqQEvNHX7lKoMuTuO,2023-05-22,1,single,3.76,2023,5
1,59,False,72,963679,dark r&b,3XbnjCc9lPs0JgPym6Z6Mz,2023-05-19,2,single,2.53,2023,5
1,72,False,79,14043382,soft pop,0ECSyPejfD7oL95dD3jgoi,2023-05-19,12,album,3.39,2023,5
1,84,False,88,51821190,"alternative pop, indie pop",6jVg0POvGYH1Pt6lISl3ok,2023-05-19,2,single,3.48,2023,5
3,71,False,78,2822145,"progressive metal, metalcore",1gjugH97doz3HktiEjx2vY,2023-05-19,12,album,3.75,2023,5
1,52,False,78,41266350,,1UXk3tqoiztm67jUI7muv9,2023-05-19,3,single,3.17,2023,5
1,61,True,84,41176723,,2x4aShbWkdZ1h8sfO23yZN,2023-05-19,1,single,4.34,2023,5
2,60,False,79,12478974,,3hPyxRi49jls3gU6Si8JdF,2023-05-17,2,single,2.93,2023,5
1,67,False,79,20854863,soft pop,4mXHsCQ4aRccewmcKUxIBJ,2023-05-12,1,single,2.84,2023,5
1,28,False,41,11026,nightcore,0dk9CaL7kk66f0Z4DIM7aI,2023-05-12,1,single,2.38,2023,5
1,75,False,82,8489170,,1BOZNMzXTIkz8nUfGCxfpe,2023-05-11,1,single,2.82,2023,5
1,49,False,61,26114,,34wl04yj9vtN7FSlDMCzv1,2023-05-11,1,single,2.05,2023,5
2,41,True,35,37108,emo rap,13CmrUATgFyxu58rIkILZK,2023-05-05,2,single,3.86,2023,5
2,77,False,65,330171,"electroclash, witch house",56hrhzHAOsm5C7kSXzF4kh,2023-05-05,16,album,3.64,2023,5
1,0,True,59,246162,"german indie, german indie pop, german pop",16j5gY7gqDM1phRVqzgrbL,2023-05-05,1,single,3.56,2023,5
1,48,False,78,13212719,,3LpSBl8LPPFkoUeY6uLrZ3,2023-04-28,1,single,3.69,2023,4
1,41,False,26,2348,,1azcFDyJI3U77j2uxCiGr6,2023-04-28,1,single,2.25,2023,4
30,36,False,60,1956457,country,2izvuxJZ0wqpVH5pt6C64e,2023-04-28,44,compilation,3.1,2023,4
1,46,False,59,135959,,64quoSDYu7sZEXuMyXPIqQ,2023-04-27,1,single,3.06,2023,4
6,65,False,80,7978695,"edm, trance, big room",1Pl9ZGXwayXPg5qRVpYo74,2023-04-21,12,album,2.16,2023,4
1,57,False,66,754907,dark r&b,5Mn04JTuqg6pCwXQhgGbC3,2023-04-21,1,single,2.5,2023,4
14,51,True,77,7220459,baroque pop,6a15PoOmOueHCdogzhHRbh,2023-04-21,18,album,4.58,2023,4
2,70,False,80,7978695,"edm, trance, big room",1Pl9ZGXwayXPg5qRVpYo74,2023-04-21,12,album,2.74,2023,4
1,69,True,93,112957721,"r&b pop, alternative r&b, hip hop, synthpop",0Ct52rooGyvjv6qXrBPNzm,2023-04-21,2,single,4.47,2023,4
1,43,False,33,2505,,2K8XQhKYTdELqMiIt7V4es,2023-04-20,1,single,2.28,2023,4
9,79,False,68,3646136,"indonesian indie, indonesian pop, indie",6XVW3zoK1nmskW7drvHy9h,2023-04-18,10,album,4.35,2023,4
1,0,False,32,92528,,4JL0ZznYj1ebteH1OlQ31d,2023-04-18,1,single,2.4,2023,4
1,75,False,83,7470903,"cumbia norteña, banda, norteño, música mexicana, corrido, corridos tumbados, grupera, tejano, ranchera, corridos bélicos",7aGzSSUD8S6IhPCsZSiuMT,2023-04-17,1,single,3.24,2023,4
1,32,False,25,19649,,37YWIL8h1u1TZIzbKTETRA,2023-04-14,1,single,2.51,2023,4
1,74,True,86,47720209,"pop, hip hop, country",7qcSUc5Af63mhfTF60KTEA,2023-04-14,1,single,3.06,2023,4
2,38,False,29,29094,,0YiNeZCJUJLOl6xUekCBFV,2023-04-14,2,single,2.86,2023,4
1,17,False,70,2768544,,6NcI39WPu4kY6Tul11nhSv,2023-04-14,1,single,3.54,2023,4
1,53,False,61,26106,,3b372lvrEJ7mE1pFsDwBo5,2023-04-13,1,single,2.33,2023,4
13,28,False,81,26272346,soft pop,5BNUgsVK7qqfFnV046qHfW,2023-04-12,22,album,2.7,2023,4
12,23,False,81,26275803,soft pop,5BNUgsVK7qqfFnV046qHfW,2023-04-12,22,album,1.84,2023,4
2,32,False,81,26272346,soft pop,5BNUgsVK7qqfFnV046qHfW,2023-04-12,22,album,2.82,2023,4
6,28,False,81,26275803,soft pop,5BNUgsVK7qqfFnV046qHfW,2023-04-12,22,album,3.92,2023,4
7,27,False,81,26278854,soft pop,5BNUgsVK7qqfFnV046qHfW,2023-04-12,22,album,2.67,2023,4
3,0,False,81,26275803,soft pop,5BNUgsVK7qqfFnV046qHfW,2023-04-12,22,album,0.3,2023,4
11,30,False,81,26278854,soft pop,5BNUgsVK7qqfFnV046qHfW,2023-04-12,22,album,3.82,2023,4
4,36,False,81,26275803,soft pop,5BNUgsVK7qqfFnV046qHfW,2023-04-12,22,album,3.91,2023,4
1,36,False,81,26272346,soft pop,5BNUgsVK7qqfFnV046qHfW,2023-04-12,22,album,4.92,2023,4
5,26,False,81,26275803,soft pop,5BNUgsVK7qqfFnV046qHfW,2023-04-12,22,album,3.85,2023,4
8,25,False,81,26278854,soft pop,5BNUgsVK7qqfFnV046qHfW,2023-04-12,22,album,2.5,2023,4
3,33,False,81,26272346,soft pop,5BNUgsVK7qqfFnV046qHfW,2023-04-12,22,album,4.22,2023,4
7,29,False,81,26278854,soft pop,5BNUgsVK7qqfFnV046qHfW,2023-04-12,22,album,4.17,2023,4
1,0,False,53,158574,"desi pop, bollywood, hindi indie, desi",52ujyfltTvDak6aBG9CNQu,2023-04-12,1,single,4.11,2023,4
10,0,False,81,26272346,soft pop,5BNUgsVK7qqfFnV046qHfW,2023-04-12,22,album,0.14,2023,4
9,25,False,81,26272346,soft pop,5BNUgsVK7qqfFnV046qHfW,2023-04-12,22,album,2.83,2023,4
5,30,False,81,26275803,soft pop,5BNUgsVK7qqfFnV046qHfW,2023-04-12,22,album,4.52,2023,4
6,31,False,81,26272346,soft pop,5BNUgsVK7qqfFnV046qHfW,2023-04-12,22,album,2.61,2023,4
9,29,False,81,26272346,soft pop,5BNUgsVK7qqfFnV046qHfW,2023-04-12,22,album,3.98,2023,4
4,30,False,81,26278854,soft pop,5BNUgsVK7qqfFnV046qHfW,2023-04-12,22,album,3.17,2023,4
8,27,False,81,26275803,soft pop,5BNUgsVK7qqfFnV046qHfW,2023-04-12,22,album,3.62,2023,4
1,29,False,81,26278854,soft pop,5BNUgsVK7qqfFnV046qHfW,2023-04-12,22,album,3.38,2023,4
2,27,False,81,26272346,soft pop,5BNUgsVK7qqfFnV046qHfW,2023-04-12,22,album,3.28,2023,4
1,68,False,0,0,,33JqWTchq6piiQddrRIvJX,2023-04-07,1,single,2.66,2023,4
1,30,False,41,11026,nightcore,31mnepf2dsr3nlpYApdhwc,2023-04-07,1,single,1.93,2023,4
1,72,True,95,103067383,rap,67WUCOjyl44d8fAFzHONjW,2023-04-07,1,single,4.53,2023,4
1,56,False,60,220555,slap house,29xmDbpP6xSw3Bs1d6YPHa,2023-04-07,1,single,2.71,2023,4
1,78,False,87,27141717,edm,327tc3Eruk1HP1w62iqROy,2023-04-06,2,single,2.33,2023,4
2,53,False,75,22219090,,6lbrHERXve89hrxuCpsJOg,2023-04-05,16,album,4.13,2023,4
20,63,True,86,24420596,,1GG6U2SSJPHO6XsFiBzxYv,2023-03-31,24,album,3.4,2023,3
1,49,True,76,5987057,"southern hip hop, rap, trap",6K67robZZpglKEFuNQWtsr,2023-03-31,1,single,2.98,2023,3
1,71,False,54,308503,"synthwave, chillwave, vaporwave",7njHOwYjouefEKp1XbTx95,2023-03-31,4,single,2.85,2023,3
21,67,True,86,24440038,,1GG6U2SSJPHO6XsFiBzxYv,2023-03-31,24,album,2.68,2023,3
7,47,True,65,559539,,1AJrpzYu5KAbDSvmyiIUhr,2023-03-31,15,album,2.86,2023,3
1,43,False,30,414,,3qsSpmoYiXKUp4hmakuINy,2023-03-30,1,single,2.43,2023,3
1,62,False,59,130408,dark r&b,687klfdVWV7wVtVzHZpEx8,2023-03-28,2,single,2.97,2023,3
1,0,True,86,24451340,,1pdqT6DBwIA0WElEspOA0v,2023-03-27,1,single,2.68,2023,3
1,0,True,32,7211,,6bQ4W8uGKShemNworalIj6,2023-03-25,1,single,2.75,2023,3
12,77,False,88,51798111,"alternative pop, indie pop",5HOHne1wzItQlIYmLXLYfZ,2023-03-24,16,album,4.63,2023,3
3,74,False,79,10844512,k-pop,4xc3Lc9yASZgEJGH7acWMB,2023-03-24,6,single,3.53,2023,3
13,80,False,88,51773650,"alternative pop, indie pop",5HOHne1wzItQlIYmLXLYfZ,2023-03-24,16,album,5.66,2023,3
1,21,False,27,2422,slap house,3kJq6sJF3eJWSxMioaEMCQ,2023-03-24,1,single,2.22,2023,3
26,18,False,62,2816087,"proto-punk, baroque pop",3pMMPsGXOpkvX3m21YCGX5,2023-03-24,36,album,3.34,2023,3
2,67,True,88,51821190,"alternative pop, indie pop",5HOHne1wzItQlIYmLXLYfZ,2023-03-24,16,album,4.75,2023,3
1,3,False,88,122773292,soft pop,43qfLpwe6sEOEqxVmOHRu0,2023-03-24,1,single,3.24,2023,3
14,82,False,83,13400486,country,5Uly85dJHHDfHQCsyUQ8gw,2023-03-24,18,album,4.42,2023,3
1,50,False,66,8862622,,7lAb1k0oyiwz7WONpINl5A,2023-03-24,1,single,2.95,2023,3
1,56,True,72,2133043,,67CW3pOkOhn5ugepbhxCJ4,2023-03-24,1,single,1.09,2023,3
1,75,False,77,8585717,latin,50uChhk7AKkzDKytDixjYW,2023-03-24,3,single,3.24,2023,3
6,58,False,88,51773650,"alternative pop, indie pop",5HOHne1wzItQlIYmLXLYfZ,2023-03-24,16,album,5.24,2023,3
1,0,False,46,28773,,5RNUxKdFTqfPcyFfSyIG4s,2023-03-23,1,single,3.07,2023,3
1,71,True,66,785952,,4h7ERA3MzqEh9B3edziLAn,2023-03-23,1,single,3.96,2023,3
22,78,True,85,21958567,"reggaeton, trap latino, urbano latino",3puAvurwvtvi1rodndIPW8,2023-03-23,23,album,3.29,2023,3
3,62,False,56,409725,,3pcb6cs5ZquBAOiZXuQQRA,2023-03-23,12,album,3.18,2023,3
1,77,True,65,445514,"reggaeton mexa, reggaeton, electro corridos, dembow belico",6aBVGuOUEuX18rHxyDWbti,2023-03-17,2,single,3.9,2023,3
1,74,False,62,99854,dark r&b,0cDcH04KfQpQe5cEo6agvL,2023-03-17,1,single,3.2,2023,3
2,72,True,76,3229233,,71MqBkcflJ1Rz1SHo8XSi5,2023-03-17,6,single,3.16,2023,3
1,65,False,65,802580,tropical house,4IUv9dcdWGXkug84xuIwX7,2023-03-17,1,single,2.88,2023,3
1,53,False,82,9112977,,5mS9VJU9Lv7YfQtu6bqKmt,2023-03-17,3,single,4.03,2023,3
15,81,True,91,26516295,pop,2g4aJTa5ejGpp0O0GKzWAQ,2023-03-17,17,album,3.09,2023,3
1,75,False,75,6442976,"corridos tumbados, sad sierreño, corrido, sierreño, música mexicana, corridos bélicos",3Mm1P5CEEAiuJqBclr2EyU,2023-03-16,1,single,2.76,2023,3
1,56,False,61,26095,,0N0hk3tH9gOUDX0NkHIbNl,2023-03-16,1,single,2.62,2023,3
19,74,False,94,112995439,"r&b pop, alternative r&b, hip hop, synthpop",35dut3ICqF3NEDkjxfzJJ1,2023-03-14,21,album,3.88,2023,3
1,6,False,81,26558356,"country pop, rock, hip hop, experimental",0HiZ8fNXwJOQcrf5iflrdz,2023-03-10,13,album,3.34,2023,3
1,71,False,84,23078931,edm,22UyygZceCIfoE0RhENgKx,2023-03-10,1,single,3.1,2023,3
1,58,False,59,72278,dark r&b,0xsbdCQqV9Rl4K0d82aOe0,2023-03-10,2,single,2.69,2023,3
1,54,False,52,178379,christian folk,1a2RJNW9AkEtgK4Pt3hUlY,2023-03-08,2,single,3.23,2023,3
2,13,False,30,5446,southern gothic,7JhTlHuk4lt3ylNQMIDAY4,2023-03-03,9,album,3.32,2023,3
11,80,False,65,1005044,,7gA8QSNSZvHUYC9feFpeLj,2023-03-03,11,album,3.27,2023,3
1,31,False,62,141180,slap house,3mMAancciIstM6xJ2xYv0X,2023-03-03,1,single,2.65,2023,3
16,35,True,61,821037,,4V6qjHa2otWYkYHB6bdO1S,2023-03-03,18,album,4.22,2023,3
14,79,False,83,9469943,,5OZ44LaqZbpP3m9B3oT8br,2023-03-03,15,album,3.12,2023,3
2,35,True,88,13999205,country,6i7mF7whyRJuLJ4ogbH2wh,2023-03-03,36,album,2.73,2023,3
1,37,True,53,203154,"uk drill, drill, grime, uk grime",1GneUvQfEE0xn4z2UCNjQr,2023-03-02,1,single,2.91,2023,3
9,47,False,64,1581221,,6OU7EFtbj258KWnSd0SJFo,2023-03-02,11,album,2.92,2023,3
1,45,True,51,126108,,3jmmKIPtYmaC8XsDmVIO1W,2023-03-01,1,single,2.33,2023,3
44,40,False,25,20509,,1dJGmqeJGPl9jZrmoc0h5j,2023-02-27,66,compilation,3.49,2023,2
1,45,False,63,394210,soundtrack,1dJGmqeJGPl9jZrmoc0h5j,2023-02-27,66,compilation,1.12,2023,2
1,80,False,65,1194065,europop,0LRTS7FyYLppkDLOZT02Xp,2023-02-25,1,single,3.05,2023,2
6,80,True,87,60358474,"reggaeton, latin, urbano latino",4kS7bSuU0Jm9LYMosFU2x5,2023-02-24,17,album,3.29,2023,2
8,0,False,39,4948,,3ODj1uWvIT7kuNDlbnngmg,2023-02-24,11,album,3.58,2023,2
2,42,True,39,4952,,7LCWMz5qhflYOFta2pkrBE,2023-02-24,11,album,4.27,2023,2
2,6,False,63,1989684,k-pop,5letLUZIFsQikJYShfGNs4,2023-02-24,3,single,2.9,2023,2
1,72,False,93,112957721,"r&b pop, alternative r&b, hip hop, synthpop",6Exo0MYoL3XammoTDeihFy,2023-02-24,1,single,3.88,2023,2
4,5,False,50,227929,,3mKs4imLrMH2rq2CTrSKlt,2023-02-24,12,album,2.09,2023,2
1,74,False,83,9469943,,1y8Yw0NDcP2qxbZufIXt7u,2023-02-24,1,single,3.12,2023,2
4,0,False,39,4952,,3ODj1uWvIT7kuNDlbnngmg,2023-02-24,11,album,3.77,2023,2
9,77,True,85,7465428,,26z5llzd194mcCZHADWd6k,2023-02-24,16,album,3.97,2023,2
7,47,False,39,4948,,7LCWMz5qhflYOFta2pkrBE,2023-02-24,11,album,3.36,2023,2
1,1,False,70,10237757,,6IbldUF7xzRJuUDEApUCS3,2023-02-17,1,single,3.1,2023,2
1,64,False,63,2342730,,4XiUZULpVS6gTgKKU7KTX5,2023-02-17,1,single,3.47,2023,2
1,62,False,66,786453,,6FG85HWGBfk6AbHszOjuSN,2023-02-17,1,single,4.3,2023,2
1,53,False,61,26106,,2425ixzDuL4Oy9WEDsKnEp,2023-02-16,1,single,2.8,2023,2
1,59,False,44,61487,shibuya-kei,1vRxza3P5wbnqfieA27DAn,2023-02-16,1,single,4.66,2023,2
1,26,False,61,198190,,0DIb3dbnweowHxG7lKM3Es,2023-02-15,1,single,5.23,2023,2
1,80,False,78,6529086,bedroom pop,3KmSMUwyrakryureTNI4U8,2023-02-14,1,single,2.25,2023,2
1,25,False,10,187,,6nCPQIZWM5GLoZIdxTQU68,2023-02-13,1,single,2.57,2023,2
13,41,False,41,2311,,7zh839yQHDgZJASAuDmnpi,2023-02-10,34,album,4.45,2023,2
17,37,False,41,2314,,7zh839yQHDgZJASAuDmnpi,2023-02-10,34,album,1.64,2023,2
1,66,True,56,192529,,4eadTzshRApGna6Ppz5XwO,2023-02-10,1,single,2.37,2023,2
1,62,False,79,9792848,"pop punk, emo",6tG8sCK4htJOLjlWwb7gZB,2023-02-10,10,album,3.44,2023,2
1,69,False,88,31785695,"nu metal, rap metal, rock, alternative metal",7bN4OM5mtWq0UrAxdN6qMC,2023-02-10,1,single,3.32,2023,2
3,57,False,79,9792848,"pop punk, emo",6tG8sCK4htJOLjlWwb7gZB,2023-02-10,10,album,3.2,2023,2
1,1,False,58,146969,slap house,2S3AX5LheTOPfraEZPW6Ff,2023-02-10,1,single,2.69,2023,2
1,43,False,63,224352,"slap house, melbourne bounce",4tSBBYZHikk7WnaZclkZ0i,2023-02-10,1,single,2.31,2023,2
1,53,True,62,881780,,1TzD43H8N0nGO5GRIvlDge,2023-02-10,1,single,3.21,2023,2
1,72,True,82,19255400,melodic rap,3VvPLpCZR5viLBFTbzm6E1,2023-02-05,1,single,2.71,2023,2
3,21,False,39,14699,"anime, soundtrack",0tNFMwQRWZkDuxxhbrBZti,2023-02-05,35,album,2.51,2023,2
2,20,False,39,14688,"anime, soundtrack",0tNFMwQRWZkDuxxhbrBZti,2023-02-05,35,album,2.23,2023,2
1,19,False,65,1324293,soundtrack,376RpFh3WhZN3ecZ5mk68F,2023-02-03,1,single,3.09,2023,2
1,45,False,36,32943,,1zAVgTm4FHv0QYhrgtqHBy,2023-02-03,1,single,3.1,2023,2
2,44,False,78,4761364,bedroom pop,6cVfHBcp3AdpYY0bBglkLN,2023-02-03,2,single,2.18,2023,2
1,71,True,78,4759233,bedroom pop,6cVfHBcp3AdpYY0bBglkLN,2023-02-03,2,single,2.18,2023,2
5,82,True,81,2848210,,3U8n8LzBx2o9gYXvvNq4uH,2023-02-03,15,album,4.53,2023,2
1,0,False,56,139303,nightcore,6YFDY0LZpsXgU2tvhO5bY0,2023-02-02,1,single,3.84,2023,2
1,0,True,53,215447,,1ulPzOYjb3Ez1S3HUn4glH,2023-02-02,2,single,2.43,2023,2
1,34,False,59,226311,,4EdhaA14KbeH2HtLLFIkpG,2023-02-01,1,single,4.92,2023,2
1,33,True,88,13992482,country,7fOmdhRrRohTzToL617xkk,2023-01-31,3,single,2.73,2023,1
10,63,True,61,956325,,0FvZIwN0AHWYQVyuS3KR7H,2023-01-31,10,album,3.68,2023,1
1,78,False,69,458855,,1mDPBagNyFaAuiTT7kUJBQ,2023-01-29,1,single,3.28,2023,1
1,23,False,41,11036,nightcore,3YzcIlOPKOHM1Zh6zjfbQ7,2023-01-27,1,single,2.07,2023,1
1,62,False,77,8605316,latin,44mKxp7RB6x5O19VWqEXEm,2023-01-27,1,single,2.9,2023,1
1,63,False,79,6596750,,3z53jSP5i9bCPVOu3PARM8,2023-01-27,1,single,2.44,2023,1
2,62,False,78,6129109,r&b,0IrjdFRneYtHj0CwmAphDT,2023-01-27,5,single,2.5,2023,1
1,54,True,62,2109948,,32iVvfIYkmugGRxcTlzYjr,2023-01-25,1,single,2.53,2023,1
1,38,True,32,8404,dark r&b,0I5Adw2feM8diZgzsIXpWO,2023-01-24,1,single,1.61,2023,1
16,67,False,76,10636129,,2KUaR4K36tSliwAoUA1gcs,2023-01-20,17,album,2.46,2023,1
17,70,False,76,10636129,,2KUaR4K36tSliwAoUA1gcs,2023-01-20,17,album,4.11,2023,1
1,57,False,56,557610,,0qoWzc62jWceify6jMxXDt,2023-01-20,1,single,2.9,2023,1
8,55,False,76,10637574,,2KUaR4K36tSliwAoUA1gcs,2023-01-20,17,album,2.6,2023,1
2,74,True,76,10640396,,2KUaR4K36tSliwAoUA1gcs,2023-01-20,17,album,2.8,2023,1
1,68,False,76,10637574,,3wLMnrlPtVSADxalu9kIxK,2023-01-20,18,album,2.78,2023,1
10,53,False,76,10637574,,2KUaR4K36tSliwAoUA1gcs,2023-01-20,17,album,3.24,2023,1
9,48,True,76,10640396,,2KUaR4K36tSliwAoUA1gcs,2023-01-20,17,album,2.71,2023,1
12,51,False,76,10637574,,2KUaR4K36tSliwAoUA1gcs,2023-01-20,17,album,3.66,2023,1
2,73,False,70,671778,,1nlaLDMPSzXL8G5LPBDhwd,2023-01-20,2,single,1.94,2023,1
1,45,True,73,10023089,,5eo1sGPwe7pPucD3DjOyzf,2023-01-20,2,single,4.34,2023,1
5,71,False,76,10638829,,2KUaR4K36tSliwAoUA1gcs,2023-01-20,17,album,2.74,2023,1
1,62,False,76,10636129,,2KUaR4K36tSliwAoUA1gcs,2023-01-20,17,album,3.19,2023,1
11,58,False,76,10638829,,2KUaR4K36tSliwAoUA1gcs,2023-01-20,17,album,2.51,2023,1
1,54,False,83,9469943,,2XCrHIlpS6yq2Lix46lOPi,2023-01-19,1,single,3.76,2023,1
1,28,False,18,69,,3JdHk4XSqPxk3RocdRqoLv,2023-01-15,1,single,3.08,2023,1
1,67,False,69,293734,stutter house,2ArRQNLxf9t0O0gvmG5Vsj,2023-01-13,1,single,2.64,2023,1
1,14,False,81,26564677,"country pop, rock, hip hop, experimental",7I0tjwFtxUwBC1vgyeMAax,2023-01-13,1,single,3.34,2023,1
4,70,True,76,8820592,"reggaeton, urbano latino, latin",5xefnzEqKIWnmTWYFzekGZ,2023-01-13,17,album,3.6,2023,1
2,56,False,87,33029522,r&b,63nEYsFMdabB1qkWCOhsv7,2023-01-13,4,single,2.29,2023,1
1,55,False,61,26095,,7v4TdbrbAnwBEsyPCQpYnL,2023-01-12,1,single,3.07,2023,1
1,75,False,76,18190405,"argentine trap, trap latino, urbano latino",1gi2iwr1l8IUyHYHxi01pg,2023-01-11,1,single,3.58,2023,1
1,69,False,62,249306,,0TC7kk9aS65YztJnAcEeYR,2023-01-08,1,single,2.13,2023,1
1,61,True,69,4787436,,0CQzO0dUktGpymhtvrIXqW,2023-01-06,1,single,2.15,2023,1
1,1,False,46,51748,,5Vfm2TAYbm6cLoyyAva8D9,2023-01-06,2,single,2.8,2023,1
1,2,False,49,14451,deep house,5pjwNXDg3vALkItIHRsaft,2023-01-04,1,single,3.28,2023,1
1,65,True,53,27085,,0mXeV8wmRQpT7OxUw71WX6,2022-12-31,1,single,3.29,2022,12
1,56,False,78,8793654,,2gDxombRu8s5Acs8EPKpqt,2022-12-30,2,single,3.52,2022,12
1,79,False,77,11611877,k-pop,7bnqo1fdJU9nSfXQd3bSMe,2022-12-19,1,single,3.09,2022,12
8,21,False,42,25577,,5sjzDKKxr1CNZhmC6h5WH4,2022-12-16,53,album,0.84,2022,12
1,65,False,54,292059,,7oODsnDx7Pccntmf78OzQM,2022-12-16,7,album,4.81,2022,12
1,53,True,50,73397,dark r&b,5uGBG87oMU7ZRkoJXSiL7r,2022-12-16,1,single,2.14,2022,12
6,34,False,42,25557,,5sjzDKKxr1CNZhmC6h5WH4,2022-12-16,53,album,3.46,2022,12
12,40,False,56,438451,country,2y2vtPZDKk85ZBsYzbiJnT,2022-12-16,27,compilation,2.98,2022,12
1,72,True,79,9666661,"uk drill, drill, uk grime, grime",1QYPAEk2Ksj3WPv3mvoDnL,2022-12-15,1,single,2.9,2022,12
3,42,False,42,19349,,4M2Mf4pmARKGVT9MLCe3HA,2022-12-15,22,compilation,2.36,2022,12
1,56,False,48,62468,,44Hl219mevJkdTGOCEeLb7,2022-12-14,1,single,3.19,2022,12
1,55,True,78,9504357,"chicago drill, drill",31ItlZnLUC9S5wChTbE8Ew,2022-12-09,1,single,3.43,2022,12
2,77,False,87,33055350,r&b,07w0rG5TETcyihsEIZR3qG,2022-12-09,23,album,2.56,2022,12
14,83,True,87,33029522,r&b,07w0rG5TETcyihsEIZR3qG,2022-12-09,23,album,3.01,2022,12
19,68,True,87,33029522,r&b,07w0rG5TETcyihsEIZR3qG,2022-12-09,23,album,3.03,2022,12
8,85,True,87,33029522,r&b,07w0rG5TETcyihsEIZR3qG,2022-12-09,23,album,3.36,2022,12
16,67,True,87,33043825,r&b,07w0rG5TETcyihsEIZR3qG,2022-12-09,23,album,2.64,2022,12
1,28,False,20,2114,,7zLGrbFWb9lIG4Z4c0mcj8,2022-12-08,1,single,3.7,2022,12
1,52,False,61,26114,,24YVPCC5LJcCdunIKVJqdv,2022-12-08,1,single,2.66,2022,12
2,81,False,87,33029522,r&b,1nrVofqDRs7cpWXJ49qTnP,2022-12-08,23,album,2.56,2022,12
1,74,True,81,2857629,,4parxQfGC25WtlVVAm5S9q,2022-12-07,4,single,4.53,2022,12
1,76,False,61,573709,"afrobeats, afrobeat",5Hmh6N8oisrcuZKa8EY5dn,2022-12-06,1,single,3.07,2022,12
10,81,True,84,11679132,,7txGsnDSqVMoRl6RQ9XyZP,2022-12-02,15,album,3.69,2022,12
11,72,True,84,11687489,,7txGsnDSqVMoRl6RQ9XyZP,2022-12-02,15,album,3.45,2022,12
2,79,True,84,11687489,,7txGsnDSqVMoRl6RQ9XyZP,2022-12-02,15,album,3.04,2022,12
3,83,True,84,11683338,,7txGsnDSqVMoRl6RQ9XyZP,2022-12-02,15,album,3.33,2022,12
6,82,True,84,11683338,,7txGsnDSqVMoRl6RQ9XyZP,2022-12-02,15,album,3.24,2022,12
3,69,True,82,17833538,"reggaeton, trap latino, urbano latino",2AvuFDqTlnxvYhyVaLU6NY,2022-12-01,18,album,4.26,2022,12
1,63,False,78,4761364,bedroom pop,5Kdlc7Kds94W7UFFg6Me0N,2022-11-30,2,single,2.18,2022,11
1,68,True,66,932488,,4cAAsw7mPkGt15GXQzWlrM,2022-11-30,1,single,2.32,2022,11
2,55,False,47,13726,,7u8AD3xJhLIrXwJP6mwd9t,2022-11-28,3,single,2.95,2022,11
1,0,False,29,2339,,7juh490fl889nnoOtH9hDw,2022-11-26,1,single,2.74,2022,11
1,31,False,38,7132,,5nuS5QjHS8xqhmRZvVNUus,2022-11-25,27,album,1.89,2022,11
2,1,True,81,2848210,,1bdKI997loh6G68NED2cwX,2022-11-25,2,single,4.53,2022,11
1,9,True,81,2857629,,1bdKI997loh6G68NED2cwX,2022-11-25,2,single,3.99,2022,11
1,49,True,78,5642365,,5g4O8fSfK5bfRiDRV0mYhd,2022-11-23,1,single,3.0,2022,11
1,62,False,66,490560,soundtrack,2uuGxhpcN88ctFFHAYOzxF,2022-11-23,48,album,1.16,2022,11
1,4,False,79,18620976,k-pop,0gr5OmB74UhoANEXwYT3gE,2022-11-20,1,single,3.35,2022,11
15,56,False,68,1719665,,7vXNMveRwef98O1M6I3Lrb,2022-11-18,18,album,2.15,2022,11
1,37,False,42,15028,soundtrack,77qpAPLvKnFn8IpB53401F,2022-11-18,26,album,1.06,2022,11
20,3,False,42,15028,soundtrack,77qpAPLvKnFn8IpB53401F,2022-11-18,26,album,2.79,2022,11
26,20,False,42,15042,soundtrack,77qpAPLvKnFn8IpB53401F,2022-11-18,26,album,2.17,2022,11
4,18,False,42,15033,soundtrack,77qpAPLvKnFn8IpB53401F,2022-11-18,26,album,1.68,2022,11
3,31,False,42,15028,soundtrack,77qpAPLvKnFn8IpB53401F,2022-11-18,26,album,1.1,2022,11
24,16,False,42,15028,soundtrack,77qpAPLvKnFn8IpB53401F,2022-11-18,26,album,5.87,2022,11
6,38,False,42,15028,soundtrack,77qpAPLvKnFn8IpB53401F,2022-11-18,26,album,1.54,2022,11
1,24,False,31,6636,tech house,0AUTh4kWzfkea9XZbudbVt,2022-11-11,1,single,2.78,2022,11
1,0,False,0,469,,3u5eJv8az9QGdHtgEZYtYA,2022-11-11,1,single,3.08,2022,11
1,49,False,61,26095,,72IKEV071Ey9gLkEB8hMAV,2022-11-10,1,single,2.11,2022,11
7,39,False,59,241502,"celtic, soundtrack",7LmeRZOi905AochW9J9FAA,2022-11-09,28,album,5.22,2022,11
8,36,False,59,241502,"celtic, soundtrack",7LmeRZOi905AochW9J9FAA,2022-11-09,28,album,1.74,2022,11
26,44,False,59,241463,"celtic, soundtrack",7LmeRZOi905AochW9J9FAA,2022-11-09,28,album,4.41,2022,11
4,36,False,59,241463,"celtic, soundtrack",7LmeRZOi905AochW9J9FAA,2022-11-09,28,album,4.37,2022,11
1,52,False,59,241502,"celtic, soundtrack",7LmeRZOi905AochW9J9FAA,2022-11-09,28,album,4.57,2022,11
5,37,False,59,241463,"celtic, soundtrack",7LmeRZOi905AochW9J9FAA,2022-11-09,28,album,4.78,2022,11
2,43,False,59,241463,"celtic, soundtrack",7LmeRZOi905AochW9J9FAA,2022-11-09,28,album,3.51,2022,11
1,75,True,95,103039388,rap,5MS3MvWHJ3lOZPLiMxzOU6,2022-11-04,16,album,3.98,2022,11
3,78,False,81,10642618,,39VuC5rYQHAnR6xQwm1WDk,2022-11-04,9,album,3.52,2022,11
1,0,True,82,15689879,"emo rap, cloud rap",7lNwTREIbdqfWAhTbFVOE7,2022-11-04,1,single,1.95,2022,11
1,5,False,81,10645550,,2hEnymoejldpuxSdTnkard,2022-11-04,9,album,3.89,2022,11
1,74,False,80,7980308,"edm, trance, big room",77wWx9sOCJiy0wcn0P44NO,2022-11-03,1,single,2.87,2022,11
1,0,False,47,37315,,36pd0bw6SNtAY14hpi8ErA,2022-10-31,3,single,2.57,2022,10
5,69,False,72,2133043,,3q6BNwqgHKVzXzAv2ZV6tD,2022-10-28,7,album,2.73,2022,10
1,52,True,70,5531839,,7toU4cKKa2d6AVUjrappDo,2022-10-28,1,single,2.59,2022,10
7,77,False,72,2133043,,3q6BNwqgHKVzXzAv2ZV6tD,2022-10-28,7,album,3.46,2022,10
3,63,False,72,2131649,,3q6BNwqgHKVzXzAv2ZV6tD,2022-10-28,7,album,2.37,2022,10
1,69,False,90,68997177,"pop, r&b",3Zzv75PyROH6AMeXN1Yr1h,2022-10-28,2,single,3.27,2022,10
1,62,True,87,33029522,r&b,6Kqm5aSp69hTaOHTx38hsD,2022-10-28,1,single,3.03,2022,10
2,78,False,72,2131649,,3q6BNwqgHKVzXzAv2ZV6tD,2022-10-28,7,album,3.28,2022,10
1,78,False,71,2569728,,3Q25UtV9pHu7onNcKwmmZ3,2022-10-28,2,single,2.42,2022,10
2,67,False,71,2569728,,3Q25UtV9pHu7onNcKwmmZ3,2022-10-28,2,single,2.12,2022,10
22,0,False,70,5588772,"country, pop country, acoustic country",1msQFQuEJqUQCTzy98V2oI,2022-10-27,76,compilation,3.28,2022,10
11,0,False,66,1255651,,1FUaSRyu5LIj1QpMXRncxt,2022-10-26,13,album,3.54,2022,10
1,50,False,72,2133043,,1vSELIji55iJOeDXNHng2b,2022-10-25,1,single,2.37,2022,10
18,58,False,100,145489371,"country, pop, indie, folk",3lS1y25WAhcqJDATJK70Mq,2022-10-22,20,album,2.47,2022,10
17,60,False,100,145396321,"country, pop, indie, folk",3lS1y25WAhcqJDATJK70Mq,2022-10-22,20,album,3.85,2022,10
1,59,True,100,145489371,"country, pop, indie, folk",3lS1y25WAhcqJDATJK70Mq,2022-10-22,20,album,3.37,2022,10
14,65,False,100,145443567,"country, pop, indie, folk",3lS1y25WAhcqJDATJK70Mq,2022-10-22,20,album,4.0,2022,10
9,59,False,100,145443567,"country, pop, indie, folk",3lS1y25WAhcqJDATJK70Mq,2022-10-22,20,album,3.23,2022,10
5,60,False,100,145396321,"country, pop, indie, folk",3lS1y25WAhcqJDATJK70Mq,2022-10-22,20,album,3.23,2022,10
2,60,True,100,145489371,"country, pop, indie, folk",3lS1y25WAhcqJDATJK70Mq,2022-10-22,20,album,3.63,2022,10
6,59,False,100,145489371,"country, pop, indie, folk",3lS1y25WAhcqJDATJK70Mq,2022-10-22,20,album,2.91,2022,10
2,73,False,74,15743681,,4LVa9bljQRvLYpWr8qyaXs,2022-10-21,16,album,2.23,2022,10
2,75,True,100,145443567,"country, pop, indie, folk",151w1FgRZfnKZA9FEcg9Z3,2022-10-21,13,album,3.63,2022,10
13,69,False,100,145489371,"country, pop, indie, folk",151w1FgRZfnKZA9FEcg9Z3,2022-10-21,13,album,3.18,2022,10
6,73,False,100,145396321,"country, pop, indie, folk",151w1FgRZfnKZA9FEcg9Z3,2022-10-21,13,album,2.91,2022,10
12,68,False,100,145489371,"country, pop, indie, folk",151w1FgRZfnKZA9FEcg9Z3,2022-10-21,13,album,3.14,2022,10
8,67,True,100,145443567,"country, pop, indie, folk",151w1FgRZfnKZA9FEcg9Z3,2022-10-21,13,album,2.74,2022,10
11,75,True,100,145489371,"country, pop, indie, folk",151w1FgRZfnKZA9FEcg9Z3,2022-10-21,13,album,3.41,2022,10
1,72,True,100,145396321,"country, pop, indie, folk",151w1FgRZfnKZA9FEcg9Z3,2022-10-21,13,album,3.37,2022,10
14,37,False,64,2565032,"country, acoustic country",6xajE2di8hP5Rseil7V3fb,2022-10-21,27,compilation,3.16,2022,10
5,79,False,100,145396321,"country, pop, indie, folk",151w1FgRZfnKZA9FEcg9Z3,2022-10-21,13,album,3.23,2022,10
7,64,True,100,145443567,"country, pop, indie, folk",151w1FgRZfnKZA9FEcg9Z3,2022-10-21,13,album,3.5,2022,10
3,79,False,100,145489371,"country, pop, indie, folk",151w1FgRZfnKZA9FEcg9Z3,2022-10-21,13,album,3.34,2022,10
9,39,False,100,145396321,"country, pop, indie, folk",4moVP48t9bji7djUc5VOvi,2022-10-21,13,album,3.23,2022,10
1,67,False,85,39777995,latin pop,5pJtcJojr98hbb6KF0ImMe,2022-10-19,1,single,2.64,2022,10
1,0,False,0,335,,2U6rPiZGOOvqji5HKLwbab,2022-10-18,1,single,3.37,2022,10
5,42,False,59,241512,"celtic, soundtrack",1zCtGVGxobce9FJXXLe1V2,2022-10-14,38,album,2.82,2022,10
10,86,False,76,7959873,,6dVCpQ7oGJD1oYs2fv1t5M,2022-10-14,11,album,5.44,2022,10
12,34,False,59,241463,"celtic, soundtrack",1zCtGVGxobce9FJXXLe1V2,2022-10-14,38,album,3.07,2022,10
1,62,False,50,211032,,64PdJips9zx6e7Qev1Np01,2022-10-14,1,single,3.52,2022,10
2,84,False,82,4378755,,50ZenUP4O2Q5eCy2NRNvuz,2022-10-14,14,album,3.03,2022,10
4,42,False,59,241463,"celtic, soundtrack",1zCtGVGxobce9FJXXLe1V2,2022-10-14,38,album,3.33,2022,10
1,20,False,41,8658,,0jP18bu1avrxkE9lzDwyqz,2022-10-14,1,single,2.62,2022,10
5,19,True,35,86563,,5Rp7lUCN6NbLirhc505A1j,2022-10-14,13,album,4.33,2022,10
1,5,True,81,2853248,,3omkMn8vbTKOebb9ABbqyb,2022-10-12,4,single,4.53,2022,10
1,58,True,75,10907844,,5LZiWbqOpj6g8uxSHch12S,2022-10-11,1,single,1.38,2022,10
1,64,False,76,11246962,"brazilian bass, electronic, slap house, electro house",3lAmnw0gNntYuTltwETnSn,2022-10-07,1,single,2.86,2022,10
1,57,False,55,557085,,5pdyFxgI8cpTdopiWx4stf,2022-10-07,1,single,3.82,2022,10
1,67,False,76,10636129,,1DFNeS38zvoPkx9wwMEwbc,2022-10-07,1,single,4.11,2022,10
3,54,False,66,754907,dark r&b,6zvckLWDs3GtRAll4b0Cvl,2022-10-07,6,single,3.18,2022,10
6,12,False,34,1319943,"neo-psychedelic, psychedelic rock",2nPbslvl01lfELsFHTKp0s,2022-10-07,7,album,9.07,2022,10
1,49,True,64,190093,nightcore,7u8Cd4sL0qRPr48vGjI5Ji,2022-10-07,1,single,1.67,2022,10
1,50,True,76,8083202,,4Lo6GJMW4ctfhtuCqMkn1O,2022-09-30,1,single,3.31,2022,9
2,1,False,63,467788,,3CVEB0FPk25Ds64ALgxjH7,2022-09-30,7,single,2.26,2022,9
1,75,True,88,9249502,pop,0m9hqW0RDEHPNXxhiFUGSq,2022-09-30,1,single,2.82,2022,9
1,12,True,35,37106,emo rap,1S00uPXyy6E6Qv6uOXzZ0S,2022-09-30,12,album,2.75,2022,9
1,0,False,9,647,,6CHRoLipyiuHYyWCRfPiOJ,2022-09-29,1,single,2.6,2022,9
1,58,False,88,51821190,"alternative pop, indie pop",29PibmV31F3q6DRVq7gzZc,2022-09-26,2,single,3.28,2022,9
1,15,False,25,11720,,1ZFxAYRjawmyphFHE2rPvL,2022-09-25,1,single,1.16,2022,9
1,52,False,60,4296747,"egyptian pop, egyptian hip hop, arabic hip hop, mahraganat",6ucy4v9cUETA0yRQx8D34F,2022-09-23,12,album,4.11,2022,9
5,59,False,60,4296747,"egyptian pop, egyptian hip hop, arabic hip hop, mahraganat",6ucy4v9cUETA0yRQx8D34F,2022-09-23,12,album,4.29,2022,9
4,79,False,64,673909,,3fIxJzinc2MADbgfkLrmYY,2022-09-23,5,single,3.51,2022,9
3,50,False,60,4299545,"egyptian pop, egyptian hip hop, arabic hip hop, mahraganat",6ucy4v9cUETA0yRQx8D34F,2022-09-23,12,album,3.03,2022,9
8,53,False,46,532995,,53RbAh13qFqN6wKraRLipl,2022-09-23,13,album,3.45,2022,9
9,62,False,60,4299545,"egyptian pop, egyptian hip hop, arabic hip hop, mahraganat",6ucy4v9cUETA0yRQx8D34F,2022-09-23,12,album,4.03,2022,9
8,67,False,60,4294346,"egyptian pop, egyptian hip hop, arabic hip hop, mahraganat",6ucy4v9cUETA0yRQx8D34F,2022-09-23,12,album,3.96,2022,9
11,36,False,60,4294346,"egyptian pop, egyptian hip hop, arabic hip hop, mahraganat",6ucy4v9cUETA0yRQx8D34F,2022-09-23,12,album,3.5,2022,9
3,79,False,75,5809992,,69AaAkdktFGnk9POmHENkT,2022-09-23,12,album,3.48,2022,9
2,55,False,60,4299545,"egyptian pop, egyptian hip hop, arabic hip hop, mahraganat",6ucy4v9cUETA0yRQx8D34F,2022-09-23,12,album,4.07,2022,9
10,50,False,60,4296747,"egyptian pop, egyptian hip hop, arabic hip hop, mahraganat",6ucy4v9cUETA0yRQx8D34F,2022-09-23,12,album,2.78,2022,9
4,47,False,60,4294346,"egyptian pop, egyptian hip hop, arabic hip hop, mahraganat",6ucy4v9cUETA0yRQx8D34F,2022-09-23,12,album,3.76,2022,9
6,42,False,60,4294346,"egyptian pop, egyptian hip hop, arabic hip hop, mahraganat",6ucy4v9cUETA0yRQx8D34F,2022-09-23,12,album,3.43,2022,9
7,59,False,60,4296747,"egyptian pop, egyptian hip hop, arabic hip hop, mahraganat",6ucy4v9cUETA0yRQx8D34F,2022-09-23,12,album,4.51,2022,9
12,58,False,60,4299545,"egyptian pop, egyptian hip hop, arabic hip hop, mahraganat",6ucy4v9cUETA0yRQx8D34F,2022-09-23,12,album,2.95,2022,9
1,79,False,64,591695,,66k6EGkPtYoN44anGIsEPW,2022-09-23,1,single,3.06,2022,9
1,70,True,71,12310527,,0aIy6J8M9yHTnjtRu81Nr9,2022-09-22,1,single,3.5,2022,9
1,77,False,81,26275803,soft pop,0gX9tkL5njRax8ymWcXARi,2022-09-22,1,single,2.61,2022,9
1,4,False,79,4681304,,0OuoHWf8yB0TPzoBWw1R1S,2022-09-22,1,single,4.04,2022,9
1,25,False,53,133588,,1alcSYUU2NH04AiRkU0rZW,2022-09-21,1,single,3.36,2022,9
1,65,False,72,2131649,,0ykf7jcx3yY49RpkIO1byF,2022-09-16,1,single,3.28,2022,9
1,22,True,30,6940,emo rap,307mZsIfrXq3jjTMKXb3ol,2022-09-16,1,single,2.24,2022,9
13,43,False,73,4983771,"country, acoustic country, pop country",6Pmx78TLD8ElbBvZp5GqRA,2022-09-16,20,compilation,3.8,2022,9
6,89,False,73,2322081,,4JDXBZdRPId4devseaAOKH,2022-09-16,13,album,2.65,2022,9
1,25,False,41,11026,nightcore,5d5gdCeJbaJyBijHdsrZbL,2022-09-16,1,single,2.19,2022,9
2,72,False,81,56178946,k-pop,0kbZ4ZNRs76sSFeGUEErFM,2022-09-15,8,album,2.93,2022,9
1,75,False,71,1072935,,0h2GcVhEPwh1mrRg3MSa3A,2022-09-14,2,single,2.25,2022,9
2,83,False,76,8642338,indonesian r&b,7GZpa8xckIRPFIbT49B4zZ,2022-09-14,2,single,4.02,2022,9
7,45,False,73,3770138,"metal, hard rock",1BbfbJZan9d1srv8aHavom,2022-09-12,7,compilation,4.57,2022,9
3,72,True,79,5976603,rage rap,6Xo2PDEoQKzCndIbks2kvu,2022-09-09,12,album,2.5,2022,9
1,0,False,43,12225,soundtrack,6WWL32UxPnjrIWlgLdzoir,2022-09-09,67,album,1.63,2022,9
1,2,False,79,14039018,soft pop,50IWCes196EP2nWO6i4I67,2022-09-09,1,single,3.39,2022,9
1,2,False,58,219293,,2Zk5trKpYHY4YSvBtpYffS,2022-09-05,1,single,3.06,2022,9
1,23,False,26,2105,,4wr6NvqoARQMkndJFOnUEA,2022-09-02,1,single,3.02,2022,9
1,0,True,0,599,,4AOSxHH0Y6stXdfPM6LyK6,2022-09-01,2,single,2.66,2022,9
2,44,False,74,9407321,"country, acoustic country",0I6ukSqut4omggvIiK7NLZ,2022-09-01,30,compilation,3.16,2022,9
1,75,False,75,4153847,,3cptxwPFf3Ioj7I3AVX3mp,2022-08-31,1,single,2.72,2022,8
1,64,False,71,2569728,,7cLRRJ3fRfyExOHOIwcLDy,2022-08-26,1,single,2.08,2022,8
1,71,False,80,15542286,,4QQWpCEX4BxMXwRQmtkKY6,2022-08-26,1,single,3.37,2022,8
1,84,True,87,27141717,edm,7M842DMhYVALrXsw3ty7B3,2022-08-26,2,single,2.92,2022,8
1,1,True,62,185287,"german hip hop, german indie, german indie pop",3iHDtutprAk1q5Fe55till,2022-08-26,4,single,2.63,2022,8
1,54,True,52,60328,dark r&b,20rBiCHjGF4GlMZbZ4DZp2,2022-08-26,2,single,3.72,2022,8
1,79,False,76,8672431,"afrobeats, afrobeat, afropop, afropiano",2b2GHWESCWEuHiCZ2Skedp,2022-08-25,1,single,3.98,2022,8
1,58,False,81,56140946,k-pop,5bKmRG1QsggSXoHxYUnPIY,2022-08-19,1,single,3.11,2022,8
7,78,False,71,1874891,,6BUPtXbb2tspYnkVdg5Ef7,2022-08-19,7,album,2.94,2022,8
1,73,False,68,1391888,,78rO0EfpVs1RPfpxzF6kUz,2022-08-18,3,single,3.58,2022,8
1,45,True,39,4952,,3KbFwkQrN5NnjwhBA7htPz,2022-08-15,1,single,4.35,2022,8
3,62,False,60,1409523,,4W8QhTVggLgkJLdsXLLnnz,2022-08-12,6,single,2.9,2022,8
1,72,False,57,77490,dark r&b,0bbp2pnr07VBdkjMkAMtN3,2022-08-12,1,single,3.0,2022,8
1,67,True,84,34295707,,0h5MuD9O9o1VoN07mQmwMQ,2022-08-12,1,single,2.84,2022,8
1,70,False,55,73138,house,2lQgd3Svp1ZWAzZPLobAPK,2022-08-12,2,single,3.77,2022,8
1,0,False,49,135787,,4KKuhABzFkGE9UAucodfUo,2022-08-12,1,single,2.27,2022,8
1,55,False,61,26095,,2CY7EGiqVXlLDw7Mx0ZVQX,2022-08-11,1,single,2.47,2022,8
1,0,True,42,84255,,6C6Rv6NFyonYWOv3X0LdGF,2022-08-09,1,single,1.69,2022,8
1,48,True,31,106381,,493wwRaczJ8cCq4qkXsP2H,2022-08-06,1,single,2.63,2022,8
2,26,False,43,82471,,6D5oMj8FoS2TpFDDraNpyy,2022-08-05,14,compilation,2.94,2022,8
1,41,False,22,855,,6D5oMj8FoS2TpFDDraNpyy,2022-08-05,14,compilation,5.82,2022,8
12,26,False,39,39528,"kayokyoku, enka",6D5oMj8FoS2TpFDDraNpyy,2022-08-05,14,compilation,3.13,2022,8
9,21,False,46,182636,,6D5oMj8FoS2TpFDDraNpyy,2022-08-05,14,compilation,4.19,2022,8
1,13,True,67,2583483,,32G4vFNwLJQjpzkOoGEUUo,2022-08-05,1,single,3.43,2022,8
1,64,False,72,1626627,,2km2gV8HN1lk1e1GEDl7SN,2022-08-05,1,single,2.87,2022,8
13,25,False,40,192497,"motown, acid rock",6D5oMj8FoS2TpFDDraNpyy,2022-08-05,14,compilation,3.65,2022,8
6,35,False,45,264177,"j-pop, kayokyoku, j-rock",6D5oMj8FoS2TpFDDraNpyy,2022-08-05,14,compilation,2.67,2022,8
11,66,True,84,41172203,,6FJxoadUE4JNVwWHghBwnb,2022-07-29,16,album,4.34,2022,7
1,65,True,84,41176723,,6FJxoadUE4JNVwWHghBwnb,2022-07-29,16,album,3.46,2022,7
16,60,True,84,41176723,,6FJxoadUE4JNVwWHghBwnb,2022-07-29,16,album,4.56,2022,7
12,60,True,84,41180800,,6FJxoadUE4JNVwWHghBwnb,2022-07-29,16,album,4.07,2022,7
9,62,True,84,41172203,,6FJxoadUE4JNVwWHghBwnb,2022-07-29,16,album,6.14,2022,7
8,60,False,84,41172203,,6FJxoadUE4JNVwWHghBwnb,2022-07-29,16,album,4.23,2022,7
15,64,True,84,41180800,,6FJxoadUE4JNVwWHghBwnb,2022-07-29,16,album,4.8,2022,7
1,50,False,59,106672,,48OXCCXQbG0c5NwsSTcDgp,2022-07-29,1,single,1.31,2022,7
3,67,True,84,41176723,,6FJxoadUE4JNVwWHghBwnb,2022-07-29,16,album,3.59,2022,7
13,58,True,84,41180800,,6FJxoadUE4JNVwWHghBwnb,2022-07-29,16,album,2.83,2022,7
14,65,True,84,41176723,,6FJxoadUE4JNVwWHghBwnb,2022-07-29,16,album,3.31,2022,7
6,66,False,84,41172203,,6FJxoadUE4JNVwWHghBwnb,2022-07-29,16,album,4.63,2022,7
7,60,True,84,41176723,,6FJxoadUE4JNVwWHghBwnb,2022-07-29,16,album,3.74,2022,7
2,64,True,84,41172203,,6FJxoadUE4JNVwWHghBwnb,2022-07-29,16,album,3.5,2022,7
4,73,True,84,41180800,,6FJxoadUE4JNVwWHghBwnb,2022-07-29,16,album,3.75,2022,7
5,64,False,84,41172203,,6FJxoadUE4JNVwWHghBwnb,2022-07-29,16,album,1.94,2022,7
10,60,False,84,41172203,,6FJxoadUE4JNVwWHghBwnb,2022-07-29,16,album,3.38,2022,7
1,72,True,77,8597160,latin,5omNd3Mkij9C3ZeW19rRmv,2022-07-28,1,single,2.61,2022,7
1,16,True,15,122,,4KvCRzVX3IcOUmG3SwFFbG,2022-07-26,1,single,3.26,2022,7
1,34,False,30,9991,,1VBjgL4L7XSEzfwS2aJOhz,2022-07-25,1,single,4.98,2022,7
1,56,False,62,28421,,0DorLK7XCFmEX2VykO2Ch2,2022-07-22,1,single,4.75,2022,7
6,70,False,72,2131649,,4StdgB0YaIYLGhhXBLuoWl,2022-07-22,10,album,2.33,2022,7
7,62,False,56,936467,,4PgSvMUqxOsCTXqR1GPij3,2022-07-22,9,album,3.4,2022,7
3,75,False,72,2132400,,4StdgB0YaIYLGhhXBLuoWl,2022-07-22,10,album,2.2,2022,7
1,70,False,70,964749,,44aG7QLYLGotCTlu5Fc2J7,2022-07-22,1,single,2.47,2022,7
2,76,False,90,118728633,"alternative pop, electropop, dark pop",1YPWxMpQEC8kcOuefgXbhj,2022-07-21,2,single,3.6,2022,7
1,83,False,90,118797451,"alternative pop, electropop, dark pop",1YPWxMpQEC8kcOuefgXbhj,2022-07-21,2,single,4.68,2022,7
1,77,True,79,9666661,"uk drill, drill, uk grime, grime",6oECjagksATHu2UaclXrq1,2022-07-21,1,single,1.62,2022,7
1,47,False,37,794,,1XF2T62qgfZ9dOxj2wSAj0,2022-07-21,1,single,2.85,2022,7
1,87,False,79,4681304,,4B3FsNFguOEJ4TWEsct83B,2022-07-20,1,single,2.21,2022,7
1,0,False,68,626516,,5RJIIyrcgf6MRI6iBInGtB,2022-07-20,3,single,2.79,2022,7
6,82,False,78,6522709,bedroom pop,2rhNQbqRNxiNQkDXTffe1V,2022-07-15,14,album,2.95,2022,7
9,82,True,79,7688970,,2blXZboio9DF8VC39LmUag,2022-07-15,16,album,2.39,2022,7
1,48,False,60,1174326,,1q5UUWraL06jPz0jbVBP1M,2022-07-15,1,single,3.0,2022,7
9,83,False,91,26516295,pop,5kDmlA2g9Y1YCbNo2Ufxlz,2022-07-15,13,album,2.72,2022,7
1,23,False,51,49519,,2ScXU2KEGUhZyywrz3uZOK,2022-07-15,1,single,2.47,2022,7
4,64,False,68,5739313,,1NgFBv1PxMG1zhFDW1OrRr,2022-07-15,12,album,3.11,2022,7
5,83,True,77,6427334,,3Ks0eeH0GWpY4AU20D5HPD,2022-07-15,10,album,3.86,2022,7
5,78,True,91,26559943,pop,5kDmlA2g9Y1YCbNo2Ufxlz,2022-07-15,13,album,3.27,2022,7
5,0,False,63,467908,,2nzuzJvr3yowqbPaYjEYof,2022-07-15,5,single,2.99,2022,7
1,71,True,77,6427334,,3Ks0eeH0GWpY4AU20D5HPD,2022-07-15,10,album,2.6,2022,7
1,56,False,84,23079295,edm,62SWIKrov7HPXU0Jpc6LY1,2022-07-15,1,single,3.82,2022,7
4,30,True,61,1472981,"brooklyn drill, new york drill, drill, uk drill",46DRsAo3y1uAjYnYFFobCb,2022-07-15,18,album,4.26,2022,7
1,68,True,91,26516295,pop,5kDmlA2g9Y1YCbNo2Ufxlz,2022-07-15,13,album,1.74,2022,7
1,1,False,75,5812926,,0NoJBJgQc3fM2gesNXp7dS,2022-07-15,1,single,3.48,2022,7
1,47,True,45,1896,,1qCOccM3lTlzp2G6ZpJto9,2022-07-14,1,single,2.74,2022,7
1,45,False,67,3736388,,2O6Q9yickLm8XJfvy1SPdx,2022-07-12,1,single,2.94,2022,7
1,27,False,52,24036,,0hkOK7oNx1B7OFwFLQGKfx,2022-07-08,18,album,2.72,2022,7
4,24,False,52,24023,,0hkOK7oNx1B7OFwFLQGKfx,2022-07-08,18,album,1.44,2022,7
1,80,False,76,18192021,"argentine trap, trap latino, urbano latino",4PNqWiJAfjj32hVvlchV5u,2022-07-06,1,single,3.31,2022,7
3,0,False,32,28526,,2F3RHrchSTics0PFrRFEZZ,2022-07-01,7,album,2.62,2022,7
2,49,False,45,135139,"german pop, german indie",1uJ0u1MAN1yfCnc2O7edPO,2022-07-01,13,album,2.48,2022,7
1,81,False,85,58375520,,6yiXkzHvC0OTmhfDQOEWtS,2022-07-01,32,album,2.75,2022,7
1,5,False,80,7979622,"edm, trance, big room",6R7Yy0sY9N8PNUhseegr2Q,2022-06-30,1,single,2.16,2022,6
1,55,True,59,130194,dark r&b,2asDslP57oQT3SnErAPyRE,2022-06-29,1,single,2.42,2022,6
1,72,True,77,6429788,,69JpAhN3XgLkOsJ7MCtW4V,2022-06-29,1,single,3.86,2022,6
1,45,False,70,1605047,soundtrack,2hDDDUl05cnWTrheIVVCma,2022-06-27,31,album,4.1,2022,6
1,67,False,79,25301942,"soft pop, pop",4LyiYe4wZ6XwzUne79hidF,2022-06-24,1,single,2.57,2022,6
1,39,False,38,60659,,7KPGc4EY7GvmZ58NDnKdtW,2022-06-24,2,single,3.03,2022,6
1,60,False,100,145542136,"country, pop, indie, folk",5Bwg2XxrjTlrNy6BC7KQZf,2022-06-24,2,single,4.4,2022,6
2,27,False,10,212,,25P4fTjRhHyiKqgSG47zLF,2022-06-24,14,album,2.88,2022,6
1,39,True,70,5200472,west coast hip hop,6UuTGDogbsJ7fvTGaucOVw,2022-06-24,1,single,3.9,2022,6
1,62,False,66,754907,dark r&b,5OLmG74MrpjwnlWLffN35A,2022-06-21,1,single,3.11,2022,6
1,60,False,84,41176723,,5JgCaA43ECaGeqbPEo6WUP,2022-06-21,1,single,4.63,2022,6
14,80,True,95,103039388,rap,3cf4iSSKd8ffTncbtKljXw,2022-06-17,14,album,3.63,2022,6
7,70,True,95,103067383,rap,3cf4iSSKd8ffTncbtKljXw,2022-06-17,14,album,4.05,2022,6
1,67,False,61,169709,drum and bass,5Z9UyG6AYfNphE7UJGXifC,2022-06-16,1,single,2.44,2022,6
1,0,False,44,152591,,0sCKHcwHvwtLYuaBNfE6BL,2022-06-15,1,single,1.9,2022,6
1,70,False,80,34476607,edm,3SBeYxkc3Ce7lanK0f3epk,2022-06-10,1,single,2.59,2022,6
1,63,False,66,1758083,,3FEQZNn34v3EdxrVKi9pZF,2022-06-10,1,single,2.44,2022,6
1,68,False,81,10642618,,36azJR65BLNOng9MkKAtxE,2022-06-10,1,single,3.89,2022,6
20,71,True,87,33029522,r&b,6FKP2O0oOvZlDkF0gyTjiJ,2022-06-09,21,album,2.96,2022,6
1,20,False,34,7557,,1f6HDHbyMsSLFqomt40gmV,2022-06-08,1,single,4.49,2022,6
7,51,True,85,47716988,"pop, hip hop, country",50MzJhO0pMjTsfpeOmZ1so,2022-06-07,16,album,2.82,2022,6
5,75,True,85,47716988,"pop, hip hop, country",3HHNR44YbP7XogMVwzbodx,2022-06-03,14,album,3.21,2022,6
1,47,False,60,63136,"hypertechno, hard techno",03M2hC29lmLarzSiw8Sznt,2022-06-03,1,single,2.0,2022,6
1,52,False,39,5582,"witch house, electroclash, darkwave",6HEa6aOypSwNgG6e3OajFG,2022-06-03,2,single,2.53,2022,6
8,52,True,86,47722935,"pop, hip hop, country",3HHNR44YbP7XogMVwzbodx,2022-06-03,14,album,3.06,2022,6
1,56,True,76,13056061,,30OwIxHqQILQ9vwd86sD3o,2022-06-03,1,single,2.85,2022,6
1,60,False,72,715149,"slap house, italo dance",7xgmfo0gHFJk9DNdOfqBNn,2022-06-03,1,single,2.49,2022,6
1,0,False,52,198872,,0FPqPpVTND59rpe6YsNnyz,2022-06-02,1,single,2.96,2022,6
4,49,False,63,2078961,comedy,1m44SygOrmURyQXnYYq59H,2022-06-02,12,album,2.44,2022,6
1,72,True,54,57270,,27V04EIO90mLb00XnNlKHd,2022-05-31,2,single,1.83,2022,5
1,71,False,89,31052119,rap,1YA0gAfV91LkDq1DODSCbc,2022-05-27,1,single,2.47,2022,5
5,71,True,88,9249502,pop,5fhTetHew6Eph6HfQ9O5gJ,2022-05-27,13,album,2.92,2022,5
1,61,True,84,23079295,edm,1V6HksALLzO5ihpU3YVqJc,2022-05-27,1,single,3.57,2022,5
1,54,False,49,171981,ambient folk,75nZGvjStgCUavXcsYsXf7,2022-05-27,10,album,2.99,2022,5
11,41,False,65,2918228,"country, acoustic country",2OdHiKjB1za9UrIaarQWEi,2022-05-27,57,compilation,3.53,2022,5
1,59,False,53,61279,synthpop,3tjIKRAPBy5Qu4z8F5HmBz,2022-05-27,12,album,2.51,2022,5
1,77,False,81,15711025,"reggaeton, pop urbano, latin, colombian pop",1TpGeAzOJgAGdPkcWl95r2,2022-05-26,1,single,2.71,2022,5
1,46,False,59,72172,dark r&b,6dhw4niyr5sFUsU4LSRfUl,2022-05-25,1,single,2.82,2022,5
3,65,False,80,34130771,"pop rock, soft rock, synthpop",5r36AJ6VOJtp00oxSkBZ5h,2022-05-20,13,album,3.19,2022,5
1,63,True,76,8079123,,0zWZX428gMb9vSBUMRdDiy,2022-05-20,1,single,2.37,2022,5
10,68,False,80,34139515,"pop rock, soft rock, synthpop",5r36AJ6VOJtp00oxSkBZ5h,2022-05-20,13,album,2.33,2022,5
2,75,False,80,34130771,"pop rock, soft rock, synthpop",5r36AJ6VOJtp00oxSkBZ5h,2022-05-20,13,album,2.96,2022,5
4,87,False,80,34130771,"pop rock, soft rock, synthpop",5r36AJ6VOJtp00oxSkBZ5h,2022-05-20,13,album,2.78,2022,5
12,62,False,80,34139515,"pop rock, soft rock, synthpop",5r36AJ6VOJtp00oxSkBZ5h,2022-05-20,13,album,3.24,2022,5
6,71,False,80,34133561,"pop rock, soft rock, synthpop",5r36AJ6VOJtp00oxSkBZ5h,2022-05-20,13,album,3.36,2022,5
13,68,False,80,34133561,"pop rock, soft rock, synthpop",5r36AJ6VOJtp00oxSkBZ5h,2022-05-20,13,album,3.19,2022,5
7,77,False,80,34130771,"pop rock, soft rock, synthpop",5r36AJ6VOJtp00oxSkBZ5h,2022-05-20,13,album,4.09,2022,5
1,69,False,80,34133561,"pop rock, soft rock, synthpop",5r36AJ6VOJtp00oxSkBZ5h,2022-05-20,13,album,3.23,2022,5
8,66,False,80,34133561,"pop rock, soft rock, synthpop",5r36AJ6VOJtp00oxSkBZ5h,2022-05-20,13,album,4.05,2022,5
9,65,False,80,34136120,"pop rock, soft rock, synthpop",5r36AJ6VOJtp00oxSkBZ5h,2022-05-20,13,album,3.12,2022,5
5,68,False,80,34133561,"pop rock, soft rock, synthpop",5r36AJ6VOJtp00oxSkBZ5h,2022-05-20,13,album,2.74,2022,5
11,72,False,80,34136120,"pop rock, soft rock, synthpop",5r36AJ6VOJtp00oxSkBZ5h,2022-05-20,13,album,3.64,2022,5
1,55,False,64,1581138,,3CwmVVPOCIC3hpWWSEF0xQ,2022-05-20,1,single,2.86,2022,5
1,65,True,58,620939,,4MajX5vPeY4cX5pv6rf0sA,2022-05-19,1,single,1.65,2022,5
1,61,False,62,585032,"darkwave, cold wave",6LtIcRhkNqGdXl2OESjDPE,2022-05-16,2,single,3.01,2022,5
1,0,False,61,26106,,7CbzLKLCGuFzPLddvvTbLW,2022-05-13,1,single,2.47,2022,5
8,55,False,77,7222118,baroque pop,4ohh1zQ4yybSK9FS7LLyDE,2022-05-13,14,album,4.29,2022,5
12,43,False,67,2177177,,7q1CcQco23wrR3dpVd87kL,2022-05-13,14,album,2.94,2022,5
8,51,True,45,77523,dark r&b,3Wicqw4vojPJ7Um7DaK9Qi,2022-05-13,8,album,2.9,2022,5
2,45,False,67,2177612,,7q1CcQco23wrR3dpVd87kL,2022-05-13,14,album,2.17,2022,5
1,81,False,81,18706004,soft pop,04PEOM6kIEeq9lRp1asNP2,2022-05-13,1,single,2.47,2022,5
4,2,True,89,44592005,"hip hop, west coast hip hop",1atjqOZTCdrjxjMyCPZc2g,2022-05-13,18,album,3.98,2022,5
1,70,False,52,189019,,0ASnNAycI0eu91gMm9Jfe4,2022-05-13,1,single,3.42,2022,5
11,0,False,67,2177447,,7o6ZqDkitrak5YhaFGpcKV,2022-05-13,14,album,4.06,2022,5
2,72,True,89,44592005,"hip hop, west coast hip hop",79ONNoS4M9tfIA1mYLBYVX,2022-05-13,19,album,3.26,2022,5
1,20,False,32,4723,drift phonk,7coKFIZ84uHdwCYjnpzv9h,2022-05-13,1,single,2.23,2022,5
20,74,False,95,102500980,"reggaeton, trap latino, urbano latino, latin",3RQQmkQEvNCY4prGKE6oc5,2022-05-06,23,album,3.01,2022,5
3,82,True,95,102500980,"reggaeton, trap latino, urbano latino, latin",3RQQmkQEvNCY4prGKE6oc5,2022-05-06,23,album,2.97,2022,5
1,83,True,95,102536542,"reggaeton, trap latino, urbano latino, latin",3RQQmkQEvNCY4prGKE6oc5,2022-05-06,23,album,4.09,2022,5
5,52,False,68,1391888,,2ccGlDnYg0D9qAZHDq55Vm,2022-05-06,10,album,3.18,2022,5
8,78,False,95,102500980,"reggaeton, trap latino, urbano latino, latin",3RQQmkQEvNCY4prGKE6oc5,2022-05-06,23,album,2.88,2022,5
14,82,False,95,102536542,"reggaeton, trap latino, urbano latino, latin",3RQQmkQEvNCY4prGKE6oc5,2022-05-06,23,album,4.3,2022,5
17,80,False,95,102571645,"reggaeton, trap latino, urbano latino, latin",3RQQmkQEvNCY4prGKE6oc5,2022-05-06,23,album,4.07,2022,5
6,75,True,95,102500980,"reggaeton, trap latino, urbano latino, latin",3RQQmkQEvNCY4prGKE6oc5,2022-05-06,23,album,3.84,2022,5
7,78,True,95,102500980,"reggaeton, trap latino, urbano latino, latin",3RQQmkQEvNCY4prGKE6oc5,2022-05-06,23,album,3.96,2022,5
4,83,True,95,102536542,"reggaeton, trap latino, urbano latino, latin",3RQQmkQEvNCY4prGKE6oc5,2022-05-06,23,album,4.06,2022,5
18,78,True,95,102610644,"reggaeton, trap latino, urbano latino, latin",3RQQmkQEvNCY4prGKE6oc5,2022-05-06,23,album,3.27,2022,5
5,75,True,95,102571645,"reggaeton, trap latino, urbano latino, latin",3RQQmkQEvNCY4prGKE6oc5,2022-05-06,23,album,2.94,2022,5
21,76,False,95,102536542,"reggaeton, trap latino, urbano latino, latin",3RQQmkQEvNCY4prGKE6oc5,2022-05-06,23,album,2.46,2022,5
1,71,True,86,34735147,,2Q5DPv9uliinOBSdNooIe3,2022-05-06,1,single,3.04,2022,5
1,51,False,61,26095,,5pnjNZGtnD1q9fXgUnUREM,2022-05-06,1,single,3.06,2022,5
1,37,False,37,15732,celtic,2n4LAjm6AuhgmJAoayl5iX,2022-05-06,1,single,1.82,2022,5
22,74,True,95,102536542,"reggaeton, trap latino, urbano latino, latin",3RQQmkQEvNCY4prGKE6oc5,2022-05-06,23,album,2.31,2022,5
12,75,True,95,102571645,"reggaeton, trap latino, urbano latino, latin",3RQQmkQEvNCY4prGKE6oc5,2022-05-06,23,album,3.51,2022,5
19,77,True,95,102500980,"reggaeton, trap latino, urbano latino, latin",3RQQmkQEvNCY4prGKE6oc5,2022-05-06,23,album,5.66,2022,5
23,77,True,95,102610644,"reggaeton, trap latino, urbano latino, latin",3RQQmkQEvNCY4prGKE6oc5,2022-05-06,23,album,4.17,2022,5
2,74,False,95,102571645,"reggaeton, trap latino, urbano latino, latin",3RQQmkQEvNCY4prGKE6oc5,2022-05-06,23,album,3.84,2022,5
15,76,True,95,102500980,"reggaeton, trap latino, urbano latino, latin",3RQQmkQEvNCY4prGKE6oc5,2022-05-06,23,album,3.47,2022,5
5,61,True,75,4349241,,2eE8BVirX9VF8Di9hD90iw,2022-05-06,15,album,2.25,2022,5
10,81,True,95,102536542,"reggaeton, trap latino, urbano latino, latin",3RQQmkQEvNCY4prGKE6oc5,2022-05-06,23,album,3.55,2022,5
16,71,True,95,102571645,"reggaeton, trap latino, urbano latino, latin",3RQQmkQEvNCY4prGKE6oc5,2022-05-06,23,album,3.36,2022,5
13,76,False,95,102536542,"reggaeton, trap latino, urbano latino, latin",3RQQmkQEvNCY4prGKE6oc5,2022-05-06,23,album,2.93,2022,5
11,76,True,95,102571645,"reggaeton, trap latino, urbano latino, latin",3RQQmkQEvNCY4prGKE6oc5,2022-05-06,23,album,3.79,2022,5
1,0,False,70,578910,,1tI6mIu9HHp0OuD0U0i9AB,2022-05-06,1,single,2.96,2022,5
9,74,True,95,102500980,"reggaeton, trap latino, urbano latino, latin",3RQQmkQEvNCY4prGKE6oc5,2022-05-06,23,album,3.3,2022,5
1,54,True,82,17326256,rap,1o13E5QES3KCOg85oF0KNa,2022-05-05,1,single,4.86,2022,5
1,65,False,66,786890,,48ssTnnFOCIP17sRaFNqu1,2022-04-29,1,single,3.49,2022,4
1,28,False,54,10450,,499QzgI0x5nltc2aHSqJHu,2022-04-29,1,single,2.15,2022,4
7,82,True,88,22675640,rap,6tE9Dnp2zInFij4jKssysL,2022-04-29,16,album,3.16,2022,4
1,75,False,83,7055537,,6dSmXsyGAnFtq048IFhiYd,2022-04-29,1,single,3.6,2022,4
1,3,False,77,7750481,,1dMRk6VwatQfygRRqaWtZg,2022-04-28,1,single,3.17,2022,4
5,59,False,78,8667215,,1fZRXWVJVe07UcD4GowJ8j,2022-04-28,13,album,3.03,2022,4
2,36,False,38,6898,,6BYwH7XRUN5foD9RcDYaQE,2022-04-22,43,album,1.95,2022,4
9,36,False,38,6898,,6BYwH7XRUN5foD9RcDYaQE,2022-04-22,43,album,1.7,2022,4
1,64,True,79,6593079,,5x23D06mbAdtkU9N9JrZyf,2022-04-22,1,single,2.74,2022,4
22,21,False,38,6898,,6BYwH7XRUN5foD9RcDYaQE,2022-04-22,43,album,0.71,2022,4
4,33,False,53,411540,southern gothic,258YZ2TUzI1SJBU626eYFc,2022-04-22,10,album,4.07,2022,4
1,78,False,71,1873452,,7ARtQpvnPN2ucbmVHngLOs,2022-04-22,1,single,2.94,2022,4
32,34,False,38,6895,,6BYwH7XRUN5foD9RcDYaQE,2022-04-22,43,album,1.15,2022,4
24,50,False,73,3634221,,43tSLc6ZxW8TTRLrBO0SU1,2022-04-22,24,compilation,3.13,2022,4
14,25,False,38,6898,,6BYwH7XRUN5foD9RcDYaQE,2022-04-22,43,album,1.37,2022,4
4,12,False,34,1320025,"neo-psychedelic, psychedelic rock",4tuqA7qbVsPukqsYPPrcF7,2022-04-22,16,album,5.18,2022,4
1,55,True,78,4759233,bedroom pop,1wFiFlS50SnyKPAIcBzAQN,2022-04-22,1,single,2.56,2022,4
2,73,False,58,177128,,4p5V21sNL5vwaU4JEvAhjp,2022-04-22,9,album,4.26,2022,4
1,71,False,87,60377470,"reggaeton, latin, urbano latino",1wLB2bnCl2m5m9M9g8r93Y,2022-04-22,1,single,3.5,2022,4
1,69,False,85,39798156,latin pop,6gQKAYf3TJM9sppw3AtbHH,2022-04-21,1,single,2.87,2022,4
1,61,True,59,72278,dark r&b,3CdaspeVshcV4SSy4R0N1r,2022-04-20,1,single,2.66,2022,4
1,64,True,61,956277,,3mF3LQfPAiw2gAuj0BrzPG,2022-04-19,2,single,3.68,2022,4
12,34,False,74,3547184,,4kRBRBATKhUrKKLmkB9inz,2022-04-15,12,album,3.4,2022,4
5,38,False,64,2565642,"country, acoustic country",3qDHse4s5dUBzClUVcRmdg,2022-04-15,25,compilation,2.95,2022,4
1,55,False,71,2571784,,6CydFdcFJFwqV5yXUR8LRb,2022-04-15,1,single,2.26,2022,4
1,59,False,79,12425448,,2W5QlcRZ0zCwFk3pSK6PZd,2022-04-15,1,single,4.14,2022,4
1,21,False,30,4292,,76eaxTAvRMbAlDqP6cQ7zY,2022-04-15,2,single,2.9,2022,4
1,8,True,68,5738825,,4JApkbiesQxv5drdEZRlZC,2022-04-14,1,single,3.19,2022,4
1,66,False,78,13246794,"brazilian pop, funk pop, brazilian funk, funk carioca",2TPl41Riu1SDbHoxhCIo2D,2022-04-12,15,album,3.23,2022,4
40,35,False,49,340022,,6dJKjotJRGEE9rmGgmxDWu,2022-04-08,49,album,1.64,2022,4
46,23,False,49,340030,,6dJKjotJRGEE9rmGgmxDWu,2022-04-08,49,album,3.59,2022,4
1,4,True,75,4349241,,4uVXrwE4aSV2L2aqAHSOXa,2022-04-08,1,single,2.89,2022,4
1,46,False,56,22633,"nightcore, hypertechno",6JjNXt6066BWqEP8EjaAt4,2022-04-08,1,single,2.19,2022,4
1,78,False,62,343386,,484SKRaXGq7m9VV0rmSyeb,2022-04-08,1,single,4.31,2022,4
8,80,False,74,1544658,,68L5xVV9wydotfDXEik7eD,2022-04-08,14,album,3.04,2022,4
45,47,False,49,340014,,6dJKjotJRGEE9rmGgmxDWu,2022-04-08,49,album,2.68,2022,4
37,32,False,49,340022,,6dJKjotJRGEE9rmGgmxDWu,2022-04-08,49,album,2.67,2022,4
16,30,False,49,340014,,6dJKjotJRGEE9rmGgmxDWu,2022-04-08,49,album,0.61,2022,4
44,27,False,49,340022,,6dJKjotJRGEE9rmGgmxDWu,2022-04-08,49,album,2.82,2022,4
43,25,False,49,340030,,6dJKjotJRGEE9rmGgmxDWu,2022-04-08,49,album,2.02,2022,4
10,54,False,57,321082,"noise rock, industrial, witch house, industrial rock, industrial metal",4pk3IXbfaU0cK7oHuEdbEJ,2022-04-08,12,album,3.57,2022,4
47,18,False,49,340030,,6dJKjotJRGEE9rmGgmxDWu,2022-04-08,49,album,2.24,2022,4
26,25,False,49,340022,,6dJKjotJRGEE9rmGgmxDWu,2022-04-08,49,album,2.28,2022,4
11,66,False,74,1544658,,68L5xVV9wydotfDXEik7eD,2022-04-08,14,album,2.61,2022,4
49,24,False,49,340022,,6dJKjotJRGEE9rmGgmxDWu,2022-04-08,49,album,0.64,2022,4
38,43,False,49,340022,,6dJKjotJRGEE9rmGgmxDWu,2022-04-08,49,album,2.4,2022,4
4,68,False,78,35576126,,4urxMitPAkjyey14LeuWSX,2022-04-07,12,album,3.43,2022,4
1,40,False,39,132370,,3T3przz4Szk0vu6RSsncmk,2022-04-05,1,single,4.0,2022,4
2,28,False,57,1215070,,4zZGOQCObrrQfGazMLy0Q7,2022-04-03,2,single,2.39,2022,4
1,69,True,66,754907,dark r&b,0qMwROWsV0fT5hBqkH1per,2022-04-01,1,single,2.61,2022,4
1,57,True,77,27288825,,410MZofhiv240ybaWhUxpc,2022-04-01,2,single,3.19,2022,4
7,77,False,73,7379623,"new wave, synthpop, darkwave",0c2eDi1S58XzaqxwOC1FMZ,2022-04-01,29,single,4.29,2022,4
1,76,False,69,494854,"house, tech house",6moZ4sNThthUAwCklyuPY8,2022-04-01,1,single,3.11,2022,4
15,0,False,81,26564677,"country pop, rock, hip hop, experimental",534enKHcsPhMQOc0TM2yhw,2022-04-01,20,album,3.01,2022,4
1,67,False,81,45706269,,4EGVr9mSwFPoqvDMkiahJp,2022-03-31,1,single,2.87,2022,3
1,13,False,80,34133561,"pop rock, soft rock, synthpop",2pqdSWeJVsXAhHFuVLzuA8,2022-03-31,1,single,2.78,2022,3
1,55,False,75,4153847,,1WKIR7hhHN1DvJPn09gIST,2022-03-31,1,single,3.0,2022,3
1,66,False,59,130194,dark r&b,3z1PH2HpzbwJ18IVQAKxst,2022-03-28,1,single,2.33,2022,3
4,63,True,75,2338401,,4vjE6Rgl5z6K2PhrAtIA7O,2022-03-25,13,album,2.87,2022,3
1,0,True,30,21839,,4kdVekcWJHpdLrVuftXQIV,2022-03-25,1,single,1.29,2022,3
1,76,False,64,317426,dark r&b,1GyQLjSuRSi6jcnn8YOusV,2022-03-25,1,single,2.34,2022,3
1,54,False,50,211032,,05sLsId1SGFrPDJFf09rrS,2022-03-25,5,single,3.03,2022,3
3,69,True,78,5642365,,3sKZHtQoq3tPtkXbT8PJAc,2022-03-25,16,album,2.83,2022,3
1,1,False,63,467788,,4Cv9qCS1q3FDyyRFHGyc1g,2022-03-19,1,single,2.99,2022,3
1,54,False,63,613768,,0fL8J5En5o6sd8vSHAbKGt,2022-03-18,1,single,3.51,2022,3
5,54,False,82,6315216,"hyperpop, art pop",1QqipMXWzJhr6yfcNKTp8B,2022-03-18,12,album,2.8,2022,3
2,64,False,77,8597160,latin,6jbtHi5R0jMXoliU2OS0lo,2022-03-18,16,album,3.22,2022,3
3,69,True,85,42528657,"melodic rap, emo rap",1typPCwqyXMfFpvDZAyKew,2022-03-18,23,album,3.79,2022,3
9,24,False,40,21585,anime,0DyIQWyWWthQ3f9xRP1hXa,2022-03-16,59,compilation,2.03,2022,3
1,28,False,58,111922,"anime, soundtrack",3ksMU0uVKKlBDqPjmaot0v,2022-03-16,181,album,2.1,2022,3
1,66,True,76,10892928,,4qw41n8iWrdR70Ui3hYBPv,2022-03-11,1,single,3.35,2022,3
8,74,False,74,6739016,bedroom pop,2yI4m5Yu2tl8v0It5P9WVz,2022-03-11,11,album,3.02,2022,3
1,64,False,71,1873452,,6126tYz1txFtCrM0pDbEhc,2022-03-11,2,single,3.08,2022,3
1,76,False,85,58375520,,1Q9SnHWPNEjVM0LrBFvJ1q,2022-03-11,1,single,2.75,2022,3
4,64,False,73,3770138,"metal, hard rock",3fn4HfVz5dhmE0PG24rh6h,2022-03-11,12,album,4.73,2022,3
2,53,True,74,6737345,bedroom pop,2yI4m5Yu2tl8v0It5P9WVz,2022-03-11,11,album,3.64,2022,3
10,66,True,62,881274,,6eiCnBFhY8yvhLjZzjIsxQ,2022-03-10,17,album,3.45,2022,3
1,20,False,25,6886,electro house,49fPnv2cBE7CkVT3CTVRPn,2022-03-04,1,single,2.11,2022,3
1,71,False,78,35579266,,6FIMt58naoGYrOe4Wn2P3n,2022-03-04,1,single,3.43,2022,3
1,51,False,33,6562,drum and bass,4GHDragU7VWJ7FWMW63EgQ,2022-03-04,1,single,3.54,2022,3
1,73,True,79,6589368,"grime, uk grime, uk drill, drill",1WLS1NrOlbDIl760hVeeUi,2022-03-03,1,single,3.53,2022,3
1,62,False,73,3634221,,28phJkFTSPLnwo555dFLKu,2022-02-28,1,single,3.13,2022,2
1,61,True,71,2570848,,4QhZwVQuNbbXtMgjp2Ngp2,2022-02-24,1,single,2.29,2022,2
1,0,False,46,73788,"darkwave, lo-fi indie, post-punk, cold wave",0HVg3wxAiBilevHzR1euOx,2022-02-24,1,single,2.29,2022,2
1,0,True,66,755880,dark r&b,1f7TBi6D38CzFbaXUPmgvY,2022-02-22,1,single,3.27,2022,2
1,76,False,66,277287,slap house,2npvQTpyjLtapBWTNTNlqn,2022-02-18,1,single,2.52,2022,2
1,62,False,56,473107,,7hgekZLPc8OHgk8kAaPkel,2022-02-18,1,single,3.45,2022,2
1,22,False,42,8656,,1R6rQ0KEPpwh1nipYBJHIt,2022-02-18,1,single,2.65,2022,2
1,68,False,76,11247155,"brazilian bass, electronic, slap house, electro house",61SLEqJbw0XtTOmXUXAoEW,2022-02-18,1,single,2.64,2022,2
1,52,False,57,388025,,4zZ3DDacL1IvmaozxYEGuL,2022-02-18,1,single,2.34,2022,2
1,50,True,61,1618086,,5AviR59jAHiYp4Up3hj0bw,2022-02-18,1,single,3.42,2022,2
1,27,False,65,718358,soundtrack,3VXjsE6bQdoqThN3jS8wL9,2022-02-18,23,album,2.1,2022,2
1,0,False,56,169882,"sea shanties, celtic",2RyyO2q3J5nPrkoBWWA64m,2022-02-17,1,single,2.31,2022,2
1,0,False,63,430274,soundtrack,02xaXNo7Mvj1jBipVisNiF,2022-02-17,1,single,3.06,2022,2
1,0,False,40,138369,,6JgG3hdJeiBNHruSyKEho4,2022-02-14,1,single,3.0,2022,2
1,63,False,45,192204,"phonk, drift phonk",5nWRdZWdSXAMvLTZFxuD2W,2022-02-13,1,single,2.03,2022,2
1,61,False,88,122773292,soft pop,0vkAczpFKCazPKaoLtnBr0,2022-02-11,1,single,3.09,2022,2
6,57,True,69,1192832,,4rs52z8T5zPbsa5HM75tua,2022-02-11,7,album,2.5,2022,2
1,71,True,70,5531011,,4jUfPmvZGiRRJwULbfk1dc,2022-02-11,1,single,2.55,2022,2
1,69,False,74,16646605,"reggaeton, latin",6GHUywBU0u92lg0Dhrt40R,2022-02-10,1,single,3.76,2022,2
1,54,False,61,26095,,2Yc0eyztM2jUtAgmB793eI,2022-02-10,1,single,2.58,2022,2
5,28,True,60,644838,,1Ct0Q2DpQ7TjqdG3Ys453S,2022-02-04,12,album,3.65,2022,2
1,69,False,68,1255871,,5vSLX6JljaSXuRY2Wqi6xL,2022-02-04,1,single,2.96,2022,2
1,4,False,88,9241516,pop,51oWPUjnGhecw62V8LDXK8,2022-02-04,1,single,3.44,2022,2
4,37,True,61,644963,,1Ct0Q2DpQ7TjqdG3Ys453S,2022-02-04,12,album,3.33,2022,2
6,31,True,60,644838,,1Ct0Q2DpQ7TjqdG3Ys453S,2022-02-04,12,album,3.4,2022,2
1,0,False,27,20920,arabic hip hop,3P8w1yapiWK6BP9jgKzg3S,2022-02-04,1,single,2.22,2022,2
10,41,False,61,644963,,1Ct0Q2DpQ7TjqdG3Ys453S,2022-02-04,12,album,3.75,2022,2
1,37,True,61,644963,,1Ct0Q2DpQ7TjqdG3Ys453S,2022-02-04,12,album,2.45,2022,2
1,0,False,63,430076,soundtrack,7fJecMMgRJymUBb5YU5LwL,2022-02-03,1,single,5.02,2022,2
1,50,False,50,112613,,5AsKz3RTNhijgn95BOdclP,2022-02-03,1,single,2.32,2022,2
14,72,False,64,1041835,,5NE8n9E4dMUFvOUZo0tv6p,2022-01-28,15,album,3.8,2022,1
1,45,False,69,1551541,,1zSMkbRmwnGZ8s2IbRnTKT,2022-01-28,1,single,3.25,2022,1
1,0,False,37,9183,,5fdAKBsYlPNbYu6lblH2jw,2022-01-28,2,single,2.46,2022,1
10,32,False,30,5446,southern gothic,1GkkGdsXQIhDAzxmJjyoA2,2022-01-28,11,album,2.55,2022,1
1,69,False,67,676095,,20zaiRxxUfDqdCKsdSo7HM,2022-01-28,1,single,2.82,2022,1
5,15,False,30,5448,southern gothic,1GkkGdsXQIhDAzxmJjyoA2,2022-01-28,11,album,3.33,2022,1
1,8,True,47,180459,edm trap,1zioXc4GU8Ogo2AcoX3jRV,2022-01-28,1,single,4.0,2022,1
1,0,False,63,430168,soundtrack,17zHcTl1W5UB4G7kr6e838,2022-01-21,1,single,6.79,2022,1
17,48,False,64,425177,soundtrack,36qgdmFn1KjBOSG55PB1Ju,2022-01-21,17,album,2.92,2022,1
1,61,False,88,51821190,"alternative pop, indie pop",12fNudihprFoc3Jj5nGFkF,2022-01-21,1,single,3.52,2022,1
5,41,False,72,4694955,"norwegian pop, art pop",2HPgGJnpimfmFPMjP0syqY,2022-01-21,15,album,2.98,2022,1
1,2,False,80,25306511,"soft pop, pop",6PBwTu4IgZMQNTKtrgxzZQ,2022-01-20,1,single,3.09,2022,1
2,56,False,80,25306511,"soft pop, pop",4RRj9PqBj79OFDB2ydM7qs,2022-01-19,2,single,3.12,2022,1
10,18,False,40,13564,anime,1oPlAPkVErLoGM8owunDZ6,2022-01-19,34,album,1.99,2022,1
1,0,True,50,97074,,0WBl1uLSKKqGqTyg2XkUwj,2022-01-17,1,single,4.53,2022,1
4,52,True,63,1441722,"art pop, alternative r&b",3G77BQuJy3jahjdkKQNNNM,2022-01-14,17,album,3.27,2022,1
1,51,False,61,26095,,3wgC0MRKuYvaq61TdIpc11,2022-01-13,1,single,2.76,2022,1
2,0,True,85,10342615,melodic rap,4oxmme6i4mypSt2DDzPTsW,2022-01-07,19,album,2.27,2022,1
1,0,False,72,2131649,,084HFOuyGVdNrKQvR6Tdcm,2022-01-07,1,single,2.43,2022,1
5,70,True,93,112957721,"r&b pop, alternative r&b, hip hop, synthpop",2nLOHgzXzwFEpl62zAgCEC,2022-01-06,16,album,3.14,2022,1
10,81,False,93,112918137,"r&b pop, alternative r&b, hip hop, synthpop",2nLOHgzXzwFEpl62zAgCEC,2022-01-06,16,album,3.31,2022,1
15,72,False,93,112957721,"r&b pop, alternative r&b, hip hop, synthpop",2nLOHgzXzwFEpl62zAgCEC,2022-01-06,16,album,3.53,2022,1
7,76,False,94,112995439,"r&b pop, alternative r&b, hip hop, synthpop",2nLOHgzXzwFEpl62zAgCEC,2022-01-06,16,album,3.56,2022,1
1,39,False,68,3672166,country,4qAaZDNsHYYskIFK49hC2c,2022-01-05,26,compilation,3.56,2022,1
1,59,False,68,1764567,,7i5dqey54xo8F2flVer0yY,2022-01-05,1,single,2.92,2022,1
1,0,False,2,630,,3mYZwWudsw8wbgiFzKig7c,2021-12-31,1,single,3.38,2021,12
1,0,True,0,2379,,52dPoJcDrfQLra6DULpHwy,2021-12-31,1,single,3.37,2021,12
1,65,False,72,4034129,edm,5itVTi6rI3MlOcWBxROxd9,2021-12-29,1,single,2.68,2021,12
1,12,False,2,644,,0Y4MxZrRSwTWD9N9kphvWQ,2021-12-22,1,single,2.9,2021,12
2,8,False,50,905982,,4LwfbL1AP49SGWXsPPJGRF,2021-12-17,15,album,2.95,2021,12
1,1,True,82,15689879,"emo rap, cloud rap",6BLWg8PQC0yCeCeWSddKaI,2021-12-17,1,single,1.42,2021,12
1,34,True,53,185289,german hip hop,3tS6A4usXaNuGClGR4itVK,2021-12-16,1,single,2.3,2021,12
1,18,False,57,312847,electro house,57rOBn6Ak0sfv8okcOGhk9,2021-12-15,1,single,4.0,2021,12
7,29,False,60,175835,,6HCz7HiX96XF6tm7sACnM7,2021-12-10,31,album,0.86,2021,12
4,84,False,79,8276031,,5Gm2XKBgnlzd6qTi7LE1z2,2021-12-10,11,album,3.77,2021,12
1,78,True,88,31093918,"reggaeton, urbano latino, trap latino, latin",2Nt6MDJXfoxQ22tIQgWXIh,2021-12-10,14,album,3.32,2021,12
1,33,False,54,44217,soundtrack,6kEKPX5fzADIWcFc33qawM,2021-12-10,20,album,1.81,2021,12
5,73,False,79,8276031,,5Gm2XKBgnlzd6qTi7LE1z2,2021-12-10,11,album,2.53,2021,12
1,21,False,28,2055,anime,2C2VoHBYUGV9WulZKMw0MA,2021-12-08,1,single,3.97,2021,12
1,76,False,62,584762,"darkwave, cold wave",2JnZQM70jbT0J1Xq0qgl24,2021-12-08,1,single,3.24,2021,12
1,53,False,58,72064,dark r&b,43qkaJA9guEhSOuuNaNd8o,2021-12-08,1,single,2.65,2021,12
1,7,False,63,329655,,0VaHnwzDug4AcDkejYDUl5,2021-12-03,1,single,2.71,2021,12
1,64,True,87,33043825,r&b,1hJUh5y1ggqqGsCivnRmHw,2021-12-03,1,single,2.9,2021,12
2,0,True,82,15689879,"emo rap, cloud rap",5ajnqokZWzTySQgUt2RgLW,2021-12-03,3,single,3.08,2021,12
1,83,False,65,688597,,4Uf8BVznefnd2xZm2nRFUx,2021-12-02,1,single,3.25,2021,12
2,60,False,78,41264069,,3KrkQ77DF9OUB0aOzKFYOF,2021-11-26,15,album,2.97,2021,11
1,0,False,37,68002,"arabic hip hop, egyptian hip hop, egyptian pop",0VWeRrQLG3qifPlk81lQAB,2021-11-26,10,album,3.02,2021,11
1,3,False,63,329420,,7xb8OvPMTdDSELqdWcddA0,2021-11-26,1,single,2.71,2021,11
3,71,False,78,41268567,,3KrkQ77DF9OUB0aOzKFYOF,2021-11-26,15,album,2.98,2021,11
1,0,False,61,26095,,7gPS8inApFkprD1D1lhOep,2021-11-25,1,single,2.87,2021,11
1,0,False,76,1626341,,1VhOdgOjIARBn6SoNyeQDa,2021-11-24,1,single,2.19,2021,11
1,73,True,56,171799,,6cd80qsoUsGCmHasCswGhW,2021-11-24,1,single,2.99,2021,11
5,0,False,85,58364373,,3MdiH74FL8mhlbnR6DcqJd,2021-11-20,11,album,2.88,2021,11
4,60,False,83,66734917,soft pop,21jF5jlMtzo94wbxmJ18aa,2021-11-19,12,album,4.25,2021,11
2,81,False,83,66734917,soft pop,21jF5jlMtzo94wbxmJ18aa,2021-11-19,12,album,3.74,2021,11
1,69,False,57,251449,,3WOsyRdlR3qA5BhKW3Ffkj,2021-11-19,2,single,2.15,2021,11
10,61,False,83,66705650,soft pop,21jF5jlMtzo94wbxmJ18aa,2021-11-19,12,album,6.1,2021,11
7,71,False,83,66734917,soft pop,21jF5jlMtzo94wbxmJ18aa,2021-11-19,12,album,6.26,2021,11
11,64,False,83,66751662,soft pop,21jF5jlMtzo94wbxmJ18aa,2021-11-19,12,album,6.73,2021,11
1,47,True,40,51095,"dark r&b, trap soul",1qKCzt6WD7GWJ8n5P6cItI,2021-11-19,1,single,3.24,2021,11
12,61,False,83,66705650,soft pop,21jF5jlMtzo94wbxmJ18aa,2021-11-19,12,album,6.71,2021,11
3,63,False,83,66734917,soft pop,21jF5jlMtzo94wbxmJ18aa,2021-11-19,12,album,6.48,2021,11
5,72,False,83,66720643,soft pop,21jF5jlMtzo94wbxmJ18aa,2021-11-19,12,album,3.75,2021,11
1,59,False,83,66720643,soft pop,21jF5jlMtzo94wbxmJ18aa,2021-11-19,12,album,3.03,2021,11
9,59,False,83,66720643,soft pop,21jF5jlMtzo94wbxmJ18aa,2021-11-19,12,album,5.0,2021,11
8,61,False,83,66734917,soft pop,21jF5jlMtzo94wbxmJ18aa,2021-11-19,12,album,2.69,2021,11
6,65,False,83,66734917,soft pop,21jF5jlMtzo94wbxmJ18aa,2021-11-19,12,album,3.5,2021,11
1,55,False,44,26887,,2PmmITeNV6y4SD9UALQsq6,2021-11-16,10,album,3.32,2021,11
1,0,True,82,15684530,"emo rap, cloud rap",0aPzug6VeXcedSM4yJyqId,2021-11-15,1,single,2.94,2021,11
7,53,False,89,31052119,rap,2Wiyo7LzdeBCsVZiRA6vVZ,2021-11-14,32,album,3.77,2021,11
28,63,False,100,145396321,"country, pop, indie, folk",6kZ42qRrzov54LcAk4onW9,2021-11-12,30,album,4.0,2021,11
1,54,False,81,23384088,"grunge, rock",5eA0qtE7Yu29XiMlwoby2G,2021-11-12,75,album,5.01,2021,11
30,80,True,100,145443567,"country, pop, indie, folk",6kZ42qRrzov54LcAk4onW9,2021-11-12,30,album,10.21,2021,11
5,72,False,100,145489371,"country, pop, indie, folk",6kZ42qRrzov54LcAk4onW9,2021-11-12,30,album,5.48,2021,11
16,68,False,100,145542136,"country, pop, indie, folk",6kZ42qRrzov54LcAk4onW9,2021-11-12,30,album,3.98,2021,11
11,62,False,100,145396321,"country, pop, indie, folk",6kZ42qRrzov54LcAk4onW9,2021-11-12,30,album,3.38,2021,11
2,69,False,90,75492598,,4VZ7jhV0wHpoNPCB7Vmiml,2021-11-12,10,album,4.03,2021,11
3,64,False,100,145396321,"country, pop, indie, folk",6kZ42qRrzov54LcAk4onW9,2021-11-12,30,album,4.04,2021,11
25,71,False,100,145489371,"country, pop, indie, folk",6kZ42qRrzov54LcAk4onW9,2021-11-12,30,album,3.76,2021,11
1,67,False,78,13246794,"brazilian pop, funk pop, brazilian funk, funk carioca",6UsualeqgzPnb8cfaQ5nL7,2021-11-11,1,single,3.23,2021,11
5,0,False,90,75474551,,2qLI9pIjubUQMlpdmid2sE,2021-11-11,9,album,3.29,2021,11
1,1,False,77,8597160,latin,39LyZrNGkbc2IUeVOhwmGU,2021-11-11,1,single,3.13,2021,11
2,0,False,89,75455093,,2qLI9pIjubUQMlpdmid2sE,2021-11-11,9,album,4.03,2021,11
1,62,True,46,77400,,70uNWLPkbci5L1bZI1Mzp6,2021-11-06,1,single,2.53,2021,11
1,33,False,52,103849,"lo-fi hip hop, lo-fi, lo-fi beats",2UE6MfNwEfarYLKvs85Gq0,2021-11-05,1,single,2.37,2021,11
1,55,False,52,198548,,5bQZRw0e4UHu3KrkGrVKto,2021-11-05,1,single,2.16,2021,11
1,0,False,72,2131649,,5nXW8DTden7uHd0eyZengc,2021-11-05,1,single,2.2,2021,11
7,69,True,73,2398201,,7snqOEQEtKqxJw3NTGml6i,2021-11-05,20,album,2.39,2021,11
3,72,True,76,8011254,r&b,4lPqFAvgmG97pxyxQsyCQx,2021-11-05,20,album,3.85,2021,11
1,67,True,86,47722935,"pop, hip hop, country",6fgSKdHloRioPrZ9oJC7FH,2021-11-05,1,single,3.22,2021,11
1,72,False,80,7979622,"edm, trance, big room",278z9UXJaMNDH9Bel9uAxV,2021-11-04,1,single,2.74,2021,11
1,0,False,21,1044,"bolero, chicha",6OWIS7LP982kHGUuQslkYQ,2021-11-03,1,single,3.42,2021,11
70,15,False,58,689447,"minimalism, classical, neoclassical",5vypb8nVoqWkBEGYhEkUDb,2021-11-03,100,compilation,4.74,2021,11
4,66,True,79,12478974,,0kxA9Bc8pamypR5GYXmeti,2021-10-30,11,album,3.34,2021,10
8,71,False,60,342581,trap metal,3yKGB4IYu6MeLkhFJFn9eI,2021-10-29,12,album,2.0,2021,10
1,62,False,55,68465,dark r&b,10ggyf6nl59slBZ9xbstFk,2021-10-29,1,single,2.59,2021,10
1,72,False,59,110860,,4l9wMVL4XAM5jPMXP5RAbL,2021-10-29,1,single,2.62,2021,10
1,74,False,85,58370582,,1bTgKomQYSkKYPD9UI9W4b,2021-10-28,1,single,2.88,2021,10
4,82,False,88,122802777,soft pop,32iAEBstCjauDhyKpGjTuq,2021-10-25,14,album,3.84,2021,10
2,81,False,88,122773292,soft pop,32iAEBstCjauDhyKpGjTuq,2021-10-25,14,album,3.46,2021,10
1,68,False,80,15542286,,7wHczdY0ek3FHnfVhk10om,2021-10-22,16,album,3.37,2021,10
9,71,True,88,51821190,"alternative pop, indie pop",2wwCc6fcyhp1tfY3J6Javr,2021-10-22,15,album,4.57,2021,10
1,26,False,25,6886,electro house,0mJwAIg5rs8dA6J96yiDwT,2021-10-22,1,single,2.32,2021,10
13,68,False,88,51821190,"alternative pop, indie pop",2wwCc6fcyhp1tfY3J6Javr,2021-10-22,15,album,4.02,2021,10
1,5,False,75,3949244,edm,3udIvIqyBG1RrHxXrUZDoK,2021-10-22,1,single,3.9,2021,10
5,56,True,88,51798111,"alternative pop, indie pop",2wwCc6fcyhp1tfY3J6Javr,2021-10-22,15,album,5.3,2021,10
6,55,False,57,388088,,7kYQPT7i8PrKsTG3dsXe4r,2021-10-22,7,album,3.04,2021,10
1,65,False,80,15542286,,3O52AkvWUCF7MfkfLfnobb,2021-10-22,18,album,3.37,2021,10
1,58,False,61,26114,,55jVI9kGeE9GL2hmtr0pel,2021-10-21,1,single,2.66,2021,10
1,51,False,66,786453,,5fd9MZCAgFrU3CdhMRpaZB,2021-10-19,1,single,3.41,2021,10
7,62,False,59,1103242,,5iABQiExFiKUfLj2LKH59m,2021-10-15,9,album,3.61,2021,10
3,56,False,88,60818952,,06mXfvDsRZNfnsGZvX2zpb,2021-10-15,12,album,4.44,2021,10
5,64,False,78,4759233,bedroom pop,65YAjLCn7Jp33nJpOxIPMe,2021-10-15,10,album,1.93,2021,10
1,81,False,78,4763234,bedroom pop,65YAjLCn7Jp33nJpOxIPMe,2021-10-15,10,album,1.64,2021,10
10,75,False,88,60804949,,06mXfvDsRZNfnsGZvX2zpb,2021-10-15,12,album,3.76,2021,10
3,0,False,61,399854,anime,79p7J8nZxxLKyJBk4aentO,2021-10-14,4,single,3.54,2021,10
1,23,False,43,37276,"german indie, german indie pop",6hSLVHhr0flPnSHYmUNlxd,2021-10-14,1,single,3.02,2021,10
1,78,False,83,66720643,soft pop,224jZ4sUX7OhAuMwaxp86S,2021-10-14,1,single,3.74,2021,10
7,46,True,60,284748,dark r&b,613TIKn6gw8IGd1CBQUTa9,2021-10-08,9,single,2.63,2021,10
3,2,True,77,2726883,,6iMshsixZe8oMteQdln5kp,2021-10-08,12,album,2.22,2021,10
4,55,False,73,1204977,,4FKOLaEGqA7ZFYYW5r4X9z,2021-10-08,16,album,4.39,2021,10
1,62,True,76,10636129,,7lVXNBav3Z8oA4jGk62Gme,2021-10-08,1,single,3.11,2021,10
1,72,True,73,1205664,,4FKOLaEGqA7ZFYYW5r4X9z,2021-10-08,16,album,4.96,2021,10
5,38,False,32,31684,,3QJ2obeLQY61RE4vVLLilH,2021-10-08,12,album,2.82,2021,10
1,60,True,61,1613435,,5aSofcF0U90UxJaDr62r6X,2021-10-08,1,single,4.66,2021,10
1,70,False,83,21606569,,6GzXN4CWv0p5jIMKRU0ZBZ,2021-10-01,1,single,3.74,2021,10
2,0,False,20,7443,,6oiCb2nWtmJgn4fRJEo2zL,2021-10-01,15,album,4.99,2021,10
1,6,False,9,439,"future bass, pinoy hip hop",6e2syrMZLfMlCNlyWAvrAZ,2021-10-01,1,single,3.17,2021,10
1,62,True,65,672618,,2ZaFqYD9a3U6qJhyS2LDRf,2021-09-30,1,single,4.28,2021,9
3,54,False,44,36322,,2SOJkkY1edgKG56QAGXerh,2021-09-27,5,compilation,3.22,2021,9
1,31,False,66,1686734,,2rnbGp9o1lJ0T77RBU1bCC,2021-09-24,9,album,5.01,2021,9
1,61,False,78,5207169,r&b,5cAd6WOG1zVNQ2KDCOLtuf,2021-09-24,1,single,3.23,2021,9
1,69,False,59,190159,,2wcv0lHk5fUYyNGKugGa7q,2021-09-24,1,single,2.67,2021,9
1,62,True,62,881274,,5AnJbiMebwoHI7mwgbhv2H,2021-09-22,1,single,3.42,2021,9
1,72,False,100,145443567,"country, pop, indie, folk",5hxKw2PurC0i1VVJMAntDU,2021-09-17,1,single,3.67,2021,9
3,74,True,71,12309710,,6pOiDiuDQqrmo5DbG0ZubR,2021-09-17,15,album,3.53,2021,9
1,50,True,55,297153,dark r&b,64lq3pG29uQcgZT7YU3HP7,2021-09-17,1,single,2.69,2021,9
1,74,True,71,12310527,,6pOiDiuDQqrmo5DbG0ZubR,2021-09-17,15,album,2.29,2021,9
4,73,True,71,12310527,,6pOiDiuDQqrmo5DbG0ZubR,2021-09-17,15,album,2.39,2021,9
1,6,False,88,122789460,soft pop,531c37GGv5IvddCvBv3sWT,2021-09-13,2,single,3.46,2021,9
1,6,False,88,122773292,soft pop,5kFCfioZraFsRWpoitQjmx,2021-09-10,1,single,3.46,2021,9
1,32,False,25,1078,,3qiXcoNgxREGNOxFgdacdV,2021-09-10,1,single,2.41,2021,9
24,67,False,86,39108338,"reggaeton, latin",11GmvpYnbgK0rSryPaV5BP,2021-09-10,24,album,3.86,2021,9
1,60,False,69,967069,,51DQUyUCSwUuIErPPGUcFj,2021-09-10,1,single,3.57,2021,9
2,69,False,75,13266900,k-pop,4ASxFYWyk2216OloHoaSh8,2021-09-10,2,single,2.8,2021,9
1,60,True,79,9666661,"uk drill, drill, uk grime, grime",1gXyOc0Unev5AqD9X248v9,2021-09-10,1,single,1.81,2021,9
10,77,True,72,3127881,,3r46DPIQeBQbjvjjV5mXGg,2021-09-10,16,album,4.2,2021,9
1,64,True,56,653844,,4N8qhDeqx8AHoEhMnYEC2Y,2021-09-10,1,single,2.47,2021,9
1,68,False,73,9462495,,3BEyTV6T5pYl2pOPchkN3E,2021-09-09,1,single,3.67,2021,9
7,72,True,95,103039388,rap,3SpBlxme9WbeQdI9kx7KAV,2021-09-03,21,album,4.29,2021,9
13,74,True,95,103067383,rap,3SpBlxme9WbeQdI9kx7KAV,2021-09-03,21,album,4.04,2021,9
1,2,False,85,58364373,,4fZIyJn2wKb51QPNnWYnqt,2021-09-03,14,album,2.88,2021,9
6,79,True,95,103039388,rap,3SpBlxme9WbeQdI9kx7KAV,2021-09-03,21,album,4.85,2021,9
1,63,True,51,336779,,6AmDiiRIuWbd4y9LqMcvDY,2021-09-02,1,single,2.48,2021,9
1,66,True,55,297153,dark r&b,2WiVHQzHLzSJqUAhHyF3G1,2021-09-01,1,single,3.53,2021,9
1,38,False,31,7832,soundtrack,72LIvmrUE6L6bBO5gzvbya,2021-09-01,25,album,2.92,2021,9
1,78,False,71,1874891,,18CtLoAMTr7F8ngtuM6D8i,2021-09-01,1,single,2.96,2021,9
6,71,False,89,31038851,rap,5CnpZV3q5BcESefcB3WJmz,2021-08-29,27,album,3.77,2021,8
5,66,False,89,31038851,rap,5CnpZV3q5BcESefcB3WJmz,2021-08-29,27,album,4.05,2021,8
11,54,False,80,22394475,,3sq0hRtlT2SYeYajr5Cx22,2021-08-27,13,album,2.94,2021,8
1,65,False,69,4465726,,0W26SC6AcPdqk1Hz5hfWnj,2021-08-27,2,single,4.47,2021,8
18,57,False,79,9449714,"afrobeats, afrobeat, afropop, azonto, afroswing, afro r&b, afropiano",6bCs4XCCkm9cTwlswlu0VD,2021-08-27,18,album,4.38,2021,8
5,66,True,52,299845,,3YbMxdapL6mvSQjosFkc0T,2021-08-27,15,album,4.24,2021,8
7,44,False,52,160516,,4SmLiMThmp5f4dCTOsIguj,2021-08-20,7,album,3.14,2021,8
6,73,False,66,640347,,2npzGBEPDOfVLN8ajYm3pZ,2021-08-20,8,album,2.8,2021,8
1,48,False,61,26095,,0oHhYM69vlVo13LITqUCc6,2021-08-19,1,single,2.28,2021,8
3,17,False,18,20718,,2jDSkkgw7HrooVzQRH3VmH,2021-08-16,5,single,3.74,2021,8
1,80,False,80,15545907,,5D8Rdb09BkmHscEGSWAlA6,2021-08-13,1,single,3.37,2021,8
1,0,False,15,13588,,2LxE6ZVLkIeUNhsSm1Tbe8,2021-08-13,1,single,3.4,2021,8
1,1,True,45,391213,,1M2Ca96OYdgxY6b7Mwb2Um,2021-08-13,1,single,2.43,2021,8
1,37,False,45,20753,,0qIf8fFHicF0fUrCZcltwl,2021-08-13,1,single,3.91,2021,8
11,68,False,66,3203185,country,7L8IHgiomfEpxOm61vgPTm,2021-08-13,12,album,2.79,2021,8
1,72,True,58,668804,,6tUQPKlpR4x1gjrXTtOImI,2021-08-13,1,single,2.81,2021,8
1,70,False,66,470451,dance pop,5wJb3DBSoSMKYJA8TrNKi8,2021-08-13,1,single,2.71,2021,8
1,75,False,76,8642338,indonesian r&b,2HPj0XZe9WduSsyKTQqgVa,2021-08-10,1,single,3.59,2021,8
12,0,False,49,120556,,3zhCB9rhuT1Gd68NT0IKIZ,2021-08-06,19,album,3.07,2021,8
1,63,True,68,1719445,,3dv1xXXFHlv3WNSNsSZ93d,2021-08-06,1,single,2.95,2021,8
1,58,True,79,10172903,"melodic rap, rap",0hTvuLmKKMWoBWgPPrpUKF,2021-08-06,1,single,3.17,2021,8
1,54,False,93,112918137,"r&b pop, alternative r&b, hip hop, synthpop",4lBrDelXR6Sn0k54a7UWMz,2021-08-05,3,single,3.66,2021,8
5,77,True,63,164335,,7l7A0JXx3s5pEdOPv9X7mk,2021-08-02,5,single,2.88,2021,8
16,72,False,90,118692183,"alternative pop, electropop, dark pop",0JGOiO34nwfUdDrD612dOp,2021-07-30,16,album,3.24,2021,7
4,69,False,90,118728633,"alternative pop, electropop, dark pop",0JGOiO34nwfUdDrD612dOp,2021-07-30,16,album,3.5,2021,7
13,75,True,90,118692183,"alternative pop, electropop, dark pop",0JGOiO34nwfUdDrD612dOp,2021-07-30,16,album,3.26,2021,7
2,51,False,62,412886,soundtrack,0QVHqbXNWF56DkR6gv1jgq,2021-07-30,27,album,1.44,2021,7
14,72,False,90,118728633,"alternative pop, electropop, dark pop",0JGOiO34nwfUdDrD612dOp,2021-07-30,16,album,2.89,2021,7
11,68,False,90,118728633,"alternative pop, electropop, dark pop",0JGOiO34nwfUdDrD612dOp,2021-07-30,16,album,3.44,2021,7
1,72,False,90,118728633,"alternative pop, electropop, dark pop",0JGOiO34nwfUdDrD612dOp,2021-07-30,16,album,4.07,2021,7
1,77,False,75,3098388,tropical house,5YrOK7zze6egKg9a8WRcnD,2021-07-30,1,single,2.46,2021,7
12,73,False,90,118692183,"alternative pop, electropop, dark pop",0JGOiO34nwfUdDrD612dOp,2021-07-30,16,album,4.09,2021,7
10,66,True,90,118760311,"alternative pop, electropop, dark pop",0JGOiO34nwfUdDrD612dOp,2021-07-30,16,album,3.56,2021,7
5,21,False,62,412759,soundtrack,0QVHqbXNWF56DkR6gv1jgq,2021-07-30,27,album,1.94,2021,7
27,19,False,62,412886,soundtrack,0QVHqbXNWF56DkR6gv1jgq,2021-07-30,27,album,1.0,2021,7
1,0,False,59,130194,dark r&b,2fdUR0ClZEOIWbps76E9TK,2021-07-30,1,single,3.81,2021,7
1,0,False,51,164524,dark r&b,5tsg5PG0T1EqXg2Fetgd9J,2021-07-30,1,single,2.45,2021,7
6,67,False,90,118728633,"alternative pop, electropop, dark pop",0JGOiO34nwfUdDrD612dOp,2021-07-30,16,album,2.52,2021,7
8,78,False,90,118692183,"alternative pop, electropop, dark pop",0JGOiO34nwfUdDrD612dOp,2021-07-30,16,album,3.91,2021,7
15,84,True,90,118728633,"alternative pop, electropop, dark pop",0JGOiO34nwfUdDrD612dOp,2021-07-30,16,album,4.98,2021,7
2,72,True,90,118692183,"alternative pop, electropop, dark pop",0JGOiO34nwfUdDrD612dOp,2021-07-30,16,album,2.64,2021,7
1,1,False,55,209803,,3IOaxvwYaDmoQ36meh2niy,2021-07-30,1,single,2.71,2021,7
1,70,True,90,118692183,"alternative pop, electropop, dark pop",2kzPJWrTjVKEYWWhowXLnz,2021-07-28,1,single,2.52,2021,7
1,0,False,22,3401,,3We4wRAewbK5dGGhFphglt,2021-07-26,1,single,2.29,2021,7
1,73,True,71,12310277,,622NFw5Yk0OReMJ2XWcXUh,2021-07-23,1,single,3.53,2021,7
1,65,False,78,35576126,,4gxhWdfO9qAogokjIc2bPZ,2021-07-23,1,single,2.74,2021,7
1,23,False,31,1866,slap house,7fOmWtAHmMciezLF56lKbl,2021-07-23,1,single,2.34,2021,7
3,8,True,79,6596750,,4bZJWQhHKJckFLJuYdvyX2,2021-07-23,29,album,2.36,2021,7
12,39,False,65,3315988,country,3RZIWadADCebxF9RXclZ87,2021-07-20,29,compilation,4.24,2021,7
1,21,False,24,2299,,0ay6X8HjsXot8Zrc1EB2tj,2021-07-16,2,single,2.99,2021,7
5,55,False,78,6606632,bedroom pop,32ium7Cxb1Xwp2MLzH2459,2021-07-16,12,album,3.25,2021,7
14,0,False,57,2759302,,41jQTuRYzHH58MwygrUxty,2021-07-15,16,album,3.22,2021,7
1,62,False,59,106636,,23toljGIfdeTDKRUKVZN34,2021-07-14,1,single,2.28,2021,7
2,0,False,44,17673,,68tyASq318lxMjtqRolGng,2021-07-14,11,compilation,7.75,2021,7
9,70,False,73,1176430,alternative r&b,6i1OieEQCZaMlQZZ44VLON,2021-07-09,10,album,2.98,2021,7
1,54,False,68,925156,,6tMWod3p4ojBLD8g2KzhtM,2021-07-09,1,single,2.97,2021,7
1,80,True,79,6593079,,4QLAtpLNUsHEYrcHXmMIZZ,2021-07-09,1,single,2.36,2021,7
1,67,True,86,47720209,"pop, hip hop, country",4tokbQaFXRrq8keVGBD9vb,2021-07-09,1,single,3.07,2021,7
19,38,False,49,28688,anime,6lID68aa8NjuRNUpoAQq1d,2021-07-07,48,album,4.92,2021,7
17,33,False,49,28688,anime,6lID68aa8NjuRNUpoAQq1d,2021-07-07,48,album,3.52,2021,7
24,35,False,17,9263,,5Wc11R3nufO8ZAFFhvBGEe,2021-07-02,25,album,1.43,2021,7
5,50,False,45,39279,soundtrack,5Wc11R3nufO8ZAFFhvBGEe,2021-07-02,25,album,2.41,2021,7
1,0,True,82,15684530,"emo rap, cloud rap",25oEprOhBXct5yYNt6u7Ld,2021-07-02,3,single,3.71,2021,7
4,0,True,82,15695162,"emo rap, cloud rap",4p3WczKLm6G2DHv2NnoCFk,2021-07-02,5,single,2.81,2021,7
5,0,True,82,15684530,"emo rap, cloud rap",4PBXjrqtjZmYtt37kB7px5,2021-07-02,5,single,2.95,2021,7
17,39,False,45,39279,soundtrack,5Wc11R3nufO8ZAFFhvBGEe,2021-07-02,25,album,2.56,2021,7
16,37,False,60,1296424,"country, classic country, traditional country",5cLx8tvDR7lBjjktnoHGtI,2021-07-01,20,compilation,4.07,2021,7
3,70,False,83,3767285,bedroom pop,5TkaDC4mYSLBvdG6UrIB0v,2021-06-25,13,album,3.03,2021,6
6,64,True,86,34742256,,1nAQbHeOWTfQzbOoFrvndW,2021-06-25,14,album,3.14,2021,6
7,62,False,61,627551,,538BxdI7oOQykSkEtyjhUD,2021-06-25,13,album,3.49,2021,6
12,52,True,86,34742256,,1nAQbHeOWTfQzbOoFrvndW,2021-06-25,14,album,2.47,2021,6
14,84,True,86,34735147,,1nAQbHeOWTfQzbOoFrvndW,2021-06-25,14,album,3.47,2021,6
4,71,True,86,34748949,,1nAQbHeOWTfQzbOoFrvndW,2021-06-25,14,album,2.3,2021,6
11,75,True,86,34748949,,1nAQbHeOWTfQzbOoFrvndW,2021-06-25,14,album,2.9,2021,6
13,56,True,86,34748949,,1nAQbHeOWTfQzbOoFrvndW,2021-06-25,14,album,3.81,2021,6
1,9,False,88,122789460,soft pop,01NhUvviMytvV12pmJiDZH,2021-06-25,1,single,3.85,2021,6
9,78,True,86,34742256,,1nAQbHeOWTfQzbOoFrvndW,2021-06-25,14,album,2.95,2021,6
1,83,True,86,34735147,,1nAQbHeOWTfQzbOoFrvndW,2021-06-25,14,album,2.87,2021,6
8,80,True,86,34748949,,1nAQbHeOWTfQzbOoFrvndW,2021-06-25,14,album,3.1,2021,6
7,58,True,86,34735147,,1nAQbHeOWTfQzbOoFrvndW,2021-06-25,14,album,3.61,2021,6
2,60,True,86,34742256,,1nAQbHeOWTfQzbOoFrvndW,2021-06-25,14,album,3.72,2021,6
5,79,True,86,34735147,,1nAQbHeOWTfQzbOoFrvndW,2021-06-25,14,album,3.5,2021,6
10,59,True,86,34735147,,1nAQbHeOWTfQzbOoFrvndW,2021-06-25,14,album,2.65,2021,6
3,54,True,86,34735147,,1nAQbHeOWTfQzbOoFrvndW,2021-06-25,14,album,3.54,2021,6
9,63,False,83,3767285,bedroom pop,5TkaDC4mYSLBvdG6UrIB0v,2021-06-25,13,album,2.44,2021,6
1,77,True,82,17042139,"reggaeton, trap latino",2A5ksnhz7YWbRLvFMjX1j1,2021-06-24,1,single,4.78,2021,6
2,67,True,85,45777722,pop,5x7JzoE4A3DwwU6FPt8qws,2021-06-20,12,album,3.85,2021,6
1,57,False,84,49050008,"pop rock, alternative pop, pop punk",6TeOuy8VtjfYy52ntsnu1m,2021-06-18,1,single,2.9,2021,6
1,46,False,40,15517,,5RywhygexMVO4VI2anVt2k,2021-06-17,1,single,1.68,2021,6
1,60,True,88,9256589,pop,4iCcsBlzVQVZoJzxBvhuyS,2021-06-17,1,single,3.5,2021,6
1,31,False,45,39292,soundtrack,685u0IYysvl0qWJumxvCnj,2021-06-11,1,single,2.47,2021,6
2,54,True,72,6115364,,5fa6oWFXuvaVkY49mfOsRd,2021-06-11,10,album,2.64,2021,6
3,8,False,34,1319943,"neo-psychedelic, psychedelic rock",2I0LPpmyvAwnXvCuBf3Pcy,2021-06-11,10,album,4.07,2021,6
1,62,False,72,6114655,,5fa6oWFXuvaVkY49mfOsRd,2021-06-11,10,album,3.43,2021,6
1,75,False,85,45777722,pop,1pCA38N6MkLlthXtAOvZTU,2021-06-11,14,album,3.78,2021,6
1,75,False,63,174043,,2HYufzr6XUqSurRZdY0D9w,2021-06-11,3,single,2.63,2021,6
11,82,False,85,45777722,pop,1pCA38N6MkLlthXtAOvZTU,2021-06-11,14,album,3.15,2021,6
10,54,True,63,2078789,comedy,35qVMfUfBN6q2xzm9rZn5a,2021-06-10,21,album,3.54,2021,6
1,68,False,51,305262,,0RiimwsSMUsxrBu0RsyuRH,2021-06-10,1,single,2.69,2021,6
1,63,False,78,4759233,bedroom pop,5q84FQfWp3Q7XnoMlzLRD3,2021-06-04,1,single,1.58,2021,6
1,66,False,85,81181104,k-pop,0PBQ3Cp6NG8WX0G9KQVNMP,2021-06-04,5,single,2.74,2021,6
1,30,False,85,49083617,"pop rock, alternative pop, pop punk",49FiXLGSYfX9TKAOND3S6l,2021-06-04,1,single,0.99,2021,6
1,78,True,95,102500980,"reggaeton, trap latino, urbano latino, latin",6VSOIs13DaSG2IPilNviX5,2021-06-04,1,single,3.44,2021,6
1,71,False,74,8493078,,5lVImnUah94yoxXy2H1qo7,2021-06-04,1,single,3.38,2021,6
1,0,False,31,5704,,3Qh1xtbRZVsayJc7hq25cE,2021-06-04,1,single,3.34,2021,6
1,44,False,84,49050008,"pop rock, alternative pop, pop punk",6MWhePcEWDnC3dG4tJumu7,2021-06-04,1,single,2.56,2021,6
1,0,False,69,2740985,,16W9q4d4jeOqHsWqXvNQnU,2021-06-03,2,single,2.55,2021,6
1,43,False,40,15524,,0ap2k93wJI7YnyeDxGchK3,2021-06-01,1,single,2.19,2021,6
1,51,False,85,49083617,"pop rock, alternative pop, pop punk",2QvIqoT72oNaNuIrWR3FjC,2021-05-28,1,single,1.78,2021,5
7,24,False,30,5448,southern gothic,5MtrsPbY07fIaOp8ydWN9L,2021-05-28,11,album,3.6,2021,5
1,67,True,52,60344,dark r&b,6ESObhLkBvTh4CXm9wMdwQ,2021-05-28,1,single,4.05,2021,5
1,24,False,30,5446,southern gothic,5MtrsPbY07fIaOp8ydWN9L,2021-05-28,11,album,1.07,2021,5
8,5,False,30,5446,southern gothic,5MtrsPbY07fIaOp8ydWN9L,2021-05-28,11,album,1.62,2021,5
1,56,False,77,15712050,"classic rock, rock",10OB4Z0KBJtCayAX7Gk57m,2021-05-28,2,single,3.71,2021,5
66,0,False,76,5401129,,4UkEvuAF0oirvH9HUAWSnk,2021-05-25,77,compilation,5.12,2021,5
1,0,False,16,2147,,4DFzbuLWOZ5JYsxDDrKdwy,2021-05-24,1,single,2.7,2021,5
12,63,False,78,18203604,,061vVdNVxwouz0INdQeOkn,2021-05-21,16,album,2.3,2021,5
5,85,True,84,49050008,"pop rock, alternative pop, pop punk",6s84u2TUpR3wdUv4NgKA2j,2021-05-21,11,album,3.59,2021,5
9,23,False,48,261140,southern gothic,6vTN13K1RirdadI7XVaF6k,2021-05-21,9,album,9.22,2021,5
3,85,True,84,49050008,"pop rock, alternative pop, pop punk",6s84u2TUpR3wdUv4NgKA2j,2021-05-21,11,album,4.03,2021,5
7,75,False,84,49050008,"pop rock, alternative pop, pop punk",6s84u2TUpR3wdUv4NgKA2j,2021-05-21,11,album,3.38,2021,5
10,81,False,84,49050008,"pop rock, alternative pop, pop punk",6s84u2TUpR3wdUv4NgKA2j,2021-05-21,11,album,2.54,2021,5
6,81,True,85,49083617,"pop rock, alternative pop, pop punk",6s84u2TUpR3wdUv4NgKA2j,2021-05-21,11,album,2.96,2021,5
8,83,True,84,49050008,"pop rock, alternative pop, pop punk",6s84u2TUpR3wdUv4NgKA2j,2021-05-21,11,album,2.93,2021,5
11,71,False,84,49050008,"pop rock, alternative pop, pop punk",6s84u2TUpR3wdUv4NgKA2j,2021-05-21,11,album,3.49,2021,5
9,80,False,84,49050008,"pop rock, alternative pop, pop punk",6s84u2TUpR3wdUv4NgKA2j,2021-05-21,11,album,2.88,2021,5
1,80,False,80,34478237,edm,66JuK41D3LpkbX3HCTGcQk,2021-05-21,1,single,2.58,2021,5
1,40,False,71,4141160,"country, acoustic country",38k5ZsA7286Lg1VGuY80Ek,2021-05-21,29,compilation,2.98,2021,5
2,86,False,85,49083617,"pop rock, alternative pop, pop punk",6s84u2TUpR3wdUv4NgKA2j,2021-05-21,11,album,3.82,2021,5
4,77,True,84,49050008,"pop rock, alternative pop, pop punk",6s84u2TUpR3wdUv4NgKA2j,2021-05-21,11,album,2.72,2021,5
1,75,True,84,49050008,"pop rock, alternative pop, pop punk",6s84u2TUpR3wdUv4NgKA2j,2021-05-21,11,album,2.39,2021,5
1,41,False,88,51773650,"alternative pop, indie pop",1C5RVpJJ2IAn92JeZwFF8j,2021-05-20,1,single,4.88,2021,5
1,66,False,68,3469694,,6kBuGNoOGE7uiPhN82dcJ1,2021-05-20,1,single,3.06,2021,5
1,83,False,68,1744189,indie,5WjaIWthUR3AjA0UYG3jR5,2021-05-15,1,single,2.45,2021,5
1,32,False,45,41372,soundtrack,3LWyxWlbxnBdru77X1GrEQ,2021-05-14,1,single,1.68,2021,5
1,21,True,85,49083617,"pop rock, alternative pop, pop punk",3rMjL8NA5Wh2hbMNk2fSlY,2021-05-14,1,single,2.96,2021,5
12,40,False,70,5589342,"country, pop country, acoustic country",7q44ZwKqpu6wV7zgOLAOhG,2021-05-14,30,compilation,3.64,2021,5
7,67,True,82,27077429,rap,4JAvwK4APPArjIsOdGoJXX,2021-05-14,12,album,3.63,2021,5
1,59,True,84,34297934,,2upw5IrzeqKApIQZyx5o6r,2021-05-14,23,album,5.65,2021,5
1,70,True,69,2556993,,5eCmZVM5Kspu2B1cyVdSqq,2021-05-07,14,album,3.71,2021,5
10,71,True,69,2555921,,5eCmZVM5Kspu2B1cyVdSqq,2021-05-07,14,album,3.35,2021,5
1,27,False,48,43886,,43dWK2moNER5DEHePxDJed,2021-05-05,1,single,2.78,2021,5
1,67,False,81,18700851,soft pop,4d0a5uamW9NWRc1KXFeErI,2021-05-05,1,single,2.81,2021,5
1,0,False,14,607,,6TGqSOHim4g5ishsRUtFU9,2021-05-01,1,single,3.96,2021,5
1,70,False,61,589195,"dancehall, soca, shatta, ragga",7LtfkzsGno2TsHLCkEa8BD,2021-04-30,1,single,2.56,2021,4
10,63,False,73,8763286,bedroom pop,69p42ovQdwmYPLUsAQpeNn,2021-04-30,11,album,3.36,2021,4
5,67,False,73,8765920,bedroom pop,69p42ovQdwmYPLUsAQpeNn,2021-04-30,11,album,3.23,2021,4
1,54,False,85,49083617,"pop rock, alternative pop, pop punk",2YLKW3LB4P1cEersm5YpAL,2021-04-30,1,single,1.78,2021,4
9,62,False,73,8763286,bedroom pop,69p42ovQdwmYPLUsAQpeNn,2021-04-30,11,album,2.77,2021,4
3,54,False,73,8771418,bedroom pop,69p42ovQdwmYPLUsAQpeNn,2021-04-30,11,album,3.11,2021,4
8,62,True,73,12341870,,5kE2OAuUYGBqqzscqgBXXf,2021-04-30,14,album,3.33,2021,4
7,53,True,73,8765920,bedroom pop,69p42ovQdwmYPLUsAQpeNn,2021-04-30,11,album,3.61,2021,4
4,49,False,68,2784626,"german hip hop, german indie, german pop, german indie pop",0vC7eOkhy4vQVm36mPMvkC,2021-04-29,22,album,3.73,2021,4
11,62,False,68,2784129,"german hip hop, german indie, german pop, german indie pop",0vC7eOkhy4vQVm36mPMvkC,2021-04-29,22,album,3.04,2021,4
1,43,True,68,2784129,"german hip hop, german indie, german pop, german indie pop",0vC7eOkhy4vQVm36mPMvkC,2021-04-29,22,album,2.41,2021,4
1,59,True,68,2981133,,4ar4zcVlbYDYKgq5wEdq0T,2021-04-27,1,single,2.8,2021,4
4,0,True,68,1111140,southern gothic,1Q4UcRCYPn6u0pNHioOYjs,2021-04-23,6,album,4.36,2021,4
1,77,False,93,112918137,"r&b pop, alternative r&b, hip hop, synthpop",2fyOpT5c9kxR8zbDh6UtXh,2021-04-23,1,single,3.18,2021,4
14,42,False,47,19307,anime,5QYGsl05fLEEE4fUjz4rkt,2021-04-21,60,compilation,1.73,2021,4
1,44,False,55,34214,soundtrack,6kQ0c1VshLvKCEHnHhsuvY,2021-04-16,24,album,3.11,2021,4
4,69,True,63,287616,,3ihwKkIMJWmmp1huNH0iWC,2021-04-16,23,album,3.59,2021,4
1,0,False,0,70,,2KYGGhadCSwUphHvIk0FVH,2021-04-16,1,single,2.86,2021,4
4,48,False,67,2177177,,6wPnQigsvCXa5LrMfEuU6K,2021-04-16,13,album,3.56,2021,4
1,58,False,56,557424,"deep house, slap house",29lm3KjzCeCV07CHGT8R7n,2021-04-16,1,single,2.14,2021,4
1,69,True,63,286728,,6cWawCk4DohREQA42eEOe1,2021-04-16,1,single,3.88,2021,4
5,68,False,100,145396321,"country, pop, indie, folk",4hDok0OAJd57SGIT8xuWJH,2021-04-09,26,album,3.9,2021,4
21,56,False,100,145443567,"country, pop, indie, folk",4hDok0OAJd57SGIT8xuWJH,2021-04-09,26,album,3.68,2021,4
6,82,False,100,145396321,"country, pop, indie, folk",4hDok0OAJd57SGIT8xuWJH,2021-04-09,26,album,3.85,2021,4
9,61,False,100,145396321,"country, pop, indie, folk",4hDok0OAJd57SGIT8xuWJH,2021-04-09,26,album,4.36,2021,4
4,62,False,100,145396321,"country, pop, indie, folk",4hDok0OAJd57SGIT8xuWJH,2021-04-09,26,album,4.23,2021,4
14,59,False,100,145489371,"country, pop, indie, folk",4hDok0OAJd57SGIT8xuWJH,2021-04-09,26,album,3.95,2021,4
1,8,True,86,34735147,,1OnzqJTL9bwe4kvaLxRYxt,2021-04-09,1,single,3.48,2021,4
18,55,False,100,145396321,"country, pop, indie, folk",4hDok0OAJd57SGIT8xuWJH,2021-04-09,26,album,4.39,2021,4
8,57,False,100,145489371,"country, pop, indie, folk",4hDok0OAJd57SGIT8xuWJH,2021-04-09,26,album,3.34,2021,4
24,59,False,100,145443567,"country, pop, indie, folk",4hDok0OAJd57SGIT8xuWJH,2021-04-09,26,album,3.15,2021,4
12,58,False,100,145542136,"country, pop, indie, folk",4hDok0OAJd57SGIT8xuWJH,2021-04-09,26,album,4.08,2021,4
19,60,False,100,145396321,"country, pop, indie, folk",4hDok0OAJd57SGIT8xuWJH,2021-04-09,26,album,3.97,2021,4
10,76,False,100,145396321,"country, pop, indie, folk",4hDok0OAJd57SGIT8xuWJH,2021-04-09,26,album,4.05,2021,4
20,59,False,100,145489371,"country, pop, indie, folk",4hDok0OAJd57SGIT8xuWJH,2021-04-09,26,album,4.03,2021,4
15,63,False,100,145489371,"country, pop, indie, folk",4hDok0OAJd57SGIT8xuWJH,2021-04-09,26,album,5.2,2021,4
23,56,False,100,145396321,"country, pop, indie, folk",4hDok0OAJd57SGIT8xuWJH,2021-04-09,26,album,4.07,2021,4
7,59,False,100,145396321,"country, pop, indie, folk",4hDok0OAJd57SGIT8xuWJH,2021-04-09,26,album,4.38,2021,4
26,55,False,100,145396321,"country, pop, indie, folk",4hDok0OAJd57SGIT8xuWJH,2021-04-09,26,album,4.03,2021,4
13,56,False,100,145396321,"country, pop, indie, folk",4hDok0OAJd57SGIT8xuWJH,2021-04-09,26,album,4.65,2021,4
3,75,False,100,145396321,"country, pop, indie, folk",4hDok0OAJd57SGIT8xuWJH,2021-04-09,26,album,3.92,2021,4
22,67,False,100,145396321,"country, pop, indie, folk",4hDok0OAJd57SGIT8xuWJH,2021-04-09,26,album,4.62,2021,4
17,56,False,100,145542136,"country, pop, indie, folk",4hDok0OAJd57SGIT8xuWJH,2021-04-09,26,album,3.95,2021,4
25,59,False,100,145396321,"country, pop, indie, folk",4hDok0OAJd57SGIT8xuWJH,2021-04-09,26,album,3.47,2021,4
1,73,False,100,145396321,"country, pop, indie, folk",4hDok0OAJd57SGIT8xuWJH,2021-04-09,26,album,4.02,2021,4
2,62,False,100,145396321,"country, pop, indie, folk",4hDok0OAJd57SGIT8xuWJH,2021-04-09,26,album,4.9,2021,4
16,58,False,100,145443567,"country, pop, indie, folk",4hDok0OAJd57SGIT8xuWJH,2021-04-09,26,album,4.46,2021,4
11,63,False,100,145396321,"country, pop, indie, folk",4hDok0OAJd57SGIT8xuWJH,2021-04-09,26,album,3.75,2021,4
1,0,False,3,289,,4ZWekkU0hQg9YURdf3vERp,2021-04-03,1,single,3.78,2021,4
1,43,False,28,1517,tropical house,74CYl06zRWrPRi0neiyE5z,2021-04-02,1,single,2.36,2021,4
3,75,True,74,10192579,"brooklyn drill, melodic rap",3MEKpJ7wSSp6Z661ThjrUJ,2021-04-02,21,album,3.42,2021,4
9,54,True,77,27288825,,3XsdVkuj3zMVHPRvodOgeE,2021-04-01,22,album,3.41,2021,4
1,69,True,71,12310527,,2Hjcfw8zHN4dJDZJGOzLd6,2021-03-31,3,single,2.29,2021,3
13,77,True,65,2285377,,270o30h7cAlEhBnbuSpFZq,2021-03-26,13,album,2.34,2021,3
6,62,False,88,9241516,pop,1BaHo66NCQNx6ku0hPn9bR,2021-03-26,6,single,2.94,2021,3
5,85,True,88,9241516,pop,1BaHo66NCQNx6ku0hPn9bR,2021-03-26,6,single,2.83,2021,3
4,60,True,88,9256589,pop,1BaHo66NCQNx6ku0hPn9bR,2021-03-26,6,single,3.12,2021,3
2,69,False,88,9249502,pop,1BaHo66NCQNx6ku0hPn9bR,2021-03-26,6,single,2.45,2021,3
3,63,False,88,9256589,pop,1BaHo66NCQNx6ku0hPn9bR,2021-03-26,6,single,3.13,2021,3
1,22,False,32,5553,,2KywifDCN8atbErPNUpVr2,2021-03-26,1,single,2.52,2021,3
1,61,False,88,9256589,pop,1BaHo66NCQNx6ku0hPn9bR,2021-03-26,6,single,3.05,2021,3
10,67,True,87,60358474,"reggaeton, latin, urbano latino",5CS8E6JVACItYto4OOJoPW,2021-03-26,16,album,2.97,2021,3
1,65,True,74,6808651,,6wO4VuzPpcIfh4W8AOjUPI,2021-03-26,1,single,4.05,2021,3
15,69,True,87,60395783,"reggaeton, latin, urbano latino",5CS8E6JVACItYto4OOJoPW,2021-03-26,16,album,3.36,2021,3
6,62,False,91,85008100,"pop, contemporary r&b",5dGWwsZ9iB2Xc3UKR0gif2,2021-03-19,16,album,2.63,2021,3
8,56,False,88,51821190,"alternative pop, indie pop",6QeosPQpJckkW0Obir5RT8,2021-03-19,11,album,5.1,2021,3
1,71,True,76,10636129,,7KF1Ain9mYYlg5M46g0i4A,2021-03-19,8,compilation,3.24,2021,3
9,70,False,91,85050158,"pop, contemporary r&b",5dGWwsZ9iB2Xc3UKR0gif2,2021-03-19,16,album,2.84,2021,3
5,66,False,91,85034636,"pop, contemporary r&b",5dGWwsZ9iB2Xc3UKR0gif2,2021-03-19,16,album,3.53,2021,3
4,81,True,76,10636129,,7KF1Ain9mYYlg5M46g0i4A,2021-03-19,8,compilation,2.88,2021,3
16,70,True,91,85034636,"pop, contemporary r&b",5dGWwsZ9iB2Xc3UKR0gif2,2021-03-19,16,album,2.48,2021,3
13,57,False,91,85034636,"pop, contemporary r&b",5dGWwsZ9iB2Xc3UKR0gif2,2021-03-19,16,album,3.11,2021,3
14,64,False,91,85008100,"pop, contemporary r&b",5dGWwsZ9iB2Xc3UKR0gif2,2021-03-19,16,album,2.65,2021,3
7,45,False,28,714,,5dGWwsZ9iB2Xc3UKR0gif2,2021-03-19,16,album,1.73,2021,3
4,71,False,91,85022258,"pop, contemporary r&b",5dGWwsZ9iB2Xc3UKR0gif2,2021-03-19,16,album,2.6,2021,3
1,66,False,91,85022258,"pop, contemporary r&b",5dGWwsZ9iB2Xc3UKR0gif2,2021-03-19,16,album,2.54,2021,3
15,70,False,91,85008100,"pop, contemporary r&b",5dGWwsZ9iB2Xc3UKR0gif2,2021-03-19,16,album,3.17,2021,3
3,61,False,91,85022258,"pop, contemporary r&b",5dGWwsZ9iB2Xc3UKR0gif2,2021-03-19,16,album,2.9,2021,3
2,0,True,50,319352,,3GWDTDhstbhNxfyZJKwqVU,2021-03-19,6,single,2.33,2021,3
12,80,True,91,85008100,"pop, contemporary r&b",5dGWwsZ9iB2Xc3UKR0gif2,2021-03-19,16,album,3.3,2021,3
10,59,False,91,85034636,"pop, contemporary r&b",5dGWwsZ9iB2Xc3UKR0gif2,2021-03-19,16,album,2.99,2021,3
2,73,True,75,9617522,r&b,6zp8MKrhIwSdZojADmIDim,2021-03-19,16,album,3.58,2021,3
2,69,False,76,10636129,,7KF1Ain9mYYlg5M46g0i4A,2021-03-19,8,compilation,5.0,2021,3
10,52,True,88,51773650,"alternative pop, indie pop",6QeosPQpJckkW0Obir5RT8,2021-03-19,11,album,4.05,2021,3
6,58,True,88,51773650,"alternative pop, indie pop",6QeosPQpJckkW0Obir5RT8,2021-03-19,11,album,3.92,2021,3
2,62,False,91,85022258,"pop, contemporary r&b",5dGWwsZ9iB2Xc3UKR0gif2,2021-03-19,16,album,3.12,2021,3
8,58,False,91,85008100,"pop, contemporary r&b",5dGWwsZ9iB2Xc3UKR0gif2,2021-03-19,16,album,3.3,2021,3
3,0,True,50,319377,,3GWDTDhstbhNxfyZJKwqVU,2021-03-19,6,single,3.07,2021,3
11,71,False,91,85022258,"pop, contemporary r&b",0w1dwXfG5z6Xjjgj524JkD,2021-03-19,16,album,2.55,2021,3
10,0,False,76,9291705,"pop punk, punk, rock, skate punk, emo",7qGJS3upTyt5Ad1MeslTg2,2021-03-12,33,compilation,3.79,2021,3
3,65,False,81,53267200,,2jGa3OwXatFYQAIS7OV7k9,2021-03-12,7,single,3.1,2021,3
1,26,False,23,1636,,0m44d7ItuCrZD6CPZrjjpx,2021-03-05,1,single,2.96,2021,3
2,76,True,95,103067383,rap,5LuoozUhs2pl3glZeAJl89,2021-03-05,3,single,3.21,2021,3
7,47,True,53,1178491,,0UkABhrJ1PM3iQ1NxAxDsq,2021-03-05,7,album,2.86,2021,3
1,65,False,91,85034636,"pop, contemporary r&b",1btu3XEwHsImFreF8dVV6J,2021-03-05,1,single,2.84,2021,3
13,70,False,62,1379500,norwegian pop,0inJNc0fFD60UAIdFbnedW,2021-03-05,16,album,3.47,2021,3
1,3,False,90,75492598,,7dfPqXck6BB9wpThrVYBss,2021-03-05,1,single,4.03,2021,3
38,36,False,59,1198427,"country, classic country",0JJnEQIUKUKIzFolsQ5B7Q,2021-03-05,57,compilation,4.45,2021,3
1,52,False,79,20852039,soft pop,6K8gvUTwVftCa3gd0MFtI4,2021-03-05,1,single,3.48,2021,3
9,74,True,77,10912927,,79y7DSLFQH3907u4ysOMGr,2021-03-05,12,album,3.16,2021,3
1,66,True,69,2554758,,6hjheUnJ3Gp8ll5DuE1VUz,2021-03-02,1,single,3.71,2021,3
1,78,False,61,99150,,6PzYuR9c0CYCPJTnqylPhd,2021-02-26,1,single,3.1,2021,2
10,62,False,74,8493078,,1TKYO9znkrY14VayHze05r,2021-02-26,17,album,3.72,2021,2
1,0,False,67,2177177,,73w7az92DF6Xw1taumKWpj,2021-02-26,4,single,2.71,2021,2
2,66,True,74,8493078,,1TKYO9znkrY14VayHze05r,2021-02-26,17,album,2.36,2021,2
14,57,False,65,1436277,,396EJBtUzseofX2YCBJVvM,2021-02-19,18,album,3.22,2021,2
5,40,False,43,16099,,2zrs5y8YIgPQAyW81vpfSh,2021-02-12,5,single,4.18,2021,2
1,0,True,38,127334,"pop punk, emo, queercore",2oT1rOIQQ8GDcQLA0Hh7Vl,2021-02-12,1,single,3.77,2021,2
6,30,False,65,967494,"lo-fi hip hop, lo-fi, lo-fi beats",337cf0jQsibJt22a8XxKA9,2021-02-12,6,single,1.91,2021,2
10,0,False,61,1862702,,74UvOvL6L4tZbYFtY759ZG,2021-02-12,18,album,2.83,2021,2
1,0,True,0,237,,3HmcmIkuG4aoRWKp4FHkWw,2021-02-12,1,single,3.24,2021,2
13,67,False,85,46895665,pop,0JeyP8r2hBxYIoxXv11XiX,2021-02-11,19,album,2.75,2021,2
10,53,True,94,113039308,"r&b pop, alternative r&b, hip hop, synthpop",5L5evi5tJPh8WaEFAQp7Tp,2021-02-05,18,compilation,4.03,2021,2
17,45,True,93,112918137,"r&b pop, alternative r&b, hip hop, synthpop",5L5evi5tJPh8WaEFAQp7Tp,2021-02-05,18,compilation,5.26,2021,2
8,0,False,65,699249,,6DicUtwr6mr9kpVnFGiJFt,2021-02-05,28,compilation,4.86,2021,2
14,51,False,90,107389514,pop,5L5evi5tJPh8WaEFAQp7Tp,2021-02-05,18,compilation,3.93,2021,2
9,48,True,94,112995439,"r&b pop, alternative r&b, hip hop, synthpop",5L5evi5tJPh8WaEFAQp7Tp,2021-02-05,18,compilation,4.15,2021,2
12,49,False,94,112995439,"r&b pop, alternative r&b, hip hop, synthpop",5L5evi5tJPh8WaEFAQp7Tp,2021-02-05,18,compilation,4.33,2021,2
13,78,True,94,112995439,"r&b pop, alternative r&b, hip hop, synthpop",5L5evi5tJPh8WaEFAQp7Tp,2021-02-05,18,compilation,4.62,2021,2
8,43,True,93,112918137,"r&b pop, alternative r&b, hip hop, synthpop",5L5evi5tJPh8WaEFAQp7Tp,2021-02-05,18,compilation,3.3,2021,2
5,48,False,93,112918137,"r&b pop, alternative r&b, hip hop, synthpop",5L5evi5tJPh8WaEFAQp7Tp,2021-02-05,18,compilation,4.48,2021,2
3,42,True,93,112918137,"r&b pop, alternative r&b, hip hop, synthpop",5L5evi5tJPh8WaEFAQp7Tp,2021-02-05,18,compilation,3.95,2021,2
1,75,False,68,554509,,4Ey0ngdLf4iXL84gdv0zjA,2021-02-05,1,single,4.63,2021,2
15,39,True,94,112995439,"r&b pop, alternative r&b, hip hop, synthpop",5L5evi5tJPh8WaEFAQp7Tp,2021-02-05,18,compilation,5.81,2021,2
18,40,False,94,112995439,"r&b pop, alternative r&b, hip hop, synthpop",5L5evi5tJPh8WaEFAQp7Tp,2021-02-05,18,compilation,6.01,2021,2
2,43,False,93,112918137,"r&b pop, alternative r&b, hip hop, synthpop",5L5evi5tJPh8WaEFAQp7Tp,2021-02-05,18,compilation,3.33,2021,2
11,46,False,93,112957721,"r&b pop, alternative r&b, hip hop, synthpop",5L5evi5tJPh8WaEFAQp7Tp,2021-02-05,18,compilation,3.8,2021,2
4,51,False,94,113039308,"r&b pop, alternative r&b, hip hop, synthpop",5L5evi5tJPh8WaEFAQp7Tp,2021-02-05,18,compilation,3.55,2021,2
16,48,True,94,112995439,"r&b pop, alternative r&b, hip hop, synthpop",5L5evi5tJPh8WaEFAQp7Tp,2021-02-05,18,compilation,5.42,2021,2
7,76,True,94,113039308,"r&b pop, alternative r&b, hip hop, synthpop",5L5evi5tJPh8WaEFAQp7Tp,2021-02-05,18,compilation,3.52,2021,2
1,45,True,93,112957721,"r&b pop, alternative r&b, hip hop, synthpop",5L5evi5tJPh8WaEFAQp7Tp,2021-02-05,18,compilation,3.59,2021,2
6,51,True,94,112995439,"r&b pop, alternative r&b, hip hop, synthpop",5L5evi5tJPh8WaEFAQp7Tp,2021-02-05,18,compilation,3.84,2021,2
4,73,False,63,703644,,3bqEvlGHE4amqPGZtdMnep,2021-01-29,21,album,4.26,2021,1
5,55,False,53,650334,,42joEEymK7EIHODfNB4yug,2021-01-29,12,album,3.61,2021,1
1,22,False,15,425,,4qeWLn250v6texIBLreJ0L,2021-01-22,1,single,2.78,2021,1
1,61,False,90,118728633,"alternative pop, electropop, dark pop",4E8puNI8tw7cXz6YJkwMew,2021-01-21,1,single,3.39,2021,1
1,73,True,89,41131037,rap,3SdFuYwyWoq7kuaHdTDcyD,2021-01-15,1,single,2.71,2021,1
7,57,True,71,2614326,,438ToDoVaJH5aTIXXrlDyI,2021-01-15,10,album,2.11,2021,1
1,67,True,71,2613864,,438ToDoVaJH5aTIXXrlDyI,2021-01-15,10,album,2.44,2021,1
1,75,False,61,161181,house,39qsmsNRXjVaFqTZj9af0j,2021-01-15,1,single,2.81,2021,1
1,43,False,39,53245,,2dxaM8v9ePtEClr7KiJl8z,2021-01-15,1,single,3.46,2021,1
3,41,False,44,50139,,5Nrd1huLFrRbhBlD43UJiQ,2021-01-15,10,album,2.89,2021,1
4,71,True,71,2613864,,438ToDoVaJH5aTIXXrlDyI,2021-01-15,10,album,2.97,2021,1
1,72,False,62,451208,trance,7F9yYqHRtIZnEGF2tANI4b,2021-01-15,1,single,2.5,2021,1
1,54,False,55,68438,dark r&b,2XK3ZZKQOJnOwEYYN3ODEC,2021-01-08,1,single,2.11,2021,1
1,19,False,85,49083617,"pop rock, alternative pop, pop punk",5m849a2zFiUwL9tFS7h7sW,2021-01-08,1,single,4.03,2021,1
1,14,False,30,5450,southern gothic,0bnhjrfpPXBzweqWbxRfMP,2021-01-08,1,single,2.1,2021,1
4,65,False,100,145489371,"country, pop, indie, folk",6AORtDjduMM3bupSWzbTSG,2021-01-07,17,album,3.83,2021,1
1,65,True,65,2640883,,28Yv9BE6ZI6dccK0sxbEq4,2021-01-07,1,single,2.59,2021,1
2,66,True,100,145396321,"country, pop, indie, folk",6AORtDjduMM3bupSWzbTSG,2021-01-07,17,album,4.06,2021,1
3,64,True,100,145489371,"country, pop, indie, folk",6AORtDjduMM3bupSWzbTSG,2021-01-07,17,album,3.08,2021,1
7,63,True,100,145396321,"country, pop, indie, folk",6AORtDjduMM3bupSWzbTSG,2021-01-07,17,album,5.25,2021,1
17,65,False,100,145396321,"country, pop, indie, folk",6AORtDjduMM3bupSWzbTSG,2021-01-07,17,album,4.24,2021,1
10,64,True,100,145396321,"country, pop, indie, folk",6AORtDjduMM3bupSWzbTSG,2021-01-07,17,album,4.34,2021,1
5,65,True,100,145396321,"country, pop, indie, folk",6AORtDjduMM3bupSWzbTSG,2021-01-07,17,album,4.09,2021,1
3,59,False,46,17374,,7BIq8KJwrUVHaRsDNY5glN,2021-01-07,7,album,3.07,2021,1
12,62,False,100,145396321,"country, pop, indie, folk",6AORtDjduMM3bupSWzbTSG,2021-01-07,17,album,3.59,2021,1
13,62,False,100,145396321,"country, pop, indie, folk",6AORtDjduMM3bupSWzbTSG,2021-01-07,17,album,4.29,2021,1
6,63,False,100,145489371,"country, pop, indie, folk",6AORtDjduMM3bupSWzbTSG,2021-01-07,17,album,3.59,2021,1
14,60,False,100,145443567,"country, pop, indie, folk",6AORtDjduMM3bupSWzbTSG,2021-01-07,17,album,3.01,2021,1
9,63,False,100,145396321,"country, pop, indie, folk",6AORtDjduMM3bupSWzbTSG,2021-01-07,17,album,4.58,2021,1
11,64,True,100,145396321,"country, pop, indie, folk",6AORtDjduMM3bupSWzbTSG,2021-01-07,17,album,4.58,2021,1
8,62,False,100,145443567,"country, pop, indie, folk",6AORtDjduMM3bupSWzbTSG,2021-01-07,17,album,3.76,2021,1
15,64,False,100,145443567,"country, pop, indie, folk",6AORtDjduMM3bupSWzbTSG,2021-01-07,17,album,5.06,2021,1
16,76,False,100,145542136,"country, pop, indie, folk",6AORtDjduMM3bupSWzbTSG,2021-01-07,17,album,4.08,2021,1
1,66,False,100,145443567,"country, pop, indie, folk",6AORtDjduMM3bupSWzbTSG,2021-01-07,17,album,3.57,2021,1
1,70,True,59,787903,,7vus4Q8r5DS2Dl1JClxEsA,2021-01-06,1,single,2.21,2021,1
1,0,False,0,2301,,5Rt5o1vliErMBeqb5G3l6g,2020-12-29,1,single,1.84,2020,12
1,24,False,40,149030,"alternative r&b, art pop",7e8P3IXeJq44CRqYI4tUim,2020-12-25,1,single,3.52,2020,12
6,59,True,86,15021860,rage rap,2QRedhP5RmKJiJ1i8VgDGR,2020-12-25,24,album,5.2,2020,12
11,63,True,86,15026799,rage rap,2QRedhP5RmKJiJ1i8VgDGR,2020-12-25,24,album,1.97,2020,12
13,64,True,86,15031490,rage rap,2QRedhP5RmKJiJ1i8VgDGR,2020-12-25,24,album,1.93,2020,12
9,67,True,86,15031490,rage rap,2QRedhP5RmKJiJ1i8VgDGR,2020-12-25,24,album,1.49,2020,12
8,56,True,86,15031490,rage rap,2QRedhP5RmKJiJ1i8VgDGR,2020-12-25,24,album,1.47,2020,12
23,60,True,86,15021860,rage rap,2QRedhP5RmKJiJ1i8VgDGR,2020-12-25,24,album,2.17,2020,12
16,64,True,86,15026799,rage rap,2QRedhP5RmKJiJ1i8VgDGR,2020-12-25,24,album,1.7,2020,12
10,57,True,86,15026799,rage rap,2QRedhP5RmKJiJ1i8VgDGR,2020-12-25,24,album,3.43,2020,12
12,69,True,86,15031490,rage rap,2QRedhP5RmKJiJ1i8VgDGR,2020-12-25,24,album,2.06,2020,12
2,63,True,86,15031490,rage rap,2QRedhP5RmKJiJ1i8VgDGR,2020-12-25,24,album,1.99,2020,12
1,72,True,87,33055350,r&b,781cKhbTPwLnPmo9BALQl7,2020-12-25,1,single,4.65,2020,12
21,75,True,86,15031490,rage rap,2QRedhP5RmKJiJ1i8VgDGR,2020-12-25,24,album,2.25,2020,12
5,59,True,86,15031490,rage rap,2QRedhP5RmKJiJ1i8VgDGR,2020-12-25,24,album,1.55,2020,12
17,59,True,86,15031490,rage rap,2QRedhP5RmKJiJ1i8VgDGR,2020-12-25,24,album,3.11,2020,12
4,59,True,86,15026799,rage rap,2QRedhP5RmKJiJ1i8VgDGR,2020-12-25,24,album,2.55,2020,12
20,69,True,86,15031490,rage rap,2QRedhP5RmKJiJ1i8VgDGR,2020-12-25,24,album,2.77,2020,12
18,65,True,86,15026799,rage rap,2QRedhP5RmKJiJ1i8VgDGR,2020-12-25,24,album,1.95,2020,12
15,59,True,86,15021860,rage rap,2QRedhP5RmKJiJ1i8VgDGR,2020-12-25,24,album,3.82,2020,12
1,66,True,86,15026799,rage rap,2QRedhP5RmKJiJ1i8VgDGR,2020-12-25,24,album,3.22,2020,12
19,79,True,86,15026799,rage rap,2QRedhP5RmKJiJ1i8VgDGR,2020-12-25,24,album,3.22,2020,12
7,61,True,86,15031490,rage rap,2QRedhP5RmKJiJ1i8VgDGR,2020-12-25,24,album,2.74,2020,12
3,68,True,86,15021860,rage rap,2QRedhP5RmKJiJ1i8VgDGR,2020-12-25,24,album,3.64,2020,12
14,62,True,86,15021860,rage rap,2QRedhP5RmKJiJ1i8VgDGR,2020-12-25,24,album,3.29,2020,12
22,59,True,86,15031490,rage rap,2QRedhP5RmKJiJ1i8VgDGR,2020-12-25,24,album,2.18,2020,12
24,57,True,86,15031490,rage rap,2QRedhP5RmKJiJ1i8VgDGR,2020-12-25,24,album,3.4,2020,12
6,64,True,78,9504357,"chicago drill, drill",33lOYXjswrDuzTqTNJYSWy,2020-12-24,16,album,2.86,2020,12
1,19,False,42,17023,medieval,1DAOXRhkCCdVKMoQW3WbaO,2020-12-21,25,album,2.85,2020,12
1,54,False,44,21223,,5AK6JW4lDEomh8p9LdTSV3,2020-12-18,1,single,2.9,2020,12
1,65,False,50,112550,,0NBvXFLdqzROOO4O5KhhNf,2020-12-15,1,single,2.58,2020,12
102,44,False,74,9406293,"country, acoustic country",4a4OT9y3kV3S36HHf5Zj9q,2020-12-15,136,compilation,3.66,2020,12
3,64,True,100,145396321,"country, pop, indie, folk",2Xoteh7uEpea4TohMxjtaq,2020-12-11,15,album,3.08,2020,12
7,63,True,100,145396321,"country, pop, indie, folk",2Xoteh7uEpea4TohMxjtaq,2020-12-11,15,album,5.25,2020,12
2,55,False,83,21591569,,2JyArayVlT6t3MVWLLdSwZ,2020-12-11,15,album,3.67,2020,12
9,44,False,83,21591569,,2JyArayVlT6t3MVWLLdSwZ,2020-12-11,15,album,2.99,2020,12
1,70,False,83,21598900,,2JyArayVlT6t3MVWLLdSwZ,2020-12-11,15,album,3.61,2020,12
15,63,True,75,4350533,,5g2INX6dnMIJG0xKygXwF3,2020-12-11,15,album,3.79,2020,12
1,73,False,100,145489371,"country, pop, indie, folk",2Xoteh7uEpea4TohMxjtaq,2020-12-11,15,album,3.57,2020,12
5,69,True,100,145489371,"country, pop, indie, folk",2Xoteh7uEpea4TohMxjtaq,2020-12-11,15,album,4.09,2020,12
12,58,False,100,145489371,"country, pop, indie, folk",2Xoteh7uEpea4TohMxjtaq,2020-12-11,15,album,3.59,2020,12
18,58,False,54,49276,,1B2QrHbMox8vPXUY7rXAFp,2020-12-11,37,album,4.77,2020,12
8,42,False,83,21606569,,2JyArayVlT6t3MVWLLdSwZ,2020-12-11,15,album,3.18,2020,12
2,74,True,100,145489371,"country, pop, indie, folk",2Xoteh7uEpea4TohMxjtaq,2020-12-11,15,album,4.06,2020,12
6,47,False,83,21591569,,2JyArayVlT6t3MVWLLdSwZ,2020-12-11,15,album,3.47,2020,12
9,58,False,100,145489371,"country, pop, indie, folk",2Xoteh7uEpea4TohMxjtaq,2020-12-11,15,album,4.58,2020,12
15,61,False,100,145489371,"country, pop, indie, folk",2Xoteh7uEpea4TohMxjtaq,2020-12-11,15,album,5.06,2020,12
34,37,False,88,60804949,,2gpSxguAfYcELdEO68g7Nj,2020-12-11,47,compilation,4.92,2020,12
1,67,False,100,145489371,"country, pop, indie, folk",5jmVg7rwRcgd6ARPAeYNSm,2020-12-10,15,album,3.57,2020,12
6,57,False,100,145396321,"country, pop, indie, folk",5jmVg7rwRcgd6ARPAeYNSm,2020-12-10,15,album,3.59,2020,12
1,42,True,24,531,,7buBQLrD5Yxd4CFrfqHdns,2020-12-09,1,single,2.08,2020,12
2,68,False,81,45700057,,3Lp4JKk2ZgNkybMRS3eZR5,2020-12-04,14,album,2.87,2020,12
8,80,False,77,6429788,,6m5qlaMzLtNsQDj3DQY5ji,2020-12-04,15,album,2.97,2020,12
9,69,False,81,45700057,,3Lp4JKk2ZgNkybMRS3eZR5,2020-12-04,14,album,2.98,2020,12
6,25,False,36,103077,,58gdv0EuhcZ2auHfEBm4mL,2020-12-04,16,compilation,3.29,2020,12
7,82,False,83,9475754,,00wSTrFxoSzA7eeS1UxHgd,2020-12-04,13,album,2.66,2020,12
3,38,False,39,5470,,6Hvhg2DNn8ECerbfhHpDXe,2020-12-04,21,album,1.01,2020,12
1,0,False,67,2177376,,3KouPtRhUUT2e7XZ89jtzk,2020-12-04,1,single,3.08,2020,12
16,36,False,35,5351,,58gdv0EuhcZ2auHfEBm4mL,2020-12-04,16,compilation,1.85,2020,12
12,69,True,64,576932,,7AwrgenNcTAJlJF3pKL0Qr,2020-12-04,14,album,2.69,2020,12
2,51,False,53,126719,,61ZQJ6dJ18bfyTmj0A33uG,2020-12-03,5,single,4.05,2020,12
3,81,False,81,26558356,"country pop, rock, hip hop, experimental",5BRhg6NSEZOj0BR6Iz56fR,2020-11-27,15,album,3.27,2020,11
1,54,True,81,26564677,"country pop, rock, hip hop, experimental",5BRhg6NSEZOj0BR6Iz56fR,2020-11-27,15,album,2.86,2020,11
11,77,True,95,102500980,"reggaeton, trap latino, urbano latino, latin",2d9BCZeAAhiZWPpbX9aPCW,2020-11-27,16,album,3.41,2020,11
13,62,False,81,26558356,"country pop, rock, hip hop, experimental",5BRhg6NSEZOj0BR6Iz56fR,2020-11-27,15,album,3.67,2020,11
5,54,False,81,26564677,"country pop, rock, hip hop, experimental",5BRhg6NSEZOj0BR6Iz56fR,2020-11-27,15,album,2.52,2020,11
2,61,False,81,26558356,"country pop, rock, hip hop, experimental",5BRhg6NSEZOj0BR6Iz56fR,2020-11-27,15,album,3.42,2020,11
4,70,False,81,26564677,"country pop, rock, hip hop, experimental",5BRhg6NSEZOj0BR6Iz56fR,2020-11-27,15,album,2.82,2020,11
14,65,False,81,26561582,"country pop, rock, hip hop, experimental",5BRhg6NSEZOj0BR6Iz56fR,2020-11-27,15,album,3.56,2020,11
8,51,False,81,26564677,"country pop, rock, hip hop, experimental",5BRhg6NSEZOj0BR6Iz56fR,2020-11-27,15,album,3.27,2020,11
5,75,False,95,102500980,"reggaeton, trap latino, urbano latino, latin",2d9BCZeAAhiZWPpbX9aPCW,2020-11-27,16,album,3.38,2020,11
7,69,False,81,26564677,"country pop, rock, hip hop, experimental",5BRhg6NSEZOj0BR6Iz56fR,2020-11-27,15,album,3.72,2020,11
11,56,False,81,26558356,"country pop, rock, hip hop, experimental",5BRhg6NSEZOj0BR6Iz56fR,2020-11-27,15,album,3.59,2020,11
6,55,False,81,26564677,"country pop, rock, hip hop, experimental",5BRhg6NSEZOj0BR6Iz56fR,2020-11-27,15,album,3.15,2020,11
8,53,False,100,145489371,"country, pop, indie, folk",0PZ7lAru5FDFHuirTkWe9Z,2020-11-25,34,album,4.33,2020,11
2,57,False,100,145396321,"country, pop, indie, folk",0PZ7lAru5FDFHuirTkWe9Z,2020-11-25,34,album,3.84,2020,11
11,49,False,100,145396321,"country, pop, indie, folk",0PZ7lAru5FDFHuirTkWe9Z,2020-11-25,34,album,4.28,2020,11
17,51,False,100,145443567,"country, pop, indie, folk",0PZ7lAru5FDFHuirTkWe9Z,2020-11-25,34,album,3.32,2020,11
2,37,False,85,46891061,pop,5HaIikztvnTIwx2QA5YsmX,2020-11-20,4,single,3.39,2020,11
13,41,False,70,5588772,"country, pop country, acoustic country",4i6olxzWoJ27X15Cf8lmFD,2020-11-20,14,compilation,3.77,2020,11
1,66,False,81,45706269,,3yVVL2EYLp8g7gT08VvYKy,2020-11-20,1,single,2.98,2020,11
8,79,False,85,81189603,k-pop,6nYfHQnvkvOTNHnOhDT3sr,2020-11-20,8,album,3.31,2020,11
9,42,False,69,5042529,"country, classic country",4i6olxzWoJ27X15Cf8lmFD,2020-11-20,14,compilation,4.65,2020,11
2,30,False,41,53700,,5lQ1jNr2gktMSkGpGVmFlN,2020-11-20,14,album,4.32,2020,11
4,42,False,69,5042529,"country, classic country",39xDxmvMjrPLPakxZm0osw,2020-11-20,28,album,4.33,2020,11
1,1,False,81,26558356,"country pop, rock, hip hop, experimental",3hUh17FzYZwwZyNjU9B3vL,2020-11-20,1,single,2.82,2020,11
10,41,False,84,49050008,"pop rock, alternative pop, pop punk",389VFKfgX6qu3L25ctkEFj,2020-11-20,13,compilation,3.36,2020,11
4,59,True,62,869770,,4KKRAmQ0ksj32l7mrgLOcF,2020-11-13,13,album,3.72,2020,11
4,0,False,47,52523,soundtrack,14p9JmhV36K6jzhyqrXmUl,2020-11-13,47,album,2.43,2020,11
1,68,False,90,118728633,"alternative pop, electropop, dark pop",5G58VVE9ub1KE01Mvbd8XM,2020-11-12,1,single,2.9,2020,11
13,75,False,63,728004,,4fEgAL4ge9hHhxVDCUZbeF,2020-11-12,26,album,3.08,2020,11
3,41,False,47,52337,soundtrack,6CaxswOwsM2r7jchhSyTb8,2020-11-10,19,album,2.88,2020,11
17,54,False,63,1943863,,6CaxswOwsM2r7jchhSyTb8,2020-11-10,19,album,3.16,2020,11
3,5,False,56,96043,soundtrack,46agdd4SXq9zRZDgNrOML1,2020-11-08,9,album,1.57,2020,11
1,70,False,54,570879,,239r63fqY8PyWX9WcgwNzP,2020-11-06,1,single,3.78,2020,11
7,3,True,79,6595164,,3YjfdLdpQcVI72uKhooZst,2020-11-06,22,album,2.68,2020,11
6,0,False,38,11431,bedroom pop,5yVpUjfgg40hScAoGMN0sg,2020-10-31,10,album,3.57,2020,10
3,0,False,39,91961,,5Pamrcnyyntyeh5F68gQ1S,2020-10-30,11,album,3.82,2020,10
2,76,True,90,107401919,pop,3euz4vS7ezKGnNSwgyvKcd,2020-10-30,14,album,2.89,2020,10
1,66,False,70,965027,,15sy3XQFShOFiDpKoxByyA,2020-10-30,1,single,2.79,2020,10
12,79,True,90,107389514,pop,3euz4vS7ezKGnNSwgyvKcd,2020-10-30,14,album,2.87,2020,10
14,75,False,90,107374593,pop,3euz4vS7ezKGnNSwgyvKcd,2020-10-30,14,album,3.36,2020,10
2,0,False,39,91951,,5Pamrcnyyntyeh5F68gQ1S,2020-10-30,11,album,3.36,2020,10
7,69,False,90,107374593,pop,3euz4vS7ezKGnNSwgyvKcd,2020-10-30,14,album,3.47,2020,10
1,58,True,90,107401919,pop,3euz4vS7ezKGnNSwgyvKcd,2020-10-30,14,album,2.62,2020,10
6,58,True,90,107374593,pop,3euz4vS7ezKGnNSwgyvKcd,2020-10-30,14,album,3.06,2020,10
1,78,True,95,102571645,"reggaeton, trap latino, urbano latino, latin",43dl8hP5uNN9s6YeeJA5fv,2020-10-30,1,single,3.41,2020,10
2,66,False,81,26272346,soft pop,5XCBX16KNYsAe7V5hQV9mC,2020-10-30,17,album,3.56,2020,10
5,78,False,81,26275803,soft pop,5XCBX16KNYsAe7V5hQV9mC,2020-10-30,17,album,4.11,2020,10
4,35,False,43,134059,bedroom pop,1ji5VvsY621bB4egsnt2KN,2020-10-30,10,album,2.8,2020,10
4,65,True,90,107374593,pop,3euz4vS7ezKGnNSwgyvKcd,2020-10-30,14,album,2.49,2020,10
6,73,True,77,6631275,"metalcore, emo, screamo, rock, post-hardcore",0e1WaSNDZnoPixaxDNdWo4,2020-10-30,9,album,3.66,2020,10
8,0,False,2,1272,,0IkMOwdyDGXEsudmukEcMF,2020-10-30,8,album,5.83,2020,10
10,62,False,90,107374593,pop,3euz4vS7ezKGnNSwgyvKcd,2020-10-30,14,album,2.2,2020,10
11,59,True,90,107374593,pop,3euz4vS7ezKGnNSwgyvKcd,2020-10-30,14,album,2.99,2020,10
3,73,True,90,107374593,pop,3euz4vS7ezKGnNSwgyvKcd,2020-10-30,14,album,2.79,2020,10
8,62,False,90,107374593,pop,3euz4vS7ezKGnNSwgyvKcd,2020-10-30,14,album,2.64,2020,10
9,67,True,90,107374593,pop,3euz4vS7ezKGnNSwgyvKcd,2020-10-30,14,album,3.34,2020,10
13,61,True,90,107374593,pop,3euz4vS7ezKGnNSwgyvKcd,2020-10-30,14,album,2.44,2020,10
5,65,False,90,107374593,pop,3euz4vS7ezKGnNSwgyvKcd,2020-10-30,14,album,3.99,2020,10
1,50,True,59,105439,dark r&b,3Bly4EGJvvJ7f5mn5zetJ3,2020-10-27,1,single,3.32,2020,10
1,0,True,57,1030417,"egyptian hip hop, arabic hip hop, mahraganat, egyptian pop",28HCjePRZ008qSYWcbY7zH,2020-10-25,1,single,3.89,2020,10
5,0,False,48,20272,,231jHEPm8jXsPThyoMfB7T,2020-10-23,38,album,1.1,2020,10
37,0,False,48,20279,,231jHEPm8jXsPThyoMfB7T,2020-10-23,38,album,2.12,2020,10
7,0,False,58,907757,,5N9MQLXbiA8hYWsej7y8Sz,2020-10-23,9,album,2.84,2020,10
1,0,True,90,107374593,pop,3jqEvfiu2ENgmgzZq27zbi,2020-10-23,1,single,2.87,2020,10
8,56,False,58,907633,,0Vcu9I1RkUF1VYSVeYwLhR,2020-10-23,9,album,3.06,2020,10
3,0,False,58,907483,,5N9MQLXbiA8hYWsej7y8Sz,2020-10-23,9,album,2.67,2020,10
3,80,False,72,1453910,,2Qt8Z1LB3Fsrf6nhBNsvUJ,2020-10-23,11,album,3.36,2020,10
2,0,False,48,20279,,231jHEPm8jXsPThyoMfB7T,2020-10-23,38,album,2.12,2020,10
9,0,False,58,907633,,5N9MQLXbiA8hYWsej7y8Sz,2020-10-23,9,album,3.56,2020,10
9,79,False,72,1456368,,2Qt8Z1LB3Fsrf6nhBNsvUJ,2020-10-23,11,album,4.16,2020,10
10,39,False,48,20284,,7Gdn94u4xTxoIpfq2rZci9,2020-10-23,38,album,1.21,2020,10
6,74,False,72,1456368,,2Qt8Z1LB3Fsrf6nhBNsvUJ,2020-10-23,11,album,2.14,2020,10
2,57,False,63,1325652,,6afyaK8ihj33Chr7A7LqNI,2020-10-23,11,album,3.96,2020,10
1,56,True,77,6632477,"metalcore, emo, screamo, rock, post-hardcore",4U4nKoTy4lsQlUoaGqg8U4,2020-10-22,1,single,3.58,2020,10
6,62,True,48,216,,3gEv1vpsDgaEo4TLuu0Lwz,2020-10-21,13,album,2.52,2020,10
1,0,False,11,753,,5ZvA7zCIQxozsY904c8A73,2020-10-16,1,single,3.43,2020,10
1,66,True,91,85050158,"pop, contemporary r&b",3P5WIUJO0Ots1lQx09TOxk,2020-10-16,1,single,2.48,2020,10
1,51,False,58,210955,hard techno,7bsOI4rnJwXDog3k81sfmQ,2020-10-16,1,single,2.9,2020,10
12,52,True,49,137471,"darkwave, post-punk, cold wave, synthwave, witch house",4Pw2O8WwC12Bq1O3md5fvd,2020-10-10,14,album,3.2,2020,10
1,37,True,27,8057,,1CsySBcBQluO4aoT5uuTx5,2020-10-02,1,single,3.57,2020,10
2,76,True,84,23799771,,6wTyGUWGCilBFZ837k5aRi,2020-10-02,15,album,3.26,2020,10
1,66,False,81,45706269,,7vif3nVzXURIrjGjHeHytB,2020-10-02,1,single,2.87,2020,10
1,0,True,67,2177177,,40wbg2c9OHt1KPPxsD0Dy1,2020-10-02,1,single,3.04,2020,10
1,73,False,62,261055,spoken word,5hgwPA78vCrhEDaTazNMyR,2020-09-30,1,single,3.62,2020,9
1,60,False,52,188111,,4enAteB9DBZD3W9jmAaYYc,2020-09-26,1,single,3.05,2020,9
7,57,True,78,5642365,,57lgFncHBYu5E3igZnuCJK,2020-09-25,15,album,3.16,2020,9
3,56,False,83,21591569,,4uNgt1uQs6wZRm4giB3shX,2020-09-25,11,album,3.17,2020,9
2,63,True,58,1293252,,49iT8dV8hZ5o7bqpOI5yfI,2020-09-25,7,album,3.37,2020,9
11,73,True,78,5642365,,57lgFncHBYu5E3igZnuCJK,2020-09-25,15,album,2.32,2020,9
13,55,True,78,5642925,,57lgFncHBYu5E3igZnuCJK,2020-09-25,15,album,2.87,2020,9
4,52,True,75,22219717,,75sm9IEmN01J5MsyZr4Cw1,2020-09-25,7,single,4.65,2020,9
12,57,True,78,5642365,,57lgFncHBYu5E3igZnuCJK,2020-09-25,15,album,1.95,2020,9
9,42,True,78,5643375,,57lgFncHBYu5E3igZnuCJK,2020-09-25,15,album,1.38,2020,9
5,0,False,57,837346,"post-punk, punk, noise rock",20O6GKv8VfyvL4Gy0TAJs7,2020-09-25,12,album,3.82,2020,9
2,59,True,78,5643959,,57lgFncHBYu5E3igZnuCJK,2020-09-25,15,album,2.3,2020,9
10,55,True,78,5642925,,57lgFncHBYu5E3igZnuCJK,2020-09-25,15,album,2.67,2020,9
4,65,False,83,21591569,,4uNgt1uQs6wZRm4giB3shX,2020-09-25,11,album,3.1,2020,9
3,65,True,78,5643375,,57lgFncHBYu5E3igZnuCJK,2020-09-25,15,album,2.39,2020,9
4,63,True,58,1293557,,49iT8dV8hZ5o7bqpOI5yfI,2020-09-25,7,album,4.21,2020,9
5,68,True,78,5642925,,57lgFncHBYu5E3igZnuCJK,2020-09-25,15,album,2.86,2020,9
1,54,True,78,5643375,,57lgFncHBYu5E3igZnuCJK,2020-09-25,15,album,2.76,2020,9
8,47,True,78,5642365,,57lgFncHBYu5E3igZnuCJK,2020-09-25,15,album,0.99,2020,9
6,56,True,78,5642365,,57lgFncHBYu5E3igZnuCJK,2020-09-25,15,album,2.15,2020,9
14,47,True,78,5642925,,57lgFncHBYu5E3igZnuCJK,2020-09-25,15,album,1.51,2020,9
1,49,False,77,24108798,,7MkNlHw0O8KKr3yJ3RtgVW,2020-09-25,1,single,2.9,2020,9
4,68,True,78,5642365,,57lgFncHBYu5E3igZnuCJK,2020-09-25,15,album,3.41,2020,9
2,54,False,54,229153,,4GRFvUhCOPOEE1sgJFANuy,2020-09-25,13,album,3.7,2020,9
6,65,False,83,21591569,,4uNgt1uQs6wZRm4giB3shX,2020-09-25,11,album,3.47,2020,9
15,56,True,78,5642365,,57lgFncHBYu5E3igZnuCJK,2020-09-25,15,album,3.37,2020,9
2,76,False,83,21606569,,4uNgt1uQs6wZRm4giB3shX,2020-09-25,11,album,3.9,2020,9
9,53,False,83,21591569,,4uNgt1uQs6wZRm4giB3shX,2020-09-25,11,album,2.99,2020,9
8,1,False,80,10638942,,6YKk4wlKdACRITGKmGnoIm,2020-09-24,18,album,3.0,2020,9
7,50,True,75,22220366,,7ndwJvNRNljkK9r4JLNcX2,2020-09-24,20,album,2.58,2020,9
1,43,False,40,17337,,0Lvecac3cAYnrGPUpIrfMg,2020-09-23,3,single,3.46,2020,9
16,82,False,77,7750481,,26c7MmQ4w8EAvVLb4jilaM,2020-09-18,16,album,3.12,2020,9
1,73,False,77,7755194,,26c7MmQ4w8EAvVLb4jilaM,2020-09-18,16,album,2.91,2020,9
1,66,False,91,85008100,"pop, contemporary r&b",4hR7jjsPvRwwcHx8ntJSQS,2020-09-18,1,single,3.53,2020,9
3,82,False,77,7750481,,26c7MmQ4w8EAvVLb4jilaM,2020-09-18,16,album,2.7,2020,9
1,73,False,80,7979622,"edm, trance, big room",2adSO4KU3FDjeM1PXCRDZm,2020-09-16,1,single,2.73,2020,9
3,43,False,71,4972305,"industrial metal, industrial rock, industrial, metal, nu metal",3VOlp4Dion1qjjvhmuDZvV,2020-09-11,10,album,4.29,2020,9
22,0,False,54,640710,,1h81fExuUWbFElcVHk5x9Q,2020-09-11,30,compilation,5.46,2020,9
1,0,False,18,3062,tropical house,7DH0DrUmVXRelcuFz46UWU,2020-09-11,1,single,2.48,2020,9
1,60,False,80,34478237,edm,3wCtCJ8O6SlGBWYfzAlsb2,2020-09-10,1,single,2.66,2020,9
12,39,False,68,3672166,country,6APtXJ6vUP4qaHZW7uyTzr,2020-09-04,25,compilation,4.13,2020,9
7,41,False,73,2338988,"country, acoustic country",18TRgewXFlbLC8zgUgiMma,2020-09-04,31,compilation,3.37,2020,9
1,66,True,87,33043825,r&b,4xmJCh7ct63QvQ5wRc44db,2020-09-04,1,single,3.36,2020,9
1,0,False,7,404,future bass,4gIpB8cVzo1fJYTGZCTtPQ,2020-09-04,1,single,2.81,2020,9
18,42,True,89,41131037,rap,3XVZnD9SKNPcN3YJvho9Y7,2020-09-02,20,album,3.09,2020,9
17,0,True,64,1035109,,6U5j597olXfdjtd6wHd3Cu,2020-08-29,17,album,3.25,2020,8
17,2,True,65,1035863,,2vGU0DOcfsDee0euvhl1iZ,2020-08-28,17,album,3.25,2020,8
1,62,False,83,38400585,pop,47zMF6LrXQ8odi6Xv1unC0,2020-08-28,12,album,3.72,2020,8
1,35,False,59,719812,,40J4xZREcFpeJVnXDXntvk,2020-08-28,11,album,3.47,2020,8
6,47,False,58,719836,,40J4xZREcFpeJVnXDXntvk,2020-08-28,11,album,3.72,2020,8
10,76,False,83,38385499,pop,47zMF6LrXQ8odi6Xv1unC0,2020-08-28,12,album,3.09,2020,8
1,62,False,81,56140946,k-pop,2VBb4LRcRSACOfJWRUgVZl,2020-08-28,1,single,2.93,2020,8
1,61,True,84,23079295,edm,3GPiefSRSOxqTrgKJIB7RL,2020-08-28,1,single,3.51,2020,8
1,0,False,59,72278,dark r&b,2dgjB3JJGYRQwFlipMS50d,2020-08-22,1,single,3.87,2020,8
2,58,True,71,5067774,,4UxlLk460BnmQlRV3WiORh,2020-08-21,12,album,3.35,2020,8
1,63,False,74,5975530,,3tuAs968COA2vxKjiLvmxr,2020-08-21,1,single,2.97,2020,8
3,78,False,83,38568546,"reggaeton, latin, urbano latino",0p2yf6DucEgvj8Uk8KXJJv,2020-08-21,22,album,3.31,2020,8
1,73,True,71,5067774,,4UxlLk460BnmQlRV3WiORh,2020-08-21,12,album,3.13,2020,8
1,2,False,85,81189603,k-pop,3zWmE5c3alhuoPLphxjMVd,2020-08-21,2,single,3.31,2020,8
1,63,True,58,277520,dembow,5oBYG6dEI2Er6EeLnmonGE,2020-08-20,1,single,2.05,2020,8
13,61,False,100,145443567,"country, pop, indie, folk",1pzvBxYgT6OVwJLtHkrdQK,2020-08-18,17,album,4.82,2020,8
4,68,False,100,145443567,"country, pop, indie, folk",1pzvBxYgT6OVwJLtHkrdQK,2020-08-18,17,album,4.76,2020,8
12,61,True,100,145443567,"country, pop, indie, folk",1pzvBxYgT6OVwJLtHkrdQK,2020-08-18,17,album,3.95,2020,8
6,64,False,100,145542136,"country, pop, indie, folk",1pzvBxYgT6OVwJLtHkrdQK,2020-08-18,17,album,3.48,2020,8
5,65,False,100,145489371,"country, pop, indie, folk",1pzvBxYgT6OVwJLtHkrdQK,2020-08-18,17,album,4.26,2020,8
8,65,False,100,145443567,"country, pop, indie, folk",1pzvBxYgT6OVwJLtHkrdQK,2020-08-18,17,album,4.36,2020,8
14,62,True,100,145396321,"country, pop, indie, folk",1pzvBxYgT6OVwJLtHkrdQK,2020-08-18,17,album,4.9,2020,8
2,68,False,100,145396321,"country, pop, indie, folk",1pzvBxYgT6OVwJLtHkrdQK,2020-08-18,17,album,3.99,2020,8
16,61,False,100,145489371,"country, pop, indie, folk",1pzvBxYgT6OVwJLtHkrdQK,2020-08-18,17,album,3.66,2020,8
10,64,False,100,145489371,"country, pop, indie, folk",1pzvBxYgT6OVwJLtHkrdQK,2020-08-18,17,album,3.18,2020,8
11,63,False,100,145443567,"country, pop, indie, folk",1pzvBxYgT6OVwJLtHkrdQK,2020-08-18,17,album,4.21,2020,8
15,61,True,100,145396321,"country, pop, indie, folk",1pzvBxYgT6OVwJLtHkrdQK,2020-08-18,17,album,3.9,2020,8
7,63,False,100,145489371,"country, pop, indie, folk",1pzvBxYgT6OVwJLtHkrdQK,2020-08-18,17,album,3.48,2020,8
1,66,True,100,145542136,"country, pop, indie, folk",1pzvBxYgT6OVwJLtHkrdQK,2020-08-18,17,album,3.5,2020,8
17,65,False,100,145443567,"country, pop, indie, folk",1pzvBxYgT6OVwJLtHkrdQK,2020-08-18,17,album,3.53,2020,8
3,64,True,100,145396321,"country, pop, indie, folk",1pzvBxYgT6OVwJLtHkrdQK,2020-08-18,17,album,3.85,2020,8
9,64,False,100,145396321,"country, pop, indie, folk",1pzvBxYgT6OVwJLtHkrdQK,2020-08-18,17,album,3.25,2020,8
1,3,False,81,26558356,"country pop, rock, hip hop, experimental",7z5fmW3FDD6jlpJtwMXV51,2020-08-14,1,single,3.72,2020,8
1,75,True,95,103094105,rap,0qGdc7fNq9RNIPEzZufa43,2020-08-14,1,single,4.35,2020,8
10,0,False,74,1544658,,2PullXMROSpzCdFdzEmFhy,2020-08-13,13,album,3.91,2020,8
2,39,False,76,12460242,,1mbNqu5D67Ry2N9aJFMxTj,2020-08-07,14,album,3.59,2020,8
5,0,False,69,2740220,,02U2T90QXPo4XaFUvYURaf,2020-08-07,19,album,1.44,2020,8
6,69,True,73,10021011,,4dsMe3EBC8xURaxMhyorgf,2020-08-07,20,album,2.88,2020,8
1,74,True,81,25953771,,2ogiazbrNEx0kQHGl5ZBTQ,2020-08-07,1,single,3.12,2020,8
14,85,False,73,4568462,,5bfpRtBW7RNRdsm3tRyl3R,2020-08-07,16,album,3.98,2020,8
8,1,False,69,2740220,,02U2T90QXPo4XaFUvYURaf,2020-08-07,19,album,2.03,2020,8
8,67,False,69,2356803,,52Kcim8psSCfCJN2kktKDj,2020-08-07,9,album,3.96,2020,8
1,0,True,78,5642365,,0wypXkbH1LkcVRhlB9gvn5,2020-08-07,1,single,2.31,2020,8
14,9,False,73,4568462,,0KTj6k94XZh0c6IEMfxeWV,2020-08-06,18,album,3.98,2020,8
2,14,False,66,115162,electro house,47ivZmuVI0HboDeCl6uOZv,2020-07-31,3,single,3.8,2020,7
1,67,False,90,118692183,"alternative pop, electropop, dark pop",3oxhQpF3Twbkl18oQYfnh5,2020-07-30,1,single,3.46,2020,7
2,6,False,68,1578811,,5JCPRHXnXWoyjcVxwpIzLt,2020-07-27,3,single,3.58,2020,7
9,75,False,100,145396321,"country, pop, indie, folk",2fenSS68JI1h4Fo296JfGr,2020-07-24,16,album,3.25,2020,7
1,69,False,86,39113380,"reggaeton, latin",6aqSlutLYNpzSsK4dV5jTr,2020-07-24,1,single,3.87,2020,7
1,0,True,70,5531839,,0G3ymPrE8xNHDtBk30XGs9,2020-07-24,1,single,2.84,2020,7
4,80,False,100,145396321,"country, pop, indie, folk",2fenSS68JI1h4Fo296JfGr,2020-07-24,16,album,4.76,2020,7
1,0,False,56,404261,,1xWYSg7J7pxTZ113CJVy1P,2020-07-24,1,single,2.28,2020,7
1,6,True,65,2285613,,4YMnOf4a7obOcN1Gy2QEuM,2020-07-24,1,single,2.34,2020,7
5,80,False,100,145489371,"country, pop, indie, folk",2fenSS68JI1h4Fo296JfGr,2020-07-24,16,album,4.26,2020,7
1,10,False,85,45777722,pop,2cDt5R89HP8ZCXhNAmZs27,2020-07-24,1,single,3.52,2020,7
8,85,False,100,145396321,"country, pop, indie, folk",2fenSS68JI1h4Fo296JfGr,2020-07-24,16,album,4.36,2020,7
2,86,False,100,145396321,"country, pop, indie, folk",2fenSS68JI1h4Fo296JfGr,2020-07-24,16,album,3.99,2020,7
10,74,False,100,145443567,"country, pop, indie, folk",2fenSS68JI1h4Fo296JfGr,2020-07-24,16,album,3.18,2020,7
1,43,False,63,339687,,7G5wrLysw3vqnq5fgT6Hqj,2020-07-22,1,single,3.41,2020,7
1,71,False,76,12460242,,3II80i5KpS38r0QjNzu8ly,2020-07-22,1,single,3.17,2020,7
1,63,False,48,68226,,5UYjxc4HIYeesKS0WJlhEI,2020-07-20,1,single,2.57,2020,7
4,64,True,78,13212719,,7hCfgsycCFH4bBjEfUwh3S,2020-07-17,18,album,3.04,2020,7
12,61,True,67,2583769,,1HmWQo43Gt8BR2dylfv3o4,2020-07-17,14,album,2.41,2020,7
1,66,True,73,12341870,,5nNtpPsSUgb9Hlb3dF1gXa,2020-07-17,1,single,3.33,2020,7
3,45,True,53,367831,"uk drill, drill, grime, uk grime, afroswing",1ayupZtO3Z583NZ4HNPRmg,2020-07-17,16,album,3.6,2020,7
5,36,False,48,30694,soundtrack,6N9upMTvxPR79tutqclKtq,2020-07-17,22,album,2.25,2020,7
1,68,True,73,12341870,,3O6ywzP5LE5msmuBBTpaIN,2020-07-16,1,single,3.64,2020,7
5,78,False,78,13209377,,44va7sFuK8IGzrj0BIX8kK,2020-07-16,19,album,3.13,2020,7
1,58,True,59,638664,emo rap,3kdQLkOoQY2TtZflmtlyRa,2020-07-15,1,single,2.09,2020,7
2,69,False,82,7412007,,2UZw04wDxLVceADw2Gi1Qy,2020-07-14,7,single,3.08,2020,7
5,82,False,82,7420507,,2UZw04wDxLVceADw2Gi1Qy,2020-07-14,7,single,2.79,2020,7
1,0,False,51,164524,dark r&b,1eZnRqTe2zwOAcIspWbtFU,2020-07-10,1,single,2.62,2020,7
15,76,True,85,42528657,"melodic rap, emo rap",6n9DKpOxwifT5hOXtgLZSL,2020-07-10,22,album,3.24,2020,7
12,75,True,85,42551578,"melodic rap, emo rap",6n9DKpOxwifT5hOXtgLZSL,2020-07-10,22,album,3.42,2020,7
1,62,False,87,60395783,"reggaeton, latin, urbano latino",1mMUBQXa70gHyUjK0Q0u63,2020-07-10,1,single,3.16,2020,7
1,65,False,71,5777873,"country, pop country",7MKfE4IRGdrH5bMkqaZ2Tp,2020-07-10,1,single,3.19,2020,7
7,67,True,85,42540400,"melodic rap, emo rap",6n9DKpOxwifT5hOXtgLZSL,2020-07-10,22,album,3.26,2020,7
1,54,True,85,42528657,"melodic rap, emo rap",5Cje8lHuyJG88V5Rvx21mm,2020-07-09,1,single,3.42,2020,7
3,74,True,75,15612601,"brooklyn drill, new york drill, drill",7e7t0MCrNDcJZsPwUKjmOc,2020-07-03,19,album,3.17,2020,7
1,57,False,66,470451,dance pop,4w554Y1ts3lmzhn7hpfLBJ,2020-07-03,1,single,2.76,2020,7
11,35,False,24,2089,,0UqiDpppceG96nRy6vmKQw,2020-07-03,11,album,4.99,2020,7
10,69,True,75,15612601,"brooklyn drill, new york drill, drill",7e7t0MCrNDcJZsPwUKjmOc,2020-07-03,19,album,3.36,2020,7
15,77,True,75,15614717,"brooklyn drill, new york drill, drill",7e7t0MCrNDcJZsPwUKjmOc,2020-07-03,19,album,2.66,2020,7
1,6,False,73,4568917,,69K1zrf6TkXHdYUO8n2qVi,2020-06-29,1,single,3.98,2020,6
1,1,False,81,56178946,k-pop,19LMUlWN7xU2NW80pZSeuH,2020-06-26,1,single,3.02,2020,6
1,64,True,75,4350020,,36jrqYRpGVpJqztuqCii22,2020-06-24,1,single,3.79,2020,6
2,68,False,52,514896,,2MV7PrKdCcislKUAPMyEA2,2020-06-23,2,single,3.07,2020,6
1,50,False,63,394210,soundtrack,0tNUmClLcWptIcnoCXpPUC,2020-06-19,28,album,2.87,2020,6
5,73,True,77,8986062,melodic rap,4v0IxMbMN975IfxFHzgK9d,2020-06-19,29,album,2.22,2020,6
1,48,True,81,9559647,,2eORe6u9TPXYisYshyXVeH,2020-06-18,15,album,3.58,2020,6
8,65,False,76,3007142,,6Pp6qGEywDdofgFC1oFbSH,2020-06-18,11,album,4.02,2020,6
7,69,False,76,3007142,,6Pp6qGEywDdofgFC1oFbSH,2020-06-18,11,album,4.62,2020,6
1,0,False,25,2951,,5QqSvGI8NO1d870iJhqZi8,2020-06-12,58,album,4.78,2020,6
1,59,False,70,5545344,"french r&b, pop urbaine",0hUQJNECak9L5Baf75HfeV,2020-06-12,1,single,2.78,2020,6
1,70,True,55,146015,,1XMw3pBrYeXzNXZXc84DNw,2020-06-11,1,single,2.85,2020,6
5,0,True,32,156667,,5b50YJ7eITD5L13AO5D9sD,2020-06-05,15,album,3.1,2020,6
1,0,False,49,94262,,1ODy4AVPRrF3ZRKpU1FPxH,2020-06-03,1,single,4.37,2020,6
1,19,True,48,108906,,50FPtqYZf0YuJMOUFc8Pkg,2020-06-03,1,single,2.46,2020,6
13,44,False,51,244696,"musicals, east coast hip hop",7xq2EeUC8NPxClCe8M4UOX,2020-06-01,21,compilation,4.18,2020,6
1,68,True,83,51727329,emo rap,0G3uruzIfqEMKmuI8vGZ42,2020-06-01,1,single,1.31,2020,6
4,71,False,89,42275793,"art pop, pop",05c49JgPmL4Uz2ZeqRx5SP,2020-05-29,16,album,3.03,2020,5
4,31,False,40,44820,,0kl5WlV5aL2X4aho9KQXP3,2020-05-29,7,album,2.51,2020,5
10,64,False,88,42256604,"art pop, pop",05c49JgPmL4Uz2ZeqRx5SP,2020-05-29,16,album,2.62,2020,5
2,63,False,76,8669911,tropical house,7tcs1X9pzFvcLOPuhCstQJ,2020-05-29,18,album,3.32,2020,5
3,65,False,88,42256604,"art pop, pop",05c49JgPmL4Uz2ZeqRx5SP,2020-05-29,16,album,3.22,2020,5
3,73,True,77,2812821,moombahton,2Om5VEKaBd4Afht33ToQGD,2020-05-29,12,album,2.82,2020,5
10,71,False,76,8669911,tropical house,7tcs1X9pzFvcLOPuhCstQJ,2020-05-29,18,album,3.8,2020,5
1,66,False,75,8573796,latin,4KEOAWBMpvJrIZ7tQfx44i,2020-05-28,1,single,2.15,2020,5
1,44,False,61,2650667,"egyptian hip hop, arabic hip hop, egyptian pop, mahraganat",0aB2clpFGE0NgXtRKtO5PS,2020-05-24,1,single,3.56,2020,5
1,59,False,55,68408,dark r&b,6C5hxAtgOfXCIpfxuPnvm1,2020-05-22,1,single,2.56,2020,5
1,68,False,88,42237551,"art pop, pop",4TqgXMSSTwP3RCo3MMSR6t,2020-05-22,1,single,3.03,2020,5
1,57,False,100,145489371,"country, pop, indie, folk",4CF0YV0iNyfKoDt9jHbGj7,2020-05-18,1,single,4.93,2020,5
1,55,False,83,38400585,pop,2m5J1DUH7hJpPSOromIqpN,2020-05-15,1,single,2.88,2020,5
9,85,False,82,6315216,"hyperpop, art pop",3a9qH2VEsSiOZvMrjaS0Nu,2020-05-15,11,album,4.94,2020,5
1,56,False,75,7761454,,0i96PtPJV65ddxsfMfo45F,2020-05-15,2,single,3.08,2020,5
1,56,False,79,8268519,,3lalGt6k7JM3tIji1Xbgmk,2020-05-15,1,single,2.27,2020,5
6,79,False,72,2069532,,5Gn3fFzlWL89j0hGumtXb5,2020-05-15,8,album,2.6,2020,5
4,61,False,72,2069532,,5Gn3fFzlWL89j0hGumtXb5,2020-05-15,8,album,2.4,2020,5
1,59,False,76,8669911,tropical house,3LhriqAiHJYw7rxvtlkvQc,2020-05-15,1,single,3.32,2020,5
5,58,False,66,8862427,,1UPxmm7vKXqA7tO7Y3XklR,2020-05-08,5,single,4.14,2020,5
2,77,True,87,28316378,r&b,7fZKtzZAsfH0kzeTivu5TG,2020-05-08,13,album,2.94,2020,5
1,80,False,90,107389514,pop,5mUdh6YWnUvf0MfklEk1oi,2020-05-08,1,single,3.8,2020,5
1,66,True,78,8661889,,6ROLwnmW9pOioLned0DaP3,2020-05-08,15,album,2.8,2020,5
35,37,False,73,2339392,"country, acoustic country",2ZR5PK6hobhfSDNXfSbigo,2020-05-08,58,compilation,3.49,2020,5
23,70,True,84,21644763,,6uhEg4ASZYLIilZFCBFy1r,2020-05-01,26,album,2.41,2020,5
4,83,True,95,103094105,rap,6OQ9gBfg5EXeNAEwGSs6jK,2020-05-01,14,album,4.49,2020,5
4,77,False,79,12552680,,4p3eRdoK7W7z0tz8OWA3JM,2020-05-01,8,album,2.53,2020,5
1,71,False,80,34476607,edm,1eleCBhP2R8TXEDquvybwC,2020-05-01,1,single,2.87,2020,5
3,78,True,95,103067383,rap,6OQ9gBfg5EXeNAEwGSs6jK,2020-05-01,14,album,3.67,2020,5
1,59,True,76,10888670,,6M4VOF1ExBRii1x20Pk0GR,2020-04-29,1,single,4.03,2020,4
1,67,False,50,152294,bedroom pop,6K7559pAYrNCJwsv1uIIK7,2020-04-24,1,single,3.5,2020,4
1,34,False,62,149943,,7uF3sq4XmkzvlKT62tr3sq,2020-04-24,1,single,3.28,2020,4
4,17,True,60,1304494,"emo, screamo, post-hardcore, pop punk",1QJlmXocw1DO8JjU56Rqwx,2020-04-24,16,album,3.06,2020,4
1,69,True,51,318007,,7q6zjWaLw8bN5nYiBWjrus,2020-04-24,1,single,2.76,2020,4
9,0,False,55,1417494,witch house,2Ji9U33Ljqdm4RdlBKXteF,2020-04-24,12,album,3.06,2020,4
1,75,False,68,384793,cloud rap,66eXLlqksAwNndmHaHWtCq,2020-04-24,15,album,4.62,2020,4
1,67,True,56,396758,,4NPX54YtocHqTOq6yXDEFM,2020-04-21,1,single,2.46,2020,4
7,73,True,77,12955951,,623PL2MBg50Br5dLXC9E9e,2020-04-17,13,album,3.02,2020,4
1,55,False,39,29192,german hip hop,6NXTCMg4iFotpfmxp7Cf8S,2020-04-17,1,single,2.87,2020,4
3,70,False,78,20454854,"colombian pop, pop urbano",6xS6mQz1fQZ6eZE654J15I,2020-04-17,10,album,3.49,2020,4
1,5,True,88,9241516,pop,1RWiRfdNZKDe8VXzzf2VEc,2020-04-17,1,single,2.82,2020,4
6,76,False,66,795653,house,6AlOjPdNpM41lMVSjjsrUM,2020-04-17,10,album,3.43,2020,4
1,50,False,81,26272346,soft pop,44msshHeN6irJ1md7GVSlU,2020-04-16,1,single,3.34,2020,4
6,0,False,16,33465,,6nGrpXQPK0ndmZCAkXpCbN,2020-04-15,7,single,0.07,2020,4
1,31,True,17,266,,5NKxMM4LrwyKDy9QjqgP50,2020-04-12,2,single,3.24,2020,4
2,29,True,17,264,,5NKxMM4LrwyKDy9QjqgP50,2020-04-12,2,single,4.08,2020,4
1,61,True,81,9559647,,39kXbkUjh0IIyoGBnlGX9V,2020-04-10,1,single,4.15,2020,4
1,80,False,74,6444988,"garage rock, indie rock, alternative rock",2xkZV2Hl1Omi8rk2D7t5lN,2020-04-10,9,album,5.15,2020,4
2,76,False,74,6444988,"garage rock, indie rock, alternative rock",2xkZV2Hl1Omi8rk2D7t5lN,2020-04-10,9,album,3.7,2020,4
1,0,True,65,2145729,indonesian hip hop,4v2bKZ6N2dnWfn5y2ZbQ4f,2020-04-10,1,single,3.32,2020,4
7,71,True,79,8272511,,2TbrXjwWklhT7JrC5sdUkf,2020-04-10,16,album,2.2,2020,4
1,49,False,81,53263844,,3rA5CgccCbmCnJEzwGnDea,2020-04-09,17,album,2.68,2020,4
1,62,False,83,25761380,,4h3HXlnt6lryGzGbWmcFuY,2020-04-09,1,single,3.66,2020,4
1,46,False,29,5445,,0th1ViV5ctuDetl2ZSpUkf,2020-04-07,1,single,5.45,2020,4
1,69,True,95,103094105,rap,3xIwVbGJuAcovYIhzbLO3J,2020-04-03,1,single,4.11,2020,4
2,39,False,28,3885,,4vc5SyoKVjY0G4hi6zo1or,2020-03-29,10,album,3.24,2020,3
4,14,False,28,3885,,4vc5SyoKVjY0G4hi6zo1or,2020-03-29,10,album,2.63,2020,3
10,46,True,85,46895665,pop,5lKlFlReHOLShQKyRv6AL9,2020-03-27,13,album,3.64,2020,3
7,50,False,85,46886554,pop,5lKlFlReHOLShQKyRv6AL9,2020-03-27,13,album,3.47,2020,3
6,77,False,78,5202457,r&b,1zHR48K6XtWYm6bhrw4J6C,2020-03-27,8,album,3.3,2020,3
5,79,False,85,46891061,pop,7fJJK56U9fHixgO0HQkhtI,2020-03-27,11,album,3.39,2020,3
12,81,False,85,46891061,pop,5lKlFlReHOLShQKyRv6AL9,2020-03-27,13,album,3.38,2020,3
8,57,False,85,46886554,pop,5lKlFlReHOLShQKyRv6AL9,2020-03-27,13,album,4.3,2020,3
3,0,True,76,10246566,,0vX2Jo5xhltAA7kVdW2hwO,2020-03-27,12,album,3.11,2020,3
4,53,False,85,46886554,pop,5lKlFlReHOLShQKyRv6AL9,2020-03-27,13,album,3.23,2020,3
6,50,True,85,46886554,pop,5lKlFlReHOLShQKyRv6AL9,2020-03-27,13,album,3.24,2020,3
10,0,True,83,10115734,"dark r&b, r&b, trap soul",2T8UlI17u5hwTqu6zkpkW7,2020-03-27,15,album,3.05,2020,3
11,45,False,85,46891061,pop,5lKlFlReHOLShQKyRv6AL9,2020-03-27,13,album,2.77,2020,3
9,53,False,85,46895665,pop,5lKlFlReHOLShQKyRv6AL9,2020-03-27,13,album,3.69,2020,3
3,47,False,85,46886554,pop,5lKlFlReHOLShQKyRv6AL9,2020-03-27,13,album,3.49,2020,3
2,52,False,85,46886554,pop,5lKlFlReHOLShQKyRv6AL9,2020-03-27,13,album,3.05,2020,3
4,66,False,76,10246609,,46K4raQPIGem3N031upNj9,2020-03-27,13,album,2.63,2020,3
13,65,False,85,46891061,pop,5lKlFlReHOLShQKyRv6AL9,2020-03-27,13,album,2.61,2020,3
1,47,False,85,46886554,pop,5lKlFlReHOLShQKyRv6AL9,2020-03-27,13,album,3.08,2020,3
10,1,False,59,927692,,1Hy76RlNvOHe6cpih1RxXq,2020-03-26,10,album,2.65,2020,3
1,58,False,85,46895665,pop,368tzVdeju4vLSY8PHnQUs,2020-03-25,1,single,3.69,2020,3
1,40,False,37,12801,soundtrack,1WWW60sb6bTikzNd1PUzSf,2020-03-23,28,album,1.01,2020,3
11,86,True,94,112995439,"r&b pop, alternative r&b, hip hop, synthpop",4yP0hdKOZPNshxUOjY0cZj,2020-03-20,14,album,3.59,2020,3
18,83,False,93,112918137,"r&b pop, alternative r&b, hip hop, synthpop",4ZyeHIgdujClXSjC2cSqSb,2020-03-20,18,album,3.18,2020,3
7,78,True,93,112918137,"r&b pop, alternative r&b, hip hop, synthpop",4yP0hdKOZPNshxUOjY0cZj,2020-03-20,14,album,3.3,2020,3
10,84,False,79,12430671,,2CMlkzFI2oDAy5MbyV7OV5,2020-03-20,12,album,3.3,2020,3
10,76,True,93,112918137,"r&b pop, alternative r&b, hip hop, synthpop",4yP0hdKOZPNshxUOjY0cZj,2020-03-20,14,album,3.95,2020,3
1,0,False,59,72172,dark r&b,3PgIC64l3tutsaE363IKzQ,2020-03-20,1,single,2.97,2020,3
3,75,False,79,12425448,,2CMlkzFI2oDAy5MbyV7OV5,2020-03-20,12,album,3.09,2020,3
13,81,False,93,112957721,"r&b pop, alternative r&b, hip hop, synthpop",4yP0hdKOZPNshxUOjY0cZj,2020-03-20,14,album,6.01,2020,3
9,89,False,93,112957721,"r&b pop, alternative r&b, hip hop, synthpop",4yP0hdKOZPNshxUOjY0cZj,2020-03-20,14,album,3.33,2020,3
6,84,False,79,12428221,,2CMlkzFI2oDAy5MbyV7OV5,2020-03-20,12,album,3.86,2020,3
8,20,False,20,2543,,3CxGdTzPkqEHlCgEmCPEOu,2020-03-18,18,album,1.36,2020,3
2,52,False,67,2177376,,3gk5LmXVewb5mo4FWHuZI6,2020-03-13,13,album,2.06,2020,3
13,38,False,67,2177376,,3gk5LmXVewb5mo4FWHuZI6,2020-03-13,13,album,2.19,2020,3
1,31,False,45,41374,soundtrack,10YZRQdDel04sE4hn2UGRg,2020-03-13,14,album,1.21,2020,3
1,71,True,71,12755534,melodic rap,4WE4KsdoZbISWStEzfcxvH,2020-03-13,1,single,3.76,2020,3
10,40,False,67,2177376,,3gk5LmXVewb5mo4FWHuZI6,2020-03-13,13,album,2.9,2020,3
8,46,False,67,2177447,,3gk5LmXVewb5mo4FWHuZI6,2020-03-13,13,album,3.36,2020,3
6,72,False,68,554509,,5OsXAPcYYYNTtkFuuB8TDc,2020-03-13,8,album,3.93,2020,3
6,42,False,67,2177376,,3gk5LmXVewb5mo4FWHuZI6,2020-03-13,13,album,3.26,2020,3
3,49,False,67,2177447,,3gk5LmXVewb5mo4FWHuZI6,2020-03-13,13,album,2.69,2020,3
4,44,False,67,2177447,,3gk5LmXVewb5mo4FWHuZI6,2020-03-13,13,album,1.14,2020,3
7,58,True,67,2177376,,3gk5LmXVewb5mo4FWHuZI6,2020-03-13,13,album,2.86,2020,3
9,41,False,67,2177447,,3gk5LmXVewb5mo4FWHuZI6,2020-03-13,13,album,3.07,2020,3
8,73,True,56,230230,,2kZyqn4Cmr78D74K9TcO4K,2020-03-13,10,album,2.71,2020,3
6,59,False,70,10238134,,5gdoRB1AUsGnScCuZ8gmPp,2020-03-13,14,album,2.64,2020,3
1,13,False,4,41,,3jyFBXaNrG6A95GRgrYjqX,2020-03-10,1,single,3.39,2020,3
5,38,False,52,59849,soundtrack,0BRICN5TGMT1WqFcZkYOaF,2020-03-10,60,album,2.74,2020,3
1,51,True,77,27288825,,3VKVZ7PvA64NtVJChPGDaH,2020-03-06,1,single,3.39,2020,3
14,1,False,73,6816140,,6EgJXcGqaUvgZIF9bqPXfP,2020-03-06,21,album,2.7,2020,3
2,0,True,73,6816695,,6EgJXcGqaUvgZIF9bqPXfP,2020-03-06,21,album,3.31,2020,3
1,30,False,37,5996,,2S0LoZMlxF4Be0rBG2G0Jj,2020-03-06,1,single,3.09,2020,3
11,67,False,56,346992,,0C61FN9PR7AocB3A0E4Fvw,2020-03-06,12,album,3.65,2020,3
1,43,False,55,170130,organic house,3yBYb0se7h0KrT269d5dpP,2020-03-04,1,single,6.14,2020,3
1,36,False,36,57942,,4jB7sUlJGltgdQI6aUY5Za,2020-03-01,1,single,4.0,2020,3
2,71,True,95,102571645,"reggaeton, trap latino, urbano latino, latin",5lJqux7orBlA1QzyiBGti1,2020-02-29,20,album,2.71,2020,2
14,77,True,95,102500980,"reggaeton, trap latino, urbano latino, latin",5lJqux7orBlA1QzyiBGti1,2020-02-29,20,album,4.91,2020,2
1,51,False,53,400624,,4zSzVopSMLbhqAbvwkuM1u,2020-02-28,1,single,2.59,2020,2
9,0,False,50,122639,"southern gothic, americana",3grv66GSazERZLzTlS8LrA,2020-02-28,10,album,3.46,2020,2
1,58,False,87,33029522,r&b,50ZTMRi6Biq1i1pWbcaKaJ,2020-02-26,1,single,3.13,2020,2
1,38,False,29,5195,,46kIHDdMy2hk7D3V4cH6pP,2020-02-24,1,single,2.65,2020,2
7,44,True,67,2625044,art pop,4zyqNfmTrnvUejh8M1IEh9,2020-02-21,15,album,5.93,2020,2
20,0,False,85,81181104,k-pop,6mJZTV8lCqnwftYZa94bXS,2020-02-21,20,album,4.11,2020,2
1,15,False,30,5448,southern gothic,79dlgKKLKP8rnfMgPE2aHe,2020-02-21,1,single,2.96,2020,2
1,33,True,16,363,,6nDxl438DImh98io0GdT4M,2020-02-21,8,album,2.3,2020,2
4,54,False,67,2626020,art pop,4zyqNfmTrnvUejh8M1IEh9,2020-02-21,15,album,3.67,2020,2
2,50,False,51,869651,,47wRFo2As9zFmg6E5VVa8H,2020-02-21,12,album,2.88,2020,2
1,0,False,51,869651,,4J8jmljF3FvpyhPjyB1fae,2020-02-21,12,album,3.93,2020,2
6,36,False,50,51218,anime,2OTjy0OveEEJkcf0sSbhkX,2020-02-19,43,album,3.49,2020,2
22,27,False,50,51295,anime,2OTjy0OveEEJkcf0sSbhkX,2020-02-19,43,album,1.38,2020,2
1,1,False,93,112918137,"r&b pop, alternative r&b, hip hop, synthpop",1wSmi4DMuPu5fG7xtyspT2,2020-02-19,1,single,6.03,2020,2
5,28,True,24,26967,,2W54LDjjHXLJSL0YZjxeC5,2020-02-18,8,album,4.16,2020,2
1,30,True,49,40675,,7t04xptRT83AnNFdsajTYQ,2020-02-14,6,single,3.63,2020,2
3,83,False,85,9517000,"neo-psychedelic, indie",31qVWUdRrlb8thMvts0yYL,2020-02-14,12,album,3.96,2020,2
1,35,False,30,29328,"post-punk, noise rock",4hqAoF4UXuLOXCPQkbeW0J,2020-02-14,10,album,4.95,2020,2
12,73,False,85,9517000,"neo-psychedelic, indie",31qVWUdRrlb8thMvts0yYL,2020-02-14,12,album,7.2,2020,2
4,75,False,91,85022258,"pop, contemporary r&b",63iWSELt9V1kV6RSMxN7Ii,2020-02-14,17,album,3.54,2020,2
1,0,True,46,194007,emo rap,3pykFAuV0KrCrZnfmNgIod,2020-02-14,6,single,1.62,2020,2
1,76,False,90,118692183,"alternative pop, electropop, dark pop",5sXSHscDjBez8VF20cSyad,2020-02-13,1,single,4.03,2020,2
1,0,True,44,99448,,1I00sBmH4cpFAbEPr33t1S,2020-02-13,1,single,2.42,2020,2
1,86,False,71,1072935,,4qVzNqB4cskFInYfrC7P0S,2020-02-10,1,single,2.74,2020,2
5,0,False,61,399854,anime,7BzjbDcAlVmYZUOY0l4gvf,2020-02-10,5,single,2.13,2020,2
1,81,False,66,1474124,,2p9gK2BcdrloHNJwarc9gc,2020-02-08,1,single,2.88,2020,2
4,63,True,80,7897022,r&b,3vi20DRHkqv4HyVg9Rt9wC,2020-02-07,10,album,3.94,2020,2
1,72,True,75,15614717,"brooklyn drill, new york drill, drill",4MZnolldq7ciKKlbVDzLm5,2020-02-07,13,album,2.12,2020,2
1,0,False,69,2184797,neo-psychedelic,5BAukn6AWk5tubfqjtN8gd,2020-02-07,4,single,4.21,2020,2
1,20,False,64,318012,dark r&b,5UBZrHko0XC8C4HFr2fyTn,2020-02-07,1,single,3.08,2020,2
7,32,False,36,100154,,3wITH77YIxYdtVv1W4W1SI,2020-02-07,15,compilation,2.62,2020,2
5,27,False,53,1178526,,2m7N9drPuIWPZGofPPMGBp,2020-02-06,15,compilation,3.07,2020,2
10,36,False,60,644838,,2m7N9drPuIWPZGofPPMGBp,2020-02-06,15,compilation,2.91,2020,2
1,70,True,64,5982826,melodic rap,2a1AHCq835BXUcX1aTTWqQ,2020-02-06,15,album,2.7,2020,2
8,41,False,80,22396044,,2m7N9drPuIWPZGofPPMGBp,2020-02-06,15,compilation,3.57,2020,2
11,35,False,65,929485,,2m7N9drPuIWPZGofPPMGBp,2020-02-06,15,compilation,3.04,2020,2
4,20,False,65,2640883,,2m7N9drPuIWPZGofPPMGBp,2020-02-06,15,compilation,2.8,2020,2
1,63,False,82,16943442,,0uLz2ygHQAtLknyGasJOr5,2020-02-04,1,single,3.02,2020,2
4,0,False,24,10100,,2RXwtSaM4NcdtcufE4hq3n,2020-02-01,8,album,1.34,2020,2
1,57,False,100,145489371,"country, pop, indie, folk",5LGsh3kexUfi3qkIIxb8vK,2020-01-31,1,single,2.62,2020,1
1,0,False,1,1952,,3B4XoaPVXegtGltfmCTS9n,2020-01-29,1,single,2.09,2020,1
25,46,False,49,35497,"soundtrack, medieval",5tdmyKWNxDlCvYCdJQKGoS,2020-01-24,55,album,2.12,2020,1
1,45,False,49,35497,"soundtrack, medieval",5tdmyKWNxDlCvYCdJQKGoS,2020-01-24,55,album,1.86,2020,1
9,31,False,49,35505,"soundtrack, medieval",5tdmyKWNxDlCvYCdJQKGoS,2020-01-24,55,album,1.16,2020,1
3,78,False,88,9241516,pop,1fK6nUQDMeIciyfhAADix8,2020-01-24,5,single,2.91,2020,1
2,54,False,49,35514,"soundtrack, medieval",5tdmyKWNxDlCvYCdJQKGoS,2020-01-24,55,album,3.17,2020,1
1,27,False,30,5446,southern gothic,5s0C2aE1KHGSa6mVTKcMR3,2020-01-24,1,single,1.41,2020,1
1,74,False,86,34735147,,4pmyFpGicLLIgNPc1TQXKc,2020-01-23,1,single,2.23,2020,1
1,0,True,0,539,,60RxzS8EuFkCBsSApShX0U,2020-01-17,1,single,3.77,2020,1
9,83,True,80,22396044,,68enXe5XcJdciSDAZr0Alr,2020-01-17,16,album,3.36,2020,1
4,68,True,80,22392682,,68enXe5XcJdciSDAZr0Alr,2020-01-17,16,album,3.42,2020,1
10,56,False,80,22396044,,68enXe5XcJdciSDAZr0Alr,2020-01-17,16,album,3.68,2020,1
1,70,False,75,7761676,,3SgvmlSsTrMuqICaOTlo0p,2020-01-17,1,single,3.01,2020,1
7,80,True,88,104517308,"rap, hip hop",4otkd9As6YaxxEkIjXPiZ6,2020-01-17,20,album,3.51,2020,1
4,69,False,81,12177441,,5sY6UIQ32GqwMLAfSNEaXb,2020-01-17,12,album,5.7,2020,1
1,61,False,53,1178491,,2Eu9J7STgsK7ojEDgXVN0A,2020-01-17,1,single,3.07,2020,1
1,17,False,40,16520,,1ZXylwgy32lXW5qcrL0HTG,2020-01-16,1,single,1.44,2020,1
1,46,False,54,1643656,,5hniheiwAhenz8L50qqD4r,2020-01-13,5,single,2.99,2020,1
1,65,False,85,39777995,latin pop,4IcQ1ni07PmlOenqwf6MgG,2020-01-13,1,single,3.17,2020,1
4,38,False,43,9488,lo-fi,6N6PoSlnuKbp5EoAFh7qad,2020-01-12,4,single,3.05,2020,1
1,58,False,81,53267200,,3YPFaTR7WMi1Hd4NVKdCJx,2020-01-10,13,album,3.67,2020,1
1,0,False,45,316112,,6LbyR5pthd2ao8QwxzLtV8,2020-01-10,10,album,3.19,2020,1
2,51,False,85,49083617,"pop rock, alternative pop, pop punk",4GgojLZOPRu8MdUVmjNRSI,2020-01-10,41,compilation,1.68,2020,1
1,72,True,88,22675640,rap,5uCEoLCj3ZZZ1EtzQdQWVl,2020-01-10,1,single,3.96,2020,1
4,77,False,81,53260584,,3YPFaTR7WMi1Hd4NVKdCJx,2020-01-10,13,album,3.44,2020,1
1,74,False,70,671778,,4hYYpUC8Ewb74tP23Y1lmM,2020-01-10,1,single,3.07,2020,1
17,52,False,84,49050008,"pop rock, alternative pop, pop punk",4GgojLZOPRu8MdUVmjNRSI,2020-01-10,41,compilation,2.81,2020,1
12,72,False,85,49083617,"pop rock, alternative pop, pop punk",4GgojLZOPRu8MdUVmjNRSI,2020-01-10,41,compilation,2.95,2020,1
22,37,False,85,49083617,"pop rock, alternative pop, pop punk",4GgojLZOPRu8MdUVmjNRSI,2020-01-10,41,compilation,2.6,2020,1
6,0,False,45,316112,,6LbyR5pthd2ao8QwxzLtV8,2020-01-10,10,album,2.71,2020,1
7,54,False,85,49083617,"pop rock, alternative pop, pop punk",4GgojLZOPRu8MdUVmjNRSI,2020-01-10,41,compilation,3.75,2020,1
21,48,False,85,49083617,"pop rock, alternative pop, pop punk",4GgojLZOPRu8MdUVmjNRSI,2020-01-10,41,compilation,3.28,2020,1
11,32,False,84,49050008,"pop rock, alternative pop, pop punk",4GgojLZOPRu8MdUVmjNRSI,2020-01-10,41,compilation,2.08,2020,1
1,14,False,4,41,,3HVaVYiqJKZeHyd8ZHRqoq,2020-01-06,1,single,6.74,2020,1
1,32,False,31,15288,lo-fi house,6sjFHqI05wEVpsUGDOpbzn,2020-01-03,1,single,3.94,2020,1
1,64,False,91,85008100,"pop, contemporary r&b",1SN6N3fNkZk5oXQ9X46QZ3,2020-01-03,1,single,3.5,2020,1
1,54,False,84,49050008,"pop rock, alternative pop, pop punk",7x6n2jztq7Zlff5xVCfzqB,2020-01-01,3,single,3.28,2020,1
1,44,False,74,9406293,"country, acoustic country",7qCSn65amnl3StXv2al86X,2019-12-27,20,compilation,3.78,2019,12
5,75,True,62,1315942,,1Sf8GsXG32t0jNrX11xqWx,2019-12-27,7,album,2.62,2019,12
1,68,False,78,41264069,,700MviIgFKNTldTXmOAFOr,2019-12-27,1,single,2.98,2019,12
1,50,False,60,277520,soundtrack,6HiTc4Cu7pOdO5mA8PInRs,2019-12-20,19,album,1.29,2019,12
5,36,False,58,1271823,"country, country rock",6hS50PV0K45RAjVnoJ4f2g,2019-12-20,144,compilation,5.59,2019,12
5,73,True,84,12418681,"rap, melodic rap, trap",24jAbLMFzCTlIv3kQ94HwK,2019-12-20,24,album,4.66,2019,12
19,50,False,60,277497,soundtrack,6HiTc4Cu7pOdO5mA8PInRs,2019-12-20,19,album,5.65,2019,12
38,37,False,65,2759283,"country, acoustic country",6hS50PV0K45RAjVnoJ4f2g,2019-12-20,144,compilation,3.15,2019,12
1,72,False,72,318355,,3nBQlhUvErkw8DVpF47WAn,2019-12-19,1,single,2.77,2019,12
1,68,False,50,141836,breakcore,4FehFP4tVEFyT75LCTHl7m,2019-12-19,1,single,2.15,2019,12
19,40,False,70,1605379,soundtrack,26pelVOow8ODvBktJbDiua,2019-12-18,19,album,10.86,2019,12
6,78,False,80,34130771,"pop rock, soft rock, synthpop",7xV2TzoaVc0ycW7fwBwAml,2019-12-13,12,album,4.0,2019,12
12,76,False,80,34130771,"pop rock, soft rock, synthpop",7xV2TzoaVc0ycW7fwBwAml,2019-12-13,12,album,6.29,2019,12
11,42,False,62,344334,soundtrack,2y8d4zbifvkrpASJeTMDnE,2019-12-13,26,album,1.57,2019,12
4,67,False,80,34130771,"pop rock, soft rock, synthpop",7xV2TzoaVc0ycW7fwBwAml,2019-12-13,12,album,2.87,2019,12
1,43,False,62,344334,soundtrack,2y8d4zbifvkrpASJeTMDnE,2019-12-13,26,album,3.2,2019,12
17,38,False,62,344438,soundtrack,2y8d4zbifvkrpASJeTMDnE,2019-12-13,26,album,1.57,2019,12
2,43,False,62,344334,soundtrack,2y8d4zbifvkrpASJeTMDnE,2019-12-13,26,album,3.64,2019,12
8,66,False,80,34130771,"pop rock, soft rock, synthpop",7xV2TzoaVc0ycW7fwBwAml,2019-12-13,12,album,6.04,2019,12
3,78,False,80,34136120,"pop rock, soft rock, synthpop",7xV2TzoaVc0ycW7fwBwAml,2019-12-13,12,album,3.45,2019,12
10,62,False,80,34130771,"pop rock, soft rock, synthpop",7xV2TzoaVc0ycW7fwBwAml,2019-12-13,12,album,3.16,2019,12
5,71,False,80,34130771,"pop rock, soft rock, synthpop",7xV2TzoaVc0ycW7fwBwAml,2019-12-13,12,album,4.31,2019,12
1,66,False,69,7506632,country,4Kd33JPxTOcjTM29FrKoyT,2019-12-13,12,album,3.41,2019,12
1,73,False,80,34130771,"pop rock, soft rock, synthpop",7xV2TzoaVc0ycW7fwBwAml,2019-12-13,12,album,3.48,2019,12
23,40,False,62,344334,soundtrack,2y8d4zbifvkrpASJeTMDnE,2019-12-13,26,album,3.82,2019,12
16,51,False,62,344387,soundtrack,2y8d4zbifvkrpASJeTMDnE,2019-12-13,26,album,1.02,2019,12
9,65,False,80,34130771,"pop rock, soft rock, synthpop",7xV2TzoaVc0ycW7fwBwAml,2019-12-13,12,album,3.69,2019,12
3,47,False,62,344334,soundtrack,2y8d4zbifvkrpASJeTMDnE,2019-12-13,26,album,2.81,2019,12
7,63,False,80,34130771,"pop rock, soft rock, synthpop",7xV2TzoaVc0ycW7fwBwAml,2019-12-13,12,album,3.2,2019,12
11,60,False,80,34130771,"pop rock, soft rock, synthpop",7xV2TzoaVc0ycW7fwBwAml,2019-12-13,12,album,3.28,2019,12
2,82,False,80,34133561,"pop rock, soft rock, synthpop",7xV2TzoaVc0ycW7fwBwAml,2019-12-13,12,album,2.9,2019,12
1,66,False,55,340651,,5waiE6DS2ntWF3Q0yekJUm,2019-12-11,1,single,3.24,2019,12
1,0,True,41,69770,,2deKo8fEQG2ZafOyToUxm2,2019-12-11,1,single,1.6,2019,12
1,0,False,49,94208,anime,3u83P30ClQvHMtkmDi4VEO,2019-12-10,1,single,5.1,2019,12
1,60,False,73,1206228,,3kL9oEBXN8ircCGfeczB0t,2019-12-10,1,single,4.56,2019,12
7,66,False,80,21357977,,01GR4NL5O5CZM51k0aejKD,2019-12-06,10,album,3.62,2019,12
11,70,True,74,11848561,melodic rap,52u4anZbHd6UInnmHRFzba,2019-12-06,16,album,3.67,2019,12
1,32,False,52,90530,"medieval, soundtrack",0J8D2wbioOFsWSI3W2FjJK,2019-12-06,29,album,2.6,2019,12
1,77,False,69,2740985,,4keJsdw9XhEvimhIgXmtO1,2019-12-06,3,single,2.03,2019,12
6,63,False,78,35579266,,3Vsbl0diFGw8HNSjG8ue9m,2019-12-06,14,album,3.45,2019,12
4,75,False,78,35582423,,3Vsbl0diFGw8HNSjG8ue9m,2019-12-06,14,album,2.84,2019,12
3,60,True,74,11850722,melodic rap,52u4anZbHd6UInnmHRFzba,2019-12-06,16,album,2.64,2019,12
12,68,False,62,10241850,,5pbvTLpIZB3XWRuUS9ZxHm,2019-12-06,18,album,3.36,2019,12
6,68,False,80,21359561,,01GR4NL5O5CZM51k0aejKD,2019-12-06,10,album,3.49,2019,12
2,81,True,74,11846410,melodic rap,52u4anZbHd6UInnmHRFzba,2019-12-06,16,album,3.27,2019,12
1,33,True,41,114709,alternative r&b,2QUUYnHejVdzcIp3pQPAEm,2019-12-05,1,single,2.37,2019,12
1,0,False,0,19,,5TKvIcDnN10CHXe7weeHIx,2019-12-02,1,single,3.71,2019,12
4,66,True,71,1958141,"cloud rap, emo rap, horrorcore, trap metal, underground hip hop",1vurSXXQeO0h4sy1BBDYrt,2019-11-29,14,album,1.25,2019,11
1,22,False,94,112995439,"r&b pop, alternative r&b, hip hop, synthpop",2ZfHkwHuoAZrlz7RMj0PDz,2019-11-29,1,single,3.35,2019,11
1,78,False,84,49050008,"pop rock, alternative pop, pop punk",5p3gSxNiXeYlPlztVAUjB2,2019-11-27,2,single,2.95,2019,11
1,74,False,58,191414,,4MHHajvRTUHItDsvfdIC8B,2019-11-26,1,single,2.94,2019,11
13,83,False,79,14043382,soft pop,2wiPF3m0ylst0JSk1IvZL8,2019-11-22,15,album,3.58,2019,11
1,47,True,45,470367,,3G8C4K6QdaeYeGmzUdp4gw,2019-11-22,1,single,3.14,2019,11
5,65,True,65,2285613,,2eLpj5EDUhyAoTks8sxcKR,2019-11-22,8,album,2.98,2019,11
4,64,False,65,2285377,,2eLpj5EDUhyAoTks8sxcKR,2019-11-22,8,album,1.87,2019,11
13,77,True,73,3635017,,0FSsRH1jeZqKbGcHwq3UO0,2019-11-22,15,album,2.62,2019,11
1,68,False,79,14039018,soft pop,0488X5veBK6t3vSmIiTDJY,2019-11-19,2,single,3.58,2019,11
1,2,False,80,34136120,"pop rock, soft rock, synthpop",659e2eKbsMH0vYCs5qgFmy,2019-11-17,2,single,2.9,2019,11
2,65,True,62,869770,,3ZJSoxsPMkNC9eb6gUn0Q8,2019-11-15,5,single,3.72,2019,11
19,50,True,82,15695162,"emo rap, cloud rap",1r1Xt6oUnY3VMYbQb1U7CO,2019-11-15,19,album,1.97,2019,11
13,0,True,82,15695162,"emo rap, cloud rap",1r1Xt6oUnY3VMYbQb1U7CO,2019-11-15,19,album,2.67,2019,11
11,48,True,82,15684530,"emo rap, cloud rap",1r1Xt6oUnY3VMYbQb1U7CO,2019-11-15,19,album,3.95,2019,11
8,36,False,49,669005,"classic country, country, traditional country",1vscdoJ0NqHEtqEMoZNCfB,2019-11-15,31,compilation,2.89,2019,11
30,47,False,72,5158411,"country, classic country, traditional country, honky tonk",1vscdoJ0NqHEtqEMoZNCfB,2019-11-15,31,compilation,2.88,2019,11
2,45,True,82,15684530,"emo rap, cloud rap",1r1Xt6oUnY3VMYbQb1U7CO,2019-11-15,19,album,3.04,2019,11
10,52,True,82,15695162,"emo rap, cloud rap",1r1Xt6oUnY3VMYbQb1U7CO,2019-11-15,19,album,4.0,2019,11
18,40,False,73,2338518,"country, acoustic country",1iHPUub9fsspO1ecn1Pueq,2019-11-15,20,compilation,3.36,2019,11
14,0,True,82,15702014,"emo rap, cloud rap",1r1Xt6oUnY3VMYbQb1U7CO,2019-11-15,19,album,2.18,2019,11
1,0,False,73,6815446,,4aoWQU2gSUjl4AZeCPSo1b,2019-11-14,7,album,3.88,2019,11
2,2,False,61,1066852,indie rock,5PFzbdbZRNaoGLCHFPnmv3,2019-11-14,10,album,4.64,2019,11
1,83,False,90,118728633,"alternative pop, electropop, dark pop",4i3rAwPw7Ln2YrKDusaWyT,2019-11-13,1,single,4.09,2019,11
1,59,False,85,49083617,"pop rock, alternative pop, pop punk",14fMbn20pipBmmHWtKWInz,2019-11-12,1,single,3.75,2019,11
9,58,False,64,424983,soundtrack,4xFmHg5dYvaqmn9ZNQpjWL,2019-11-11,9,album,3.31,2019,11
9,8,False,5,221,,1Yu7jkgLzkcp7I56alMQA2,2019-11-09,20,album,3.12,2019,11
3,0,False,63,1563657,,2CiUZj1LepMPqQbnDik3Kq,2019-11-08,49,compilation,5.18,2019,11
6,44,False,64,1442113,"art pop, alternative r&b",3DMR3yM5crnt1dG9lLaMTZ,2019-11-08,9,album,3.98,2019,11
9,55,False,63,1441722,"art pop, alternative r&b",3DMR3yM5crnt1dG9lLaMTZ,2019-11-08,9,album,3.4,2019,11
5,46,False,64,1441913,"art pop, alternative r&b",3DMR3yM5crnt1dG9lLaMTZ,2019-11-08,9,album,5.35,2019,11
1,52,False,54,1683603,,1xt2BkbHWFWZbQqP5iFHwe,2019-11-08,1,single,2.83,2019,11
2,40,False,65,3315988,country,6GgkuXqghpeVZ0mhVeUM9h,2019-11-08,24,compilation,3.28,2019,11
1,52,False,84,49050008,"pop rock, alternative pop, pop punk",1fgrILRm1bhM6oi3eK0eAs,2019-11-08,2,single,2.87,2019,11
1,75,False,64,2174956,,63Kr9mdWxT7mB2AKgf4rCa,2019-11-08,9,album,3.54,2019,11
12,68,True,86,34742256,,1MmVkhiwTH0BkNOU3nw5d3,2019-11-07,12,album,3.38,2019,11
1,73,True,87,60395783,"reggaeton, latin, urbano latino",7mKevNHhVnZER3BLgI8O4F,2019-11-07,1,single,3.34,2019,11
3,70,True,86,34748949,,1MmVkhiwTH0BkNOU3nw5d3,2019-11-07,12,album,3.11,2019,11
5,77,True,86,34748949,,1MmVkhiwTH0BkNOU3nw5d3,2019-11-07,12,album,3.96,2019,11
9,83,True,86,34742256,,1MmVkhiwTH0BkNOU3nw5d3,2019-11-07,12,album,3.78,2019,11
1,0,True,44,99448,,6NhhRbU9p26mbn5byjZ34h,2019-11-05,1,single,2.67,2019,11
5,66,False,66,1555597,,4mVqE0sAXMG9DpfWxxLhsh,2019-11-01,25,album,4.27,2019,11
14,75,False,81,20568367,"reggaeton, latin",1CYQlkKE5Q0khU6eMwVAVt,2019-11-01,15,album,2.88,2019,11
3,66,False,90,107401919,pop,4NBuascXb3uK0mFUYuJ63f,2019-11-01,11,compilation,3.16,2019,11
10,42,False,61,176006,,1JwpzZlvXcne1s9SNXhiEW,2019-11-01,15,album,2.27,2019,11
1,72,False,85,46886554,pop,0ix3XtPV1LwmZADsprKxcp,2019-10-31,1,single,3.05,2019,10
1,47,True,82,15695162,"emo rap, cloud rap",2MjV1lZHkrNuPiyOOwJBTf,2019-10-31,3,single,3.39,2019,10
1,67,False,54,211557,,5vplYu9dji5uOQdLutFfnf,2019-10-29,1,single,3.05,2019,10
7,61,False,84,17373704,dream pop,4uQ5kFmXQdCxz3WvM4UUzy,2019-10-25,9,album,4.27,2019,10
3,71,False,89,31045858,rap,0FgZKfoU2Br5sHOfvZKTI9,2019-10-25,11,album,1.74,2019,10
1,26,False,81,53267200,,3tBkjgxDqAwss76O1YHsSY,2019-10-23,1,single,3.44,2019,10
16,71,False,79,20854863,soft pop,0cm9LOQUBK3JUgyoRj238z,2019-10-18,17,album,3.89,2019,10
14,71,False,79,20852039,soft pop,0cm9LOQUBK3JUgyoRj238z,2019-10-18,17,album,3.52,2019,10
1,42,False,46,173084,,40o9ndikNL2d6j4w9hJP01,2019-10-18,1,single,3.82,2019,10
1,62,True,67,1948451,,7bL1fTsGeOyxv29BNVtMb1,2019-10-18,1,single,2.81,2019,10
15,66,False,74,16646605,"reggaeton, latin",13MHW8hoLFjX7SaVEVmj3X,2019-10-18,16,album,3.16,2019,10
12,62,False,67,650534,art pop,4ClyeVlAKJJViIyfVW0yQD,2019-10-18,14,album,3.06,2019,10
5,83,False,79,20848055,soft pop,0cm9LOQUBK3JUgyoRj238z,2019-10-18,17,album,4.13,2019,10
2,73,False,69,3006445,,0UywfDKYlyiu1b38DRrzYD,2019-10-17,2,single,3.49,2019,10
1,73,False,61,627551,,7BrlhEO8dHiNmU8A1Ep9RZ,2019-10-17,1,single,3.47,2019,10
1,73,False,83,38385499,pop,30UjBkRwwBeCdspCGPBB8V,2019-10-16,1,single,3.09,2019,10
20,23,False,76,2099978,,4KU0DROuCgQhGABoWvuH6E,2019-10-14,39,album,4.03,2019,10
1,68,True,81,9556340,,6EobpC5SDFy5DF50dWNVGF,2019-10-12,1,single,3.69,2019,10
5,17,False,76,2100243,,0AaYIwH5G6w82B8iKOWCCb,2019-10-11,25,album,4.82,2019,10
6,80,True,84,14936207,,1nzUj7VkiaytMmf2KrhK2L,2019-10-11,18,album,2.47,2019,10
1,74,True,59,817341,,6HJDrXs0hpebaRFKA1sF90,2019-10-10,1,single,2.72,2019,10
1,74,True,65,1153696,,3GqSdhWjmMypMwPLtzoFYs,2019-10-09,1,single,2.94,2019,10
3,65,False,68,1668880,,7jGNAMzrW5HMXdxl9XyBMG,2019-10-04,13,album,3.44,2019,10
3,75,False,62,732382,,7jPoliCU7TRA13Wro32AOD,2019-10-04,12,album,3.66,2019,10
12,72,False,73,3634221,,788r22Bhr3IHLTNPy8pZea,2019-10-04,26,album,2.55,2019,10
6,66,True,69,2356803,,2b7DunZFOVCs0QgiTI1FJW,2019-10-04,7,album,3.17,2019,10
22,45,False,73,3634221,,788r22Bhr3IHLTNPy8pZea,2019-10-04,26,album,1.54,2019,10
6,55,False,73,3634221,,788r22Bhr3IHLTNPy8pZea,2019-10-04,26,album,2.56,2019,10
9,64,False,69,1668880,,7jGNAMzrW5HMXdxl9XyBMG,2019-10-04,13,album,4.09,2019,10
2,73,True,76,8011254,r&b,1qgJNWnPIeK9rx7hF8JCPK,2019-10-04,18,album,3.23,2019,10
24,64,True,73,3634221,,788r22Bhr3IHLTNPy8pZea,2019-10-04,26,album,2.9,2019,10
17,50,True,73,3635756,,788r22Bhr3IHLTNPy8pZea,2019-10-04,26,album,2.85,2019,10
1,83,True,89,41131037,rap,2uDTi1PlpSpvAv7IRAoAEU,2019-10-04,1,single,2.92,2019,10
3,83,True,87,28305692,r&b,3okhA6w5uau6ZNhnVpwVww,2019-10-04,42,album,3.07,2019,10
4,67,False,73,3635017,,788r22Bhr3IHLTNPy8pZea,2019-10-04,26,album,3.37,2019,10
2,75,False,73,3634221,,788r22Bhr3IHLTNPy8pZea,2019-10-04,26,album,1.53,2019,10
23,46,False,73,3635017,,788r22Bhr3IHLTNPy8pZea,2019-10-04,26,album,2.51,2019,10
2,44,False,46,152981,"drone, neoclassical",16bF6lLLeVcBNgYNreGjYZ,2019-10-02,17,album,2.65,2019,10
13,51,False,46,153065,"drone, neoclassical",16bF6lLLeVcBNgYNreGjYZ,2019-10-02,17,album,2.13,2019,10
11,29,False,46,152941,"drone, neoclassical",16bF6lLLeVcBNgYNreGjYZ,2019-10-02,17,album,1.82,2019,10
6,36,False,46,152941,"drone, neoclassical",16bF6lLLeVcBNgYNreGjYZ,2019-10-02,17,album,4.59,2019,10
2,0,False,70,1192996,,1DHYrQEevTTen4mqPgaxfH,2019-10-01,17,album,3.29,2019,10
3,64,True,72,1790426,"grime, uk drill",4dnKBBeSoiEc39sCqItmWk,2019-09-27,28,album,2.38,2019,9
3,61,True,61,1620367,,1F1JJHhqMo5DETJkesqGpG,2019-09-27,21,album,3.76,2019,9
3,73,True,77,12954295,,1NsTSXjVNE7XmZ8PmyW0wl,2019-09-27,13,album,2.66,2019,9
6,8,False,68,1144333,"red dirt, texas country, southern rock, outlaw country, country, country rock",2mvcTuW69CGtjWFFqg4Q1Z,2019-09-27,14,album,4.33,2019,9
1,32,False,52,196043,,5QqqBZmdQmY1MvlnpBkagB,2019-09-26,1,single,3.07,2019,9
1,0,False,47,170828,singer-songwriter,7IovXZkKeCPMmDomGOcgvZ,2019-09-20,1,single,6.8,2019,9
4,76,True,74,7938689,"chicago drill, drill",5BAggP8hO7VWDSTKkNGyCi,2019-09-20,13,album,3.18,2019,9
1,33,False,85,45764832,pop,3nR9B40hYLKLcR0Eph3Goc,2019-09-20,1,single,3.15,2019,9
1,58,False,68,1393110,,7pF4a07flFvnyFUzZqn3Pv,2019-09-20,1,single,2.59,2019,9
1,0,False,80,22394475,,66QwiCFDLtRbrZ5Vs9wlL9,2019-09-13,1,single,3.03,2019,9
1,70,False,73,1204977,,7FWCgfnTgupXdyBy51ME9m,2019-09-13,13,album,3.96,2019,9
4,55,False,82,6322030,"hyperpop, art pop",386IqvSuljaZsMjwDGGdLj,2019-09-13,15,album,3.15,2019,9
8,48,True,82,6315216,"hyperpop, art pop",386IqvSuljaZsMjwDGGdLj,2019-09-13,15,album,3.19,2019,9
1,8,True,65,1153939,,6XcYTEonLIpg9NpAbJnqrC,2019-09-13,1,single,2.93,2019,9
2,5,False,73,3770138,"metal, hard rock",6eOWfFjfBPRsAW0ZS4sbaF,2019-09-13,2,single,4.08,2019,9
9,65,True,73,1204977,,7FWCgfnTgupXdyBy51ME9m,2019-09-13,13,album,2.71,2019,9
1,34,False,39,53245,,4tyCsULyDybFPYAlQ02DvK,2019-09-13,1,single,2.92,2019,9
6,85,False,86,47722935,"pop, hip hop, country",4g1ZRSobMefqF6nelkgibi,2019-09-06,17,album,3.58,2019,9
7,69,True,85,47716988,"pop, hip hop, country",4g1ZRSobMefqF6nelkgibi,2019-09-06,17,album,4.08,2019,9
6,59,True,75,22220366,,1KerGJUScYGffP3Mjmjz8c,2019-09-06,13,album,3.76,2019,9
3,64,True,85,47716988,"pop, hip hop, country",4g1ZRSobMefqF6nelkgibi,2019-09-06,17,album,3.27,2019,9
5,64,True,86,47722935,"pop, hip hop, country",4g1ZRSobMefqF6nelkgibi,2019-09-06,17,album,3.68,2019,9
4,58,True,86,47720209,"pop, hip hop, country",4g1ZRSobMefqF6nelkgibi,2019-09-06,17,album,2.61,2019,9
5,52,True,73,8763286,bedroom pop,2PjloAS981jof5y1KEhOPb,2019-09-06,5,single,3.66,2019,9
14,76,True,85,47716988,"pop, hip hop, country",4g1ZRSobMefqF6nelkgibi,2019-09-06,17,album,2.91,2019,9
1,73,False,86,47722935,"pop, hip hop, country",4g1ZRSobMefqF6nelkgibi,2019-09-06,17,album,2.6,2019,9
16,60,True,86,47722935,"pop, hip hop, country",4g1ZRSobMefqF6nelkgibi,2019-09-06,17,album,2.35,2019,9
10,64,True,85,47716988,"pop, hip hop, country",4g1ZRSobMefqF6nelkgibi,2019-09-06,17,album,3.34,2019,9
13,54,True,86,47720209,"pop, hip hop, country",4g1ZRSobMefqF6nelkgibi,2019-09-06,17,album,2.05,2019,9
12,81,False,85,47716988,"pop, hip hop, country",4g1ZRSobMefqF6nelkgibi,2019-09-06,17,album,2.62,2019,9
9,79,False,86,47720209,"pop, hip hop, country",4g1ZRSobMefqF6nelkgibi,2019-09-06,17,album,3.82,2019,9
17,77,True,85,47716988,"pop, hip hop, country",4g1ZRSobMefqF6nelkgibi,2019-09-06,17,album,2.49,2019,9
2,65,True,85,47716988,"pop, hip hop, country",4g1ZRSobMefqF6nelkgibi,2019-09-06,17,album,2.51,2019,9
1,61,False,50,57965,,5pCAWYym13GcQN8CXEb89m,2019-09-06,1,single,2.92,2019,9
11,63,True,86,47722935,"pop, hip hop, country",4g1ZRSobMefqF6nelkgibi,2019-09-06,17,album,2.8,2019,9
15,58,True,85,47716988,"pop, hip hop, country",4g1ZRSobMefqF6nelkgibi,2019-09-06,17,album,2.63,2019,9
8,67,True,86,47726839,"pop, hip hop, country",4g1ZRSobMefqF6nelkgibi,2019-09-06,17,album,3.63,2019,9
1,72,True,73,8768495,bedroom pop,4AEKKY9Sny3Uj6U3ELK4Sl,2019-09-03,1,single,3.66,2019,9
12,58,False,88,51798111,"alternative pop, indie pop",5XpEKORZ4y6OrCZSKsi46A,2019-08-30,14,album,4.39,2019,8
9,64,False,88,51773650,"alternative pop, indie pop",5XpEKORZ4y6OrCZSKsi46A,2019-08-30,14,album,5.09,2019,8
2,75,True,66,1686077,"afrobeats, afrobeat, afro r&b, afropop",6lheAtw3IcJvflIhLbykih,2019-08-30,8,album,2.43,2019,8
7,86,False,88,51773650,"alternative pop, indie pop",5XpEKORZ4y6OrCZSKsi46A,2019-08-30,14,album,5.01,2019,8
5,76,True,88,51821190,"alternative pop, indie pop",5XpEKORZ4y6OrCZSKsi46A,2019-08-30,14,album,3.36,2019,8
13,73,False,88,51773650,"alternative pop, indie pop",5XpEKORZ4y6OrCZSKsi46A,2019-08-30,14,album,4.54,2019,8
14,62,True,88,51798111,"alternative pop, indie pop",5XpEKORZ4y6OrCZSKsi46A,2019-08-30,14,album,5.4,2019,8
1,82,True,79,10163759,"melodic rap, rap",1I6FpscJIfwf4T56VxGVsB,2019-08-30,18,album,2.18,2019,8
11,19,False,39,68676,bedroom pop,4qvZ2pUy4LN9nCZ7BHiHic,2019-08-30,22,album,2.18,2019,8
10,58,False,88,51773650,"alternative pop, indie pop",5XpEKORZ4y6OrCZSKsi46A,2019-08-30,14,album,5.82,2019,8
3,64,True,88,51773650,"alternative pop, indie pop",5XpEKORZ4y6OrCZSKsi46A,2019-08-30,14,album,9.61,2019,8
2,67,False,69,3006142,,2pJXQvY0YeDvVJ9gMU9G7j,2019-08-29,6,single,3.49,2019,8
1,60,False,55,68465,dark r&b,4YnhUpMBRBxMiKOAf201hZ,2019-08-29,4,single,2.67,2019,8
1,1,False,50,242892,,0vpGo2ef7QNOKQHtd7qZeh,2019-08-28,1,single,3.5,2019,8
1,40,False,43,92948,,3Xcl0pytPYqJUSTi2S8jtI,2019-08-27,1,single,7.89,2019,8
1,42,False,43,36308,southern gothic,3T5icm0oPKHn4ykCIRxLsi,2019-08-27,6,single,3.3,2019,8
8,76,False,100,145443567,"country, pop, indie, folk",1NAmidJlEaVgA3MpcPFYGq,2019-08-23,18,album,3.7,2019,8
12,64,False,100,145489371,"country, pop, indie, folk",1NAmidJlEaVgA3MpcPFYGq,2019-08-23,18,album,3.35,2019,8
11,71,False,100,145396321,"country, pop, indie, folk",1NAmidJlEaVgA3MpcPFYGq,2019-08-23,18,album,3.17,2019,8
3,84,False,100,145489371,"country, pop, indie, folk",1NAmidJlEaVgA3MpcPFYGq,2019-08-23,18,album,3.68,2019,8
16,72,False,100,145396321,"country, pop, indie, folk",1NAmidJlEaVgA3MpcPFYGq,2019-08-23,18,album,3.21,2019,8
7,77,False,100,145396321,"country, pop, indie, folk",1NAmidJlEaVgA3MpcPFYGq,2019-08-23,18,album,3.9,2019,8
15,73,False,100,145396321,"country, pop, indie, folk",1NAmidJlEaVgA3MpcPFYGq,2019-08-23,18,album,3.72,2019,8
1,71,False,100,145396321,"country, pop, indie, folk",1Uauz6ql2dIPvIOH4JiuhD,2019-08-23,1,single,3.69,2019,8
9,72,False,100,145396321,"country, pop, indie, folk",1NAmidJlEaVgA3MpcPFYGq,2019-08-23,18,album,4.78,2019,8
2,87,False,100,145489371,"country, pop, indie, folk",1NAmidJlEaVgA3MpcPFYGq,2019-08-23,18,album,2.97,2019,8
18,80,False,100,145396321,"country, pop, indie, folk",1NAmidJlEaVgA3MpcPFYGq,2019-08-23,18,album,4.89,2019,8
10,71,False,100,145396321,"country, pop, indie, folk",1NAmidJlEaVgA3MpcPFYGq,2019-08-23,18,album,3.3,2019,8
13,77,False,100,145396321,"country, pop, indie, folk",1NAmidJlEaVgA3MpcPFYGq,2019-08-23,18,album,3.33,2019,8
1,66,False,75,10246277,,1zbH0DnpYxaoqTojXNLQb6,2019-08-23,18,compilation,3.41,2019,8
5,74,False,100,145396321,"country, pop, indie, folk",1NAmidJlEaVgA3MpcPFYGq,2019-08-23,18,album,3.52,2019,8
4,75,False,100,145489371,"country, pop, indie, folk",1NAmidJlEaVgA3MpcPFYGq,2019-08-23,18,album,3.17,2019,8
1,3,True,71,5067759,,37CqAwxTungNxKpIK5vSgE,2019-08-23,1,single,3.08,2019,8
1,72,False,100,145396321,"country, pop, indie, folk",1NAmidJlEaVgA3MpcPFYGq,2019-08-23,18,album,2.84,2019,8
6,69,False,100,145396321,"country, pop, indie, folk",1NAmidJlEaVgA3MpcPFYGq,2019-08-23,18,album,2.88,2019,8
13,54,False,82,18851875,"east coast hip hop, old school hip hop",1R8a4hijjUy9NRZLNCYxRa,2019-08-23,26,compilation,3.22,2019,8
17,62,False,100,145542136,"country, pop, indie, folk",1NAmidJlEaVgA3MpcPFYGq,2019-08-23,18,album,2.5,2019,8
14,75,False,100,145396321,"country, pop, indie, folk",1NAmidJlEaVgA3MpcPFYGq,2019-08-23,18,album,2.85,2019,8
1,37,False,39,14693,"anime, soundtrack",7rphokb5ngFoll2nGwvcEY,2019-08-21,33,album,3.45,2019,8
2,62,False,65,802553,tropical house,45nsubB5EsRVWWqx0ED1ET,2019-08-16,2,single,2.9,2019,8
1,1,False,81,26568626,"country pop, rock, hip hop, experimental",0SHGFAL8WZUvpWb5iLPp6E,2019-08-16,1,single,3.89,2019,8
3,77,True,64,1605530,,59zpaLOByFkJhc9D5Xqna9,2019-08-16,36,album,2.37,2019,8
1,27,False,82,6315216,"hyperpop, art pop",2JItaBXRJ79UDFxazDy6p3,2019-08-16,1,single,3.47,2019,8
19,70,True,84,12418681,"rap, melodic rap, trap",1bnHPO4dKK7IjvgrtVBcQh,2019-08-16,19,album,3.33,2019,8
1,62,False,60,175923,,7IONINkxycqA3eIKlVZ7Bj,2019-08-09,26,album,1.7,2019,8
7,42,False,49,29404,,2Gbv0Wjtwn9zQYMvWtTHnK,2019-08-09,22,compilation,2.69,2019,8
10,66,True,66,5506553,,4ZKdRW0AH9sxV09NmWsTkW,2019-08-09,11,album,2.81,2019,8
19,46,False,49,29433,,2Gbv0Wjtwn9zQYMvWtTHnK,2019-08-09,22,compilation,3.61,2019,8
1,74,False,88,51847587,"alternative pop, indie pop",4K7RKXggxezOmccv1Uuviq,2019-08-09,1,single,4.11,2019,8
2,71,False,53,238218,,2CxrZinzjDXZidyx5EP214,2019-08-09,3,single,3.88,2019,8
2,41,False,49,139067,indie soul,5H9SCsdObXs7uvVthC0rhq,2019-08-09,13,album,3.14,2019,8
2,41,True,78,41264069,,1CLDNcfuwhl9KUrervfOQu,2019-08-09,8,album,3.22,2019,8
2,44,False,49,29433,,2Gbv0Wjtwn9zQYMvWtTHnK,2019-08-09,22,compilation,4.94,2019,8
9,68,True,66,5506553,,4ZKdRW0AH9sxV09NmWsTkW,2019-08-09,11,album,2.76,2019,8
21,55,False,49,29433,,2Gbv0Wjtwn9zQYMvWtTHnK,2019-08-09,22,compilation,2.88,2019,8
3,44,False,49,29404,,2Gbv0Wjtwn9zQYMvWtTHnK,2019-08-09,22,compilation,3.69,2019,8
18,43,False,49,29433,,2Gbv0Wjtwn9zQYMvWtTHnK,2019-08-09,22,compilation,7.25,2019,8
1,67,False,73,3635017,,6x4UQQ7TVOja89iXV047Zo,2019-08-04,1,single,3.21,2019,8
1,79,True,90,107374593,pop,3zVB99XMdbP9HTVNg0GJwV,2019-08-02,1,single,3.1,2019,8
7,43,False,78,6606632,bedroom pop,4kkVGtCqE2NiAKosri9Rnd,2019-08-02,11,album,3.13,2019,8
11,34,False,29,6929,,2PBGnQ3ZG4X8wc9MRCiRyB,2019-08-02,18,album,1.59,2019,8
6,65,True,62,2109909,,6Pb7PMZtW0fuEM1lCGvCDu,2019-07-26,15,album,2.93,2019,7
6,21,True,67,1948341,,40lqihqmkBdwM0QczKnoME,2019-07-26,6,single,5.55,2019,7
6,76,True,76,15616692,"brooklyn drill, new york drill, drill",6d1vGZsr6Uy3h9IigBpPAf,2019-07-26,9,album,3.6,2019,7
5,75,False,65,1334303,,4NkgzNCOzuki4FuWUOY28R,2019-07-26,13,album,3.26,2019,7
11,73,True,77,9277034,,2MFS6WG6jnPAgvJpV3PehR,2019-07-25,17,album,3.54,2019,7
5,53,False,71,4908790,post-grunge,3jpYIjli4tGKeVlqCl5ipC,2019-07-25,6,single,3.92,2019,7
1,1,False,80,21357977,,1JawI0XkEwmQ5Bwef3RMbq,2019-07-24,5,single,3.49,2019,7
1,0,False,68,1251440,bedroom pop,1q7N3YyxCng8awmwE3dNn5,2019-07-22,1,single,3.47,2019,7
1,0,False,31,43976,,67rsufrdoAT9qRmNZy8eRn,2019-07-21,1,single,3.2,2019,7
7,59,False,91,26559943,pop,19KilSbbeHRFFZM7ChwTdP,2019-07-19,9,album,2.74,2019,7
2,67,False,59,494479,,3dcenoRctm8OAnqoCrQrLd,2019-07-19,12,album,3.76,2019,7
12,75,True,72,3128839,,7Cw4LObzgnVqSlkuIyywtI,2019-07-19,14,album,2.16,2019,7
1,66,False,81,26275803,soft pop,7baaCf70tVcUBL2bbkuXjo,2019-07-19,1,single,3.37,2019,7
6,68,False,49,13561,,3oIFxDIo2fwuk4lwCmFZCx,2019-07-12,15,album,3.66,2019,7
1,40,True,60,644838,,1CJDBCPg27ASz4eWE7oeNz,2019-07-12,10,album,4.08,2019,7
5,56,False,39,15527,,5Oli3gQJrHdahY7FDEoofW,2019-07-12,13,compilation,1.76,2019,7
3,60,True,88,122789460,soft pop,3oIFxDIo2fwuk4lwCmFZCx,2019-07-12,15,album,3.43,2019,7
13,48,False,36,57702,,5Oli3gQJrHdahY7FDEoofW,2019-07-12,13,compilation,3.63,2019,7
6,54,False,69,2572589,"outlaw country, classic country, country, traditional country, honky tonk",5Oli3gQJrHdahY7FDEoofW,2019-07-12,13,compilation,2.47,2019,7
10,24,True,60,644838,,1CJDBCPg27ASz4eWE7oeNz,2019-07-12,10,album,4.66,2019,7
2,46,True,56,1078897,,0oXzdlZ9duItTwmJLXbAfo,2019-07-12,13,album,3.65,2019,7
2,37,True,60,644838,,1CJDBCPg27ASz4eWE7oeNz,2019-07-12,10,album,3.09,2019,7
1,69,False,88,122802777,soft pop,3oIFxDIo2fwuk4lwCmFZCx,2019-07-12,15,album,3.29,2019,7
11,41,False,47,79354,,5Oli3gQJrHdahY7FDEoofW,2019-07-12,13,compilation,3.72,2019,7
2,48,False,47,79399,,5Oli3gQJrHdahY7FDEoofW,2019-07-12,13,compilation,3.78,2019,7
9,54,False,47,173422,"folk, americana, southern gothic, bluegrass",5Oli3gQJrHdahY7FDEoofW,2019-07-12,13,compilation,2.69,2019,7
4,44,False,47,79354,,5Oli3gQJrHdahY7FDEoofW,2019-07-12,13,compilation,2.91,2019,7
8,51,False,47,173413,"folk, americana, southern gothic, bluegrass",5Oli3gQJrHdahY7FDEoofW,2019-07-12,13,compilation,3.98,2019,7
12,45,False,47,79382,,5Oli3gQJrHdahY7FDEoofW,2019-07-12,13,compilation,3.21,2019,7
7,48,False,47,79399,,5Oli3gQJrHdahY7FDEoofW,2019-07-12,13,compilation,2.25,2019,7
2,74,False,88,122773292,soft pop,3oIFxDIo2fwuk4lwCmFZCx,2019-07-12,15,album,3.4,2019,7
10,43,False,47,79382,,5Oli3gQJrHdahY7FDEoofW,2019-07-12,13,compilation,4.09,2019,7
3,57,False,47,79399,,5Oli3gQJrHdahY7FDEoofW,2019-07-12,13,compilation,4.13,2019,7
1,60,False,69,1427660,neo soul,5Oli3gQJrHdahY7FDEoofW,2019-07-12,13,compilation,3.88,2019,7
16,52,False,77,4777574,soundtrack,7e8y48Z2fkJNGBOKSECCeS,2019-07-10,19,compilation,3.16,2019,7
8,47,True,78,5643375,,0bJIHF1Or1YBLFBMwv53K2,2019-07-05,14,album,3.04,2019,7
1,41,True,78,5642365,,0bJIHF1Or1YBLFBMwv53K2,2019-07-05,14,album,2.05,2019,7
10,58,True,78,5643375,,0bJIHF1Or1YBLFBMwv53K2,2019-07-05,14,album,2.99,2019,7
2,57,True,78,5642925,,0bJIHF1Or1YBLFBMwv53K2,2019-07-05,14,album,2.43,2019,7
7,51,True,78,5642925,,0bJIHF1Or1YBLFBMwv53K2,2019-07-05,14,album,3.24,2019,7
4,67,True,78,5642365,,0bJIHF1Or1YBLFBMwv53K2,2019-07-05,14,album,3.36,2019,7
3,53,True,78,5643375,,0bJIHF1Or1YBLFBMwv53K2,2019-07-05,14,album,3.38,2019,7
14,72,True,78,5642925,,0bJIHF1Or1YBLFBMwv53K2,2019-07-05,14,album,2.82,2019,7
9,34,True,78,5642365,,0bJIHF1Or1YBLFBMwv53K2,2019-07-05,14,album,0.87,2019,7
12,55,True,78,5643375,,0bJIHF1Or1YBLFBMwv53K2,2019-07-05,14,album,3.26,2019,7
13,49,True,78,5642365,,0bJIHF1Or1YBLFBMwv53K2,2019-07-05,14,album,3.24,2019,7
6,35,True,78,5642365,,0bJIHF1Or1YBLFBMwv53K2,2019-07-05,14,album,0.62,2019,7
5,49,True,78,5642365,,0bJIHF1Or1YBLFBMwv53K2,2019-07-05,14,album,3.6,2019,7
11,62,True,78,5642925,,0bJIHF1Or1YBLFBMwv53K2,2019-07-05,14,album,2.61,2019,7
1,69,False,88,122773292,soft pop,3E12WU80fDMyu7GyIAx7wJ,2019-06-28,1,single,3.29,2019,6
1,76,False,66,1758258,,3I677CWVoiOsbMxOQzjShB,2019-06-28,1,single,3.29,2019,6
1,39,False,63,430076,soundtrack,7dHHxnqokv90t6wVqTEk6F,2019-06-28,25,album,8.45,2019,6
2,72,True,71,1930877,,2WrNHOba5u6P9S9xEboaUy,2019-06-28,10,album,3.2,2019,6
1,71,True,56,331482,,4WlC4FXhonJhNTXCQPGP3r,2019-06-28,1,single,2.67,2019,6
2,37,True,53,395259,,1BWmyZNJdlGmbHqWgsDntN,2019-06-28,6,single,3.24,2019,6
11,80,True,87,28327351,r&b,1BfLzaTFI5qKsAAk0Ae6aV,2019-06-28,32,album,4.34,2019,6
7,25,False,52,112003,,0k7dBuSv2qW747vD7XGGEr,2019-06-28,12,album,3.31,2019,6
2,68,False,67,2053792,,0NcthPhd70vrFBXmZw4U7Q,2019-06-21,9,album,2.5,2019,6
1,0,True,73,3635756,,0nkyBztSulCRM2vlPR2GF1,2019-06-21,1,single,2.62,2019,6
9,74,False,74,1294030,,6vdLdzihSWxV8FgWU2GSvA,2019-06-21,13,album,3.61,2019,6
8,72,False,71,12310527,,4IRiXE5NROxknUSAUSjMoO,2019-06-21,8,album,1.88,2019,6
1,76,False,71,12310527,,4IRiXE5NROxknUSAUSjMoO,2019-06-21,8,album,2.61,2019,6
14,28,False,33,13677,,48skMic15wV2zu4HAOx28s,2019-06-21,32,album,1.16,2019,6
7,48,False,71,12310527,,4IRiXE5NROxknUSAUSjMoO,2019-06-21,8,album,2.47,2019,6
1,70,False,70,4025972,,5LbiR8iqC4hYeIKifnmVqc,2019-06-21,1,single,4.27,2019,6
2,63,False,71,12309710,,4IRiXE5NROxknUSAUSjMoO,2019-06-21,8,album,1.91,2019,6
1,79,False,81,45703370,,2ZaX1FdZCwchXl1QZiD4O4,2019-06-21,1,single,3.18,2019,6
2,51,False,50,143740,,5TDehxSjzWraYDIzAjtxi6,2019-06-21,10,album,4.2,2019,6
1,80,False,81,45700057,,0xzScN8P3hQAz3BT3YYX5w,2019-06-19,16,album,3.17,2019,6
3,74,False,81,45700057,,0xzScN8P3hQAz3BT3YYX5w,2019-06-19,16,album,3.19,2019,6
2,73,True,95,103039388,rap,00HZxSA1sOS9T3nA950sg4,2019-06-15,2,single,3.42,2019,6
2,48,False,56,596698,german hip hop,7FUJDqWr0PvHJyIJeCsswA,2019-06-14,12,album,3.07,2019,6
1,37,False,47,79354,,1U0oIiRwopraqJzYVDDYGv,2019-06-14,1,single,4.09,2019,6
12,31,True,47,254587,"grime, uk grime, afroswing",0EmCH3tGiC9pjgIhxsqg4e,2019-06-13,12,album,3.1,2019,6
1,77,False,68,1744994,indie,46LE2xR4e92aVvo1QlUiS3,2019-06-12,1,single,2.54,2019,6
3,72,False,75,7761454,,1Uf67JAtkVWfdydzFFqNF2,2019-06-07,14,album,3.05,2019,6
1,79,False,75,7761454,,1Uf67JAtkVWfdydzFFqNF2,2019-06-07,14,album,3.01,2019,6
13,72,True,78,7315854,,6hHIX3lfGKnZ2ji41YZMVV,2019-06-07,14,album,3.82,2019,6
4,60,False,75,7761454,,1Uf67JAtkVWfdydzFFqNF2,2019-06-07,14,album,3.62,2019,6
5,73,True,76,13052901,,26ztFK3E69j5THJQdyxC5w,2019-06-07,14,album,2.77,2019,6
3,68,False,79,23434221,edm,6Ad1E9vl75ZB3Ir87zwXIJ,2019-06-06,12,album,2.62,2019,6
1,62,True,81,26564677,"country pop, rock, hip hop, experimental",45wbw92Z6V8G8iPKFzSEPN,2019-05-31,7,album,3.65,2019,5
1,51,True,43,364003,,7oq0WKmeG97JxVBn3ggwp4,2019-05-31,6,single,2.98,2019,5
3,77,False,61,686397,bedroom pop,60jUlxAOAcsiQUEW0XLroT,2019-05-31,6,single,3.54,2019,5
1,0,False,50,42445,soundtrack,7oDE1GRatrvFpNfeppRdOt,2019-05-31,62,album,2.19,2019,5
2,33,False,59,241463,"celtic, soundtrack",5txUaOE0Skafk1JBkyzc7V,2019-05-31,21,album,3.41,2019,5
4,0,True,81,26564677,"country pop, rock, hip hop, experimental",7M4YAXOOg1XbWx03jg7t62,2019-05-31,6,single,3.16,2019,5
1,0,False,85,7473754,,1jAxVdQ2FFtbHu6kLNM0au,2019-05-29,1,single,2.57,2019,5
1,0,False,52,575509,"emo rap, trap metal, cloud rap, horrorcore",6vEqNDFYyv3rakykPzpYwu,2019-05-29,22,album,2.23,2019,5
3,67,False,54,1261169,,2eiprRNqzj5s3IPLvKsF6z,2019-05-24,6,single,3.4,2019,5
1,0,False,23,1914,uk grime,1zyFbSzCtu6nIwy8F1fgDq,2019-05-24,1,single,4.12,2019,5
13,54,False,65,718358,soundtrack,3AOeatEAPjy1CKtdkaXaDq,2019-05-19,32,album,8.84,2019,5
1,63,False,81,18703625,soft pop,57BhVBJbVPfIbwLANO5fSe,2019-05-17,1,single,2.64,2019,5
4,86,False,79,14039018,soft pop,5658aM19fA3JVwTK6eQX70,2019-05-17,12,album,3.03,2019,5
2,78,False,79,14043382,soft pop,5658aM19fA3JVwTK6eQX70,2019-05-17,12,album,3.67,2019,5
6,77,True,86,24440038,,5zi7WsKlIiUXv09tbGLKsE,2019-05-17,12,album,3.25,2019,5
1,2,True,80,22396044,,4KaiavWFhR7j9tY1f7V6UL,2019-05-17,1,single,3.86,2019,5
6,71,False,79,14039018,soft pop,5658aM19fA3JVwTK6eQX70,2019-05-17,12,album,3.51,2019,5
1,67,False,79,14043382,soft pop,5658aM19fA3JVwTK6eQX70,2019-05-17,12,album,3.09,2019,5
3,76,False,79,14039018,soft pop,5658aM19fA3JVwTK6eQX70,2019-05-17,12,album,3.42,2019,5
8,82,False,79,7996784,"indie, lo-fi indie",67PsnkYVPNpEsZffyTWGgW,2019-05-10,13,album,3.51,2019,5
2,66,True,71,6141719,,0XLwImzaZEtqHE4NHAepDz,2019-05-10,16,album,4.08,2019,5
1,74,False,88,122773292,soft pop,5Nux7ozBJ5KJ02QYWwrneR,2019-05-10,1,single,3.66,2019,5
1,2,False,68,626941,,4iRLB4gc24HFvjwRc8hDdg,2019-05-10,1,single,3.67,2019,5
18,0,False,59,554960,singer-songwriter,2zd6YQN1Y6m8XMpTWsd24S,2019-05-10,38,compilation,3.8,2019,5
4,69,False,62,580473,,57EkTny9UjqpLhFzMO4Hdb,2019-05-05,14,album,3.97,2019,5
4,80,False,71,970736,,7Lwn8CSE6bv6VYScebUGiz,2019-05-03,12,album,3.36,2019,5
1,68,False,65,2359204,,16mjtcKPxpQ4ajFHmJ0hJC,2019-05-03,5,single,3.65,2019,5
1,65,False,81,45700057,,1J2BrRxtQjVUa7X9Ne99xD,2019-05-03,1,single,3.18,2019,5
1,35,False,39,53247,,6LIH8eD8t7ZGsEXD2RtCfP,2019-05-03,1,single,3.08,2019,5
13,55,True,68,5739313,,74gSdSHe71q7urGWMMn3qB,2019-05-03,14,album,2.88,2019,5
1,56,False,60,460982,hyperpop,3SQr5VHmYRkAGGMTCBbbnP,2019-05-03,1,single,2.65,2019,5
1,42,False,41,95832,sea shanties,453hA9f1yOdt4NvigpkTLg,2019-04-30,1,single,2.64,2019,4
2,48,False,57,356342,,6hGu9RB3CDDdorBicf4dMo,2019-04-26,12,album,4.07,2019,4
10,36,True,82,15684530,"emo rap, cloud rap",00xUnMv4KFgxTBvNMsUy3T,2019-04-26,14,album,3.22,2019,4
2,67,False,58,1368895,,3GNzXsFbzdwM0WKCZtgeNP,2019-04-26,12,album,3.6,2019,4
6,53,False,57,356342,,6hGu9RB3CDDdorBicf4dMo,2019-04-26,12,album,4.25,2019,4
2,34,True,67,2583984,,1a6cjaKC4XUAGiP3rFFyhu,2019-04-26,2,single,2.41,2019,4
1,69,True,74,15121684,"edm, progressive house, electronica",0xbuJLlb5afBcmCpdOaszR,2019-04-25,1,single,2.73,2019,4
1,2,True,76,8642338,indonesian r&b,6a1p03zluxNwXTVdm9IStw,2019-04-24,1,single,2.85,2019,4
8,24,False,40,149030,"alternative r&b, art pop",6NLWgp3R9U9v8KMueE6i9C,2019-04-19,13,album,2.29,2019,4
13,70,True,68,5739313,,2KJjOBX280F3hZZE1xO33O,2019-04-19,16,album,2.88,2019,4
11,23,False,40,149033,"alternative r&b, art pop",6NLWgp3R9U9v8KMueE6i9C,2019-04-19,13,album,3.22,2019,4
3,62,False,73,4298554,,2VuZJsJBPLwg9BeQFQle8G,2019-04-19,13,album,3.77,2019,4
7,35,False,40,149033,"alternative r&b, art pop",6NLWgp3R9U9v8KMueE6i9C,2019-04-19,13,album,4.68,2019,4
2,27,False,40,149030,"alternative r&b, art pop",6NLWgp3R9U9v8KMueE6i9C,2019-04-19,13,album,3.73,2019,4
1,29,False,40,149035,"alternative r&b, art pop",6NLWgp3R9U9v8KMueE6i9C,2019-04-19,13,album,3.73,2019,4
2,57,True,51,63363,drum and bass,33LKDlHI6zxl8uzLfUYv6P,2019-04-19,4,single,2.75,2019,4
9,51,False,40,149030,"alternative r&b, art pop",6NLWgp3R9U9v8KMueE6i9C,2019-04-19,13,album,6.9,2019,4
3,66,True,68,5738825,,6dFFcYQ8VhifgdKgYY5LYL,2019-04-19,11,album,3.25,2019,4
5,24,False,40,149035,"alternative r&b, art pop",6NLWgp3R9U9v8KMueE6i9C,2019-04-19,13,album,4.01,2019,4
1,40,False,29,6065,soundtrack,2koUTJvJTFzOs8mresqtle,2019-04-19,25,compilation,3.68,2019,4
3,37,False,40,149030,"alternative r&b, art pop",6NLWgp3R9U9v8KMueE6i9C,2019-04-19,13,album,4.18,2019,4
6,26,False,40,149033,"alternative r&b, art pop",6NLWgp3R9U9v8KMueE6i9C,2019-04-19,13,album,3.29,2019,4
15,68,False,68,5739313,,7hBV0wo7cDHZQLYnuOJ312,2019-04-17,16,album,2.66,2019,4
4,60,False,82,30541347,,0ujHQ5WCLuKJQXOqXpGtpf,2019-04-12,10,album,3.4,2019,4
2,76,False,85,81181104,k-pop,2KqlAl1Kl5fZvbFgJ0qFB6,2019-04-12,7,album,3.82,2019,4
1,68,False,69,2325598,"bedroom pop, indie pop",1HMR6PG5Su7p0JjRws7NBb,2019-04-12,1,single,3.65,2019,4
5,67,False,82,30545962,,0ujHQ5WCLuKJQXOqXpGtpf,2019-04-12,10,album,3.11,2019,4
8,14,False,43,301499,,321NRBoH8ZJTvfErFxYYi3,2019-04-12,12,album,1.68,2019,4
10,51,False,82,30545962,,0ujHQ5WCLuKJQXOqXpGtpf,2019-04-12,10,album,2.71,2019,4
2,38,True,43,301499,,321NRBoH8ZJTvfErFxYYi3,2019-04-12,12,album,2.08,2019,4
1,59,True,60,1038396,"uk drill, drill, grime, uk grime",5zab8YLQV8MOXSTpcK6mT3,2019-04-11,2,single,4.21,2019,4
4,36,False,32,12270,,6C97cDlZPNtq0yl7aAcG1H,2019-04-06,12,album,3.19,2019,4
3,57,True,40,38718,,0aoABQXnbgYYeIRlcwk7Ls,2019-04-05,5,single,3.14,2019,4
2,65,False,56,561316,"art pop, baroque pop",0Cuqhgy8vm96JEkBY3polk,2019-04-05,10,album,4.66,2019,4
4,54,True,82,16945182,,6KT8x5oqZJl9CcnM66hddo,2019-04-05,17,album,3.82,2019,4
5,71,False,82,16946293,,6KT8x5oqZJl9CcnM66hddo,2019-04-05,17,album,3.29,2019,4
1,0,False,46,102423,,5VMaKMyX5OTgrmHwvOVJZ1,2019-04-01,1,single,3.62,2019,4
8,40,False,58,888564,"country, texas country, red dirt, acoustic country",5u7W89BRauNZFgr6DuV4Mg,2019-03-29,27,compilation,3.36,2019,3
12,75,False,90,118692183,"alternative pop, electropop, dark pop",0S0KGZnfBGSIssfF54WSJh,2019-03-29,14,album,4.04,2019,3
9,74,False,90,118692183,"alternative pop, electropop, dark pop",0S0KGZnfBGSIssfF54WSJh,2019-03-29,14,album,2.99,2019,3
1,17,False,90,118692183,"alternative pop, electropop, dark pop",0S0KGZnfBGSIssfF54WSJh,2019-03-29,14,album,0.22,2019,3
8,66,False,90,118692183,"alternative pop, electropop, dark pop",0S0KGZnfBGSIssfF54WSJh,2019-03-29,14,album,2.88,2019,3
5,72,False,90,118728633,"alternative pop, electropop, dark pop",0S0KGZnfBGSIssfF54WSJh,2019-03-29,14,album,2.81,2019,3
2,82,False,90,118692183,"alternative pop, electropop, dark pop",0S0KGZnfBGSIssfF54WSJh,2019-03-29,14,album,3.23,2019,3
10,75,False,90,118728633,"alternative pop, electropop, dark pop",0S0KGZnfBGSIssfF54WSJh,2019-03-29,14,album,3.21,2019,3
14,67,False,90,118692183,"alternative pop, electropop, dark pop",0S0KGZnfBGSIssfF54WSJh,2019-03-29,14,album,1.99,2019,3
13,82,False,90,118692183,"alternative pop, electropop, dark pop",0S0KGZnfBGSIssfF54WSJh,2019-03-29,14,album,4.86,2019,3
11,74,False,90,118692183,"alternative pop, electropop, dark pop",0S0KGZnfBGSIssfF54WSJh,2019-03-29,14,album,2.6,2019,3
7,85,False,90,118760311,"alternative pop, electropop, dark pop",0S0KGZnfBGSIssfF54WSJh,2019-03-29,14,album,3.26,2019,3
6,73,False,90,118692183,"alternative pop, electropop, dark pop",0S0KGZnfBGSIssfF54WSJh,2019-03-29,14,album,3.69,2019,3
3,70,False,90,118728633,"alternative pop, electropop, dark pop",0S0KGZnfBGSIssfF54WSJh,2019-03-29,14,album,4.06,2019,3
4,75,False,90,118692183,"alternative pop, electropop, dark pop",0S0KGZnfBGSIssfF54WSJh,2019-03-29,14,album,3.01,2019,3
1,38,False,52,84908,"anime, soundtrack",4bNzfhuvOUiTFv2Jsm8xeK,2019-03-27,25,album,4.48,2019,3
3,24,False,52,84908,"anime, soundtrack",4bNzfhuvOUiTFv2Jsm8xeK,2019-03-27,25,album,2.52,2019,3
11,35,False,52,84887,"anime, soundtrack",4bNzfhuvOUiTFv2Jsm8xeK,2019-03-27,25,album,1.63,2019,3
6,20,False,52,84929,"anime, soundtrack",4bNzfhuvOUiTFv2Jsm8xeK,2019-03-27,25,album,2.12,2019,3
14,25,False,52,84908,"anime, soundtrack",4bNzfhuvOUiTFv2Jsm8xeK,2019-03-27,25,album,2.04,2019,3
1,35,False,39,53247,,6qUFkYctUITXkByoa80xbi,2019-03-24,1,single,3.2,2019,3
2,21,False,16,21333,art pop,3TJytf0pGdE091GmE0z4Rc,2019-03-22,13,album,3.65,2019,3
1,58,False,54,467896,alt country,3950FHVErcINW3tjRgjebQ,2019-03-22,12,album,3.98,2019,3
4,76,False,67,3002443,indie,7eed9MBclFPjjjvotfR2e9,2019-03-22,11,album,2.96,2019,3
6,77,True,75,4155089,,61G7KL6rpj167r6H4CzS8C,2019-03-22,12,album,3.27,2019,3
5,75,False,75,4153847,,61G7KL6rpj167r6H4CzS8C,2019-03-22,12,album,4.0,2019,3
12,76,False,75,4156314,,61G7KL6rpj167r6H4CzS8C,2019-03-22,12,album,2.98,2019,3
2,69,False,64,351526,,4ogDiddFmcxnT4PC9lVEoV,2019-03-22,3,single,3.63,2019,3
9,69,False,67,3002443,indie,7eed9MBclFPjjjvotfR2e9,2019-03-22,11,album,2.58,2019,3
1,48,False,60,309996,anime,5lmcreB8gWUQI2vafUexh4,2019-03-21,1,single,3.94,2019,3
1,73,True,78,41268567,,1bcvtuHyO79DNAOOhHEkEm,2019-03-21,1,single,3.22,2019,3
1,52,True,46,56712,"dark r&b, trap soul",6ahOMHF2dFpewKWkK41YHd,2019-03-17,1,single,2.95,2019,3
29,0,False,35,12855,,6SE0OIDlE90d80JOK0z9Ti,2019-03-15,32,album,2.86,2019,3
19,21,False,70,1605047,soundtrack,1bMwyCHGWSlF866IqpYnK5,2019-03-15,19,compilation,4.42,2019,3
12,66,False,67,888857,country,3XpxioqzCTiqOSuHTXuaGf,2019-03-08,16,album,3.28,2019,3
3,80,True,70,1264476,,0JA38Ekhsv43y2lBj5GQkQ,2019-03-08,10,album,3.36,2019,3
8,3,True,85,42565036,"melodic rap, emo rap",1GYVNOzwhx1nMcIJDogSNp,2019-03-08,22,album,4.0,2019,3
9,46,False,42,76718,,0CAnO4Qerzpg25CPvoJ4ZW,2019-03-08,10,album,8.89,2019,3
7,31,False,30,5450,southern gothic,3vkG8xqDkFwvvyKXLORvJQ,2019-03-07,14,album,2.6,2019,3
1,75,False,63,727635,,7BISGeB7QwhqRIadxuLHfG,2019-03-07,1,single,3.06,2019,3
1,66,True,64,5287479,melodic rap,47FalEKu0of8GExDtZBkxT,2019-03-01,14,album,3.03,2019,3
1,2,False,75,7761454,,4W0r9HOcuCC6Vh7aze2hwi,2019-03-01,1,single,3.01,2019,3
2,67,True,77,12954295,,0O1PJ0t69iTO5yWrIeIga0,2019-03-01,13,album,2.72,2019,3
1,26,False,33,6483,,2L1icor6gLLVt3OYhY2jyD,2019-02-22,33,album,0.57,2019,2
1,35,False,38,15447,soundtrack,3hYzCtvSB0hmozcZZtBMDd,2019-02-22,5,single,2.66,2019,2
11,61,True,77,5610584,,6bPpXqJRpjwy0hLyUGtzYc,2019-02-22,16,album,4.08,2019,2
1,55,True,37,19984,dark r&b,2XPKpJK6vyWQxvKSOsYBHu,2019-02-22,1,single,2.95,2019,2
6,75,True,78,8661889,,73ZvpuYhKDr2FW4vlPsTpW,2019-02-22,9,album,3.36,2019,2
15,59,True,77,5608618,,6bPpXqJRpjwy0hLyUGtzYc,2019-02-22,16,album,4.02,2019,2
5,61,True,85,10342615,melodic rap,1oUzjom2A9xtyRM1SdOAGj,2019-02-22,16,album,3.33,2019,2
10,48,True,85,10348240,melodic rap,1oUzjom2A9xtyRM1SdOAGj,2019-02-22,16,album,2.98,2019,2
1,79,True,81,25956015,,5a4sJJ3qjn6hqRsvm0Veso,2019-02-15,1,single,3.34,2019,2
3,66,False,70,5588772,"country, pop country, acoustic country",64nhe9s692yKECAoMcEQ8U,2019-02-15,19,album,3.08,2019,2
9,20,False,42,35140,soundtrack,604e2Fbswe2x1F4A9KzyKs,2019-02-15,15,album,3.39,2019,2
4,27,False,42,35136,soundtrack,604e2Fbswe2x1F4A9KzyKs,2019-02-15,15,album,5.29,2019,2
1,55,False,81,26272346,soft pop,0JtZ4dyxvzFUCjeVrgPkHZ,2019-02-15,1,single,3.12,2019,2
5,21,False,42,35136,soundtrack,604e2Fbswe2x1F4A9KzyKs,2019-02-15,15,album,1.84,2019,2
6,19,False,42,35139,soundtrack,604e2Fbswe2x1F4A9KzyKs,2019-02-15,15,album,2.36,2019,2
1,38,False,23,1914,uk grime,3NnxAFMDddW7ONlfeyUgAf,2019-02-14,1,single,2.0,2019,2
1,72,True,69,2554758,,4yKwChgdGpJzf2nn3nPHfP,2019-02-14,1,single,3.35,2019,2
7,61,True,90,107389514,pop,2fYhqwDWXjbpjaIJPEfKFw,2019-02-08,12,album,2.34,2019,2
3,64,False,90,107374593,pop,2fYhqwDWXjbpjaIJPEfKFw,2019-02-08,12,album,3.03,2019,2
2,77,True,90,107418606,pop,2fYhqwDWXjbpjaIJPEfKFw,2019-02-08,12,album,2.85,2019,2
1,27,False,54,170169,ambient folk,2tFHdeHcBUojQlo6oYzGBs,2019-02-08,9,album,1.66,2019,2
11,81,True,90,107389514,pop,2fYhqwDWXjbpjaIJPEfKFw,2019-02-08,12,album,3.45,2019,2
1,69,True,90,107401919,pop,2fYhqwDWXjbpjaIJPEfKFw,2019-02-08,12,album,3.53,2019,2
9,68,True,90,107374593,pop,2fYhqwDWXjbpjaIJPEfKFw,2019-02-08,12,album,3.71,2019,2
1,64,True,46,128149,,154oJT2twqCFdna5UI2MyE,2019-02-08,1,single,3.24,2019,2
5,63,True,90,107374593,pop,2fYhqwDWXjbpjaIJPEfKFw,2019-02-08,12,album,3.48,2019,2
8,70,False,90,107418606,pop,2fYhqwDWXjbpjaIJPEfKFw,2019-02-08,12,album,4.52,2019,2
10,84,True,90,107401919,pop,2fYhqwDWXjbpjaIJPEfKFw,2019-02-08,12,album,2.97,2019,2
2,30,False,54,170169,ambient folk,2tFHdeHcBUojQlo6oYzGBs,2019-02-08,9,album,3.19,2019,2
6,66,False,90,107389514,pop,2fYhqwDWXjbpjaIJPEfKFw,2019-02-08,12,album,4.45,2019,2
4,78,True,90,107389514,pop,2fYhqwDWXjbpjaIJPEfKFw,2019-02-08,12,album,3.61,2019,2
12,74,True,90,107374593,pop,2fYhqwDWXjbpjaIJPEfKFw,2019-02-08,12,album,3.17,2019,2
1,63,False,82,16943442,,58kvvQvx6OtLqEDhqYSzyM,2019-02-07,1,single,3.29,2019,2
1,57,False,65,2646110,classic rock,2GkmC6hsvA8854l5kLsTOg,2019-02-01,35,compilation,4.49,2019,2
8,0,False,64,301316,soundtrack,1IamQGaFLZXFR2pp8zw8Zo,2019-02-01,18,album,6.8,2019,2
16,0,False,63,301146,soundtrack,1IamQGaFLZXFR2pp8zw8Zo,2019-02-01,18,album,5.75,2019,2
9,80,False,73,10981084,latin,5C0YLr4OoRGFDaqdMQmkeH,2019-02-01,15,album,3.82,2019,2
7,73,False,73,10981084,latin,5C0YLr4OoRGFDaqdMQmkeH,2019-02-01,15,album,2.89,2019,2
4,59,True,79,10465301,,4KJwyWKB1FRpJxZWgkfbz5,2019-01-25,6,single,2.87,2019,1
6,73,False,69,5292781,,1xJ7jIK1tT0aVoJw1fPE6r,2019-01-24,6,single,2.88,2019,1
1,76,True,82,27069939,rap,3XzSOIE6zGLliuqsVGLmUc,2019-01-23,1,single,3.55,2019,1
1,32,False,14,1502,,6ydahDQDBR6C2isdOZxf4f,2019-01-21,1,single,2.08,2019,1
1,71,False,62,2041565,,0syM7OUAhV7S6XmOa4nLUZ,2019-01-18,15,album,2.97,2019,1
3,53,True,61,2041575,,0syM7OUAhV7S6XmOa4nLUZ,2019-01-18,15,album,3.52,2019,1
18,19,False,50,88407,soundtrack,4xdjnwp7G9KgHjqeAXF9av,2019-01-18,21,album,1.34,2019,1
4,48,False,71,4308713,soft pop,3xl0OvcSlc9Mwe5ToaFtD3,2019-01-17,20,album,2.08,2019,1
14,37,False,71,4307803,soft pop,3xl0OvcSlc9Mwe5ToaFtD3,2019-01-17,20,album,2.08,2019,1
9,49,False,71,4307803,soft pop,3xl0OvcSlc9Mwe5ToaFtD3,2019-01-17,20,album,2.85,2019,1
19,38,False,71,4307803,soft pop,3xl0OvcSlc9Mwe5ToaFtD3,2019-01-17,20,album,2.85,2019,1
7,51,False,71,4308713,soft pop,3xl0OvcSlc9Mwe5ToaFtD3,2019-01-17,20,album,0.99,2019,1
17,36,False,71,4307803,soft pop,3xl0OvcSlc9Mwe5ToaFtD3,2019-01-17,20,album,0.98,2019,1
10,43,False,71,4307803,soft pop,3xl0OvcSlc9Mwe5ToaFtD3,2019-01-17,20,album,1.08,2019,1
20,35,False,71,4307803,soft pop,3xl0OvcSlc9Mwe5ToaFtD3,2019-01-17,20,album,1.07,2019,1
1,75,False,71,4307803,soft pop,3xl0OvcSlc9Mwe5ToaFtD3,2019-01-17,20,album,1.37,2019,1
11,37,False,71,4307803,soft pop,3xl0OvcSlc9Mwe5ToaFtD3,2019-01-17,20,album,1.3,2019,1
3,43,False,71,4307803,soft pop,3xl0OvcSlc9Mwe5ToaFtD3,2019-01-17,20,album,1.81,2019,1
13,36,False,71,4307803,soft pop,3xl0OvcSlc9Mwe5ToaFtD3,2019-01-17,20,album,1.81,2019,1
8,43,False,71,4308239,soft pop,3xl0OvcSlc9Mwe5ToaFtD3,2019-01-17,20,album,1.66,2019,1
18,33,False,71,4308239,soft pop,3xl0OvcSlc9Mwe5ToaFtD3,2019-01-17,20,album,1.66,2019,1
6,43,False,71,4307803,soft pop,3xl0OvcSlc9Mwe5ToaFtD3,2019-01-17,20,album,1.43,2019,1
16,34,False,71,4307803,soft pop,3xl0OvcSlc9Mwe5ToaFtD3,2019-01-17,20,album,1.43,2019,1
2,49,False,71,4307803,soft pop,3xl0OvcSlc9Mwe5ToaFtD3,2019-01-17,20,album,2.12,2019,1
12,36,False,71,4308713,soft pop,3xl0OvcSlc9Mwe5ToaFtD3,2019-01-17,20,album,2.12,2019,1
5,45,False,71,4307803,soft pop,3xl0OvcSlc9Mwe5ToaFtD3,2019-01-17,20,album,1.43,2019,1
15,35,False,71,4308713,soft pop,3xl0OvcSlc9Mwe5ToaFtD3,2019-01-17,20,album,1.32,2019,1
12,51,True,58,1588874,,2UqlRqWxfYnlQFEgNoot7v,2019-01-11,13,album,4.18,2019,1
1,73,False,81,26275803,soft pop,1V9oE8bVilClrk5naqyyvL,2019-01-11,1,single,2.85,2019,1
1,23,False,24,2785,,5QgcNH93kzdWgSlw5bIUd7,2019-01-11,1,single,2.4,2019,1
1,61,False,90,118692183,"alternative pop, electropop, dark pop",0LgnntyagLdfW5Dz2OSYHU,2019-01-09,1,single,4.5,2019,1
7,4,False,61,983406,,3mMWlBGocBwsS1Q0o9wvlc,2019-01-06,10,album,2.64,2019,1
1,57,False,69,1429201,neo soul,5esDxI1Ii86YJV3O3P1p9R,2019-01-04,1,single,3.87,2019,1
2,51,False,52,146763,,3qYVQgnzc7tOPVK33EKUvF,2018-12-29,11,album,3.91,2018,12
1,78,True,84,23799771,,007DWn799UWvfY1wwZeENR,2018-12-21,15,album,4.81,2018,12
2,39,False,66,8862427,,5uaGbt3JKOTJRBcB2EYf4x,2018-12-21,2,single,3.23,2018,12
11,76,True,77,8987309,melodic rap,3r5hf3Cj3EMh1C2saQ8jyt,2018-12-21,20,album,2.99,2018,12
2,67,True,84,14936207,,3o5se5blwiAdJPk8yAw1EQ,2018-12-20,12,album,3.21,2018,12
11,70,False,86,17928214,"rap, hip hop",35s58BRTGAEWztPo9WqCIs,2018-12-14,13,compilation,3.88,2018,12
10,59,False,41,21939,,35s58BRTGAEWztPo9WqCIs,2018-12-14,13,compilation,2.96,2018,12
1,45,False,45,470367,,7HhDjsXxVeXTOewlUukgVx,2018-12-14,1,single,2.23,2018,12
5,77,True,79,12471348,,5n1GSzC1Reao29ScnpLYqp,2018-12-14,16,album,3.81,2018,12
2,81,False,85,47716988,"pop, hip hop, country",35s58BRTGAEWztPo9WqCIs,2018-12-14,13,compilation,2.63,2018,12
3,57,False,63,1943829,,35s58BRTGAEWztPo9WqCIs,2018-12-14,13,compilation,2.56,2018,12
4,52,True,79,12471348,,5n1GSzC1Reao29ScnpLYqp,2018-12-14,16,album,3.1,2018,12
13,55,False,65,2030506,,35s58BRTGAEWztPo9WqCIs,2018-12-14,13,compilation,3.52,2018,12
11,73,False,78,41264069,,3nzuGtN3nXARvvecier4K0,2018-12-14,15,album,3.52,2018,12
29,81,False,77,24105967,,1DF9B2hfwX4EdgEFwGcRwh,2018-12-14,29,album,3.98,2018,12
15,79,False,78,41268567,,3nzuGtN3nXARvvecier4K0,2018-12-14,15,album,3.53,2018,12
3,82,True,85,42551578,"melodic rap, emo rap",6tkjU4Umpo79wwkgPMV3nZ,2018-12-10,17,album,3.99,2018,12
1,76,False,72,1626627,,7dQ734EW0iLvQfF6vBFNiZ,2018-12-07,7,album,2.84,2018,12
13,44,False,88,60818952,,19CvkGjYpifkdwgVJSbog2,2018-12-07,24,album,5.04,2018,12
7,33,False,68,2981715,,2G4BowCb2oGMU2bfCdiWLq,2018-12-07,25,compilation,3.27,2018,12
11,75,True,76,5987438,"southern hip hop, rap, trap",5xqQtdlJUY7Fg4BMp13LrX,2018-12-07,18,album,3.38,2018,12
3,33,False,52,24104,"medieval, soundtrack",3dB7GJBPHfEPtaQ38yLBpX,2018-12-05,28,album,2.77,2018,12
13,37,False,37,6444,,1ihHcMdKtZ3qY5eRXYxcl8,2018-12-04,13,album,4.26,2018,12
9,30,False,37,6438,,1ihHcMdKtZ3qY5eRXYxcl8,2018-12-04,13,album,2.7,2018,12
11,67,True,68,6052038,,0z0z4DcXhHiobX5ZKAw8Qn,2018-11-30,13,album,2.42,2018,11
1,78,False,74,5973844,,1MvF4ulZKH7SaDQs9rE5nc,2018-11-30,16,album,3.54,2018,11
2,78,True,84,21644763,,4iF44RCCybJtkBkMoqrLW2,2018-11-30,13,album,2.56,2018,11
4,78,False,74,5975530,,1MvF4ulZKH7SaDQs9rE5nc,2018-11-30,16,album,4.18,2018,11
3,70,False,74,5974740,,1MvF4ulZKH7SaDQs9rE5nc,2018-11-30,16,album,3.71,2018,11
9,73,True,72,8277770,rap,6UYZEYjpN1DYRW0kqFy9ZE,2018-11-30,19,album,3.0,2018,11
5,66,True,76,7959873,,6PWXKiakqhI17mTYM4y6oY,2018-11-30,15,album,4.21,2018,11
1,70,False,74,1294030,,2hBfao8GWZwHlUGDB8HVQO,2018-11-30,1,single,3.62,2018,11
2,69,True,68,6051989,,0z0z4DcXhHiobX5ZKAw8Qn,2018-11-30,13,album,2.77,2018,11
11,64,False,72,12274759,,0LzVdypBGpn6dGuHqVGwwt,2018-11-30,15,album,3.79,2018,11
2,50,False,68,8411391,,3hvk0iS7XgtSQdf7zfVTLF,2018-11-23,16,album,3.16,2018,11
18,43,False,70,4516207,soft pop,1bNlBFmUkqsRu6Fsa9jzAV,2018-11-23,38,compilation,3.61,2018,11
1,42,False,68,8411212,,3hvk0iS7XgtSQdf7zfVTLF,2018-11-23,16,album,3.59,2018,11
1,3,False,73,8765920,bedroom pop,4oRcMHsdNG9IAF3xwv1kWu,2018-11-21,2,single,3.06,2018,11
1,87,False,73,8765920,bedroom pop,7vud0sY43VTv28MbWiglDa,2018-11-21,3,single,3.06,2018,11
1,79,True,82,17333176,rap,3AlyvIIMZyT5LjWFeK5LSl,2018-11-20,1,single,2.63,2018,11
3,56,False,73,1205664,,35pJYaery52xdW7eQIA2uy,2018-11-20,6,single,2.35,2018,11
2,63,True,71,12326751,,7Ho8gAx4haSxv1eFLQwvTj,2018-11-16,18,album,3.82,2018,11
1,38,False,62,2046864,,6e0tNN2yk9nQpqqt2whyAb,2018-11-16,1,single,2.88,2018,11
2,71,False,72,5576552,,6jKZplJpy21R5lHaYHHjmZ,2018-11-16,12,album,3.64,2018,11
4,81,False,72,5576552,,6jKZplJpy21R5lHaYHHjmZ,2018-11-16,12,album,2.82,2018,11
5,62,False,79,12430671,,16pubXUlqRziVWRsT6lLNz,2018-11-16,5,single,3.68,2018,11
1,75,False,72,5577631,,6jKZplJpy21R5lHaYHHjmZ,2018-11-16,12,album,3.02,2018,11
1,50,False,32,3581,,5yxIeBwhxzGOOzinVpjMsg,2018-11-14,1,single,2.74,2018,11
9,57,True,82,15684530,"emo rap, cloud rap",52JymrguPgkmmwLaWIusst,2018-11-09,13,album,3.57,2018,11
2,76,False,72,3877645,tropical house,2xZSrcBmvMw9Y8hac6xU7L,2018-11-09,15,album,3.27,2018,11
3,69,False,72,3877733,tropical house,2xZSrcBmvMw9Y8hac6xU7L,2018-11-09,15,album,3.24,2018,11
2,68,True,82,15684530,"emo rap, cloud rap",52JymrguPgkmmwLaWIusst,2018-11-09,13,album,3.21,2018,11
3,62,True,82,15695162,"emo rap, cloud rap",52JymrguPgkmmwLaWIusst,2018-11-09,13,album,3.56,2018,11
3,51,False,57,1105908,,6JmnnC2r3mvEFugTomuxWG,2018-11-09,6,single,2.94,2018,11
6,36,False,57,1105853,,6JmnnC2r3mvEFugTomuxWG,2018-11-09,6,single,2.79,2018,11
1,62,False,51,164492,dark r&b,6m1lFZkvFsGKQIiL2JH10T,2018-11-09,1,single,3.38,2018,11
5,73,False,72,3877733,tropical house,2xZSrcBmvMw9Y8hac6xU7L,2018-11-09,15,album,3.54,2018,11
13,2,True,80,11010665,melodic rap,6qRbGZqJ3aQY8N8bcHc1ug,2018-11-09,16,album,2.93,2018,11
6,67,True,82,15695162,"emo rap, cloud rap",52JymrguPgkmmwLaWIusst,2018-11-09,13,album,4.08,2018,11
5,56,False,57,1105908,,6JmnnC2r3mvEFugTomuxWG,2018-11-09,6,single,3.06,2018,11
5,80,False,85,58364373,,3JfSxDfmwS5OeHPwLSkrfr,2018-11-09,15,album,4.34,2018,11
7,40,False,62,325011,,4oN0HoJVDsVKwJmquYy7d2,2018-11-09,8,album,2.69,2018,11
4,36,False,57,1105908,,6JmnnC2r3mvEFugTomuxWG,2018-11-09,6,single,3.39,2018,11
2,37,False,57,1105899,,6JmnnC2r3mvEFugTomuxWG,2018-11-09,6,single,3.26,2018,11
4,71,False,72,3877638,tropical house,2xZSrcBmvMw9Y8hac6xU7L,2018-11-09,15,album,3.06,2018,11
1,80,False,85,58375520,,3JfSxDfmwS5OeHPwLSkrfr,2018-11-09,15,album,3.15,2018,11
1,68,False,66,1757724,,2mTA1YzwWs39JdjSIQNCBS,2018-11-09,1,single,3.18,2018,11
1,32,False,28,7683,,7qPAxUGwVRhtt9vSMqyGP9,2018-11-09,4,single,3.44,2018,11
10,59,True,82,15684530,"emo rap, cloud rap",52JymrguPgkmmwLaWIusst,2018-11-09,13,album,3.35,2018,11
2,38,True,28,7683,,7qPAxUGwVRhtt9vSMqyGP9,2018-11-09,4,single,4.24,2018,11
3,68,False,79,14045780,soft pop,0NVQ9k3wKmuK6T02lLMl6y,2018-11-08,4,single,3.03,2018,11
5,76,True,84,11679132,,3IO8IPjwXuzPJnoaqkwYrj,2018-11-06,26,album,3.38,2018,11
4,38,False,36,41817,,5ffDmmCZHSnH4XhU7XHLQx,2018-11-06,9,album,4.14,2018,11
4,62,True,84,11683338,,3IO8IPjwXuzPJnoaqkwYrj,2018-11-06,26,album,3.53,2018,11
6,71,True,84,11679132,,3IO8IPjwXuzPJnoaqkwYrj,2018-11-06,26,album,3.47,2018,11
2,0,False,46,70176,dub,3XpO7Ti1qVHTs7w28IA4lR,2018-11-06,2,single,4.82,2018,11
1,22,True,90,107401919,pop,684W6NpKllEexqQlGqetCi,2018-11-03,1,single,3.45,2018,11
14,60,False,83,21591569,,0ODLCdHBFVvKwJGeSfd1jy,2018-11-02,21,album,4.3,2018,11
6,69,False,83,21598900,,0ODLCdHBFVvKwJGeSfd1jy,2018-11-02,21,album,3.39,2018,11
19,75,False,83,21598900,,0ODLCdHBFVvKwJGeSfd1jy,2018-11-02,21,album,4.08,2018,11
17,51,False,83,21591569,,0ODLCdHBFVvKwJGeSfd1jy,2018-11-02,21,album,3.34,2018,11
18,53,False,83,21606569,,0ODLCdHBFVvKwJGeSfd1jy,2018-11-02,21,album,3.42,2018,11
12,55,False,83,21606569,,0ODLCdHBFVvKwJGeSfd1jy,2018-11-02,21,album,3.49,2018,11
10,83,False,83,21598900,,0ODLCdHBFVvKwJGeSfd1jy,2018-11-02,21,album,4.06,2018,11
7,50,False,83,21606569,,0ODLCdHBFVvKwJGeSfd1jy,2018-11-02,21,album,4.17,2018,11
4,63,False,83,21591569,,0ODLCdHBFVvKwJGeSfd1jy,2018-11-02,21,album,3.71,2018,11
5,85,False,83,21606569,,0ODLCdHBFVvKwJGeSfd1jy,2018-11-02,21,album,3.43,2018,11
13,46,False,83,21598900,,0ODLCdHBFVvKwJGeSfd1jy,2018-11-02,21,album,3.46,2018,11
21,45,True,83,21606569,,0ODLCdHBFVvKwJGeSfd1jy,2018-11-02,21,album,4.38,2018,11
1,0,False,28,3745,,11sai2KfAABG30NMQgkKYi,2018-11-02,1,single,3.12,2018,11
11,56,False,83,21591569,,0ODLCdHBFVvKwJGeSfd1jy,2018-11-02,21,album,3.16,2018,11
9,80,False,83,21591569,,0ODLCdHBFVvKwJGeSfd1jy,2018-11-02,21,album,2.55,2018,11
16,66,False,83,21591569,,0ODLCdHBFVvKwJGeSfd1jy,2018-11-02,21,album,2.79,2018,11
4,74,False,70,5545344,"french r&b, pop urbaine",3jqQFIXUakuDXdhFVvI7Ko,2018-11-02,13,album,2.86,2018,11
1,49,True,83,21591569,,0ODLCdHBFVvKwJGeSfd1jy,2018-11-02,21,album,3.48,2018,11
15,49,False,83,21591569,,0ODLCdHBFVvKwJGeSfd1jy,2018-11-02,21,album,3.29,2018,11
3,77,False,82,30541347,,2vcGYJcPfXUmCdcXXqqukg,2018-11-01,13,album,2.76,2018,11
13,50,False,66,1685009,,5QCXxPUwoOtxeZQmve6w2u,2018-10-31,14,album,3.08,2018,10
1,46,True,42,265664,german hip hop,07K8Ua3tkeXUhPc2eVBrND,2018-10-31,1,single,2.71,2018,10
6,43,False,66,1686734,,5QCXxPUwoOtxeZQmve6w2u,2018-10-31,14,album,3.49,2018,10
12,44,False,66,1685958,,5QCXxPUwoOtxeZQmve6w2u,2018-10-31,14,album,3.63,2018,10
3,43,False,40,51609,,6hGCF6U1vanh8KJZgAq66m,2018-10-26,9,album,3.24,2018,10
2,86,True,81,10645550,,5mIImcsuqpiSXg8XvFr81I,2018-10-26,12,album,3.48,2018,10
3,56,False,57,1215070,,2UehMLybYgLuuNHRNJpbCB,2018-10-26,25,album,3.36,2018,10
13,52,False,57,1215070,,2UehMLybYgLuuNHRNJpbCB,2018-10-26,25,album,4.45,2018,10
2,59,False,67,2177376,,2N7XbX9LzuJDlGOEvx5V6D,2018-10-25,2,single,2.32,2018,10
1,70,True,81,25953771,,2drqVzCt52KiDxKgl0Rq0P,2018-10-23,1,single,3.05,2018,10
10,46,False,85,46891061,pop,0obMz8EHnr3dg6NCUK4xWp,2018-10-19,25,album,3.48,2018,10
1,0,False,76,8011254,r&b,3VZ4jpMK4wcOXv00lV48Qn,2018-10-19,1,single,2.69,2018,10
4,47,False,85,46891061,pop,0obMz8EHnr3dg6NCUK4xWp,2018-10-19,25,album,3.38,2018,10
10,38,False,68,1465450,,52c2O1mvqnfAVjX9QNC5yd,2018-10-19,14,album,3.82,2018,10
7,0,False,55,575297,"riot grrrl, queercore",7aTumdbpn2n1AG6CjCqvnR,2018-10-19,10,album,3.18,2018,10
13,78,True,76,8013600,r&b,4hTM8jZ8DCCqglmZUDMSPz,2018-10-19,13,album,3.7,2018,10
6,70,False,82,16946293,,2Qxc2NJ7yPKVFRWi3llRr2,2018-10-18,7,album,3.82,2018,10
1,73,False,74,2222327,,05jbNkYoEQdjVDHEHtg1gY,2018-10-16,8,album,2.96,2018,10
8,65,False,69,6191529,r&b,67ErXRS9s9pVG8JmFbrdJ0,2018-10-12,16,album,3.98,2018,10
2,24,False,52,1677266,,3tZMuGcIqKDhj2fTK7L3qS,2018-10-12,4,single,2.4,2018,10
31,47,False,60,196577,,4NFpOHIv0hJa9of0IQsgKw,2018-10-12,37,album,5.53,2018,10
13,73,False,69,6192505,r&b,67ErXRS9s9pVG8JmFbrdJ0,2018-10-12,16,album,3.56,2018,10
10,48,False,58,1338329,"math rock, djent, progressive metal, progressive rock",1JYk1k73qSbXCCCciopZH7,2018-10-12,10,album,3.59,2018,10
1,6,False,95,102536542,"reggaeton, trap latino, urbano latino, latin",0p0W4RXcnc59jgatcdZozO,2018-10-11,1,single,3.5,2018,10
1,50,False,79,12474509,,3XtuGV5BJAhCp82dBn0Gvd,2018-10-11,1,single,3.81,2018,10
1,74,False,61,898530,,5LZSpPoBVBsh6kRSEKfPQ8,2018-10-08,1,single,2.98,2018,10
11,73,True,84,21650642,,2yXnY2NiaZk9QiJJittS81,2018-10-05,13,album,3.39,2018,10
4,50,True,84,21656185,,2yXnY2NiaZk9QiJJittS81,2018-10-05,13,album,2.91,2018,10
12,79,True,84,21644763,,2yXnY2NiaZk9QiJJittS81,2018-10-05,13,album,2.42,2018,10
1,67,False,59,927530,,4G213yPh3BOt160iYP4ZsV,2018-10-05,1,single,2.65,2018,10
4,42,False,67,2177177,,4ThJUigPBlok72LoKGk2g1,2018-10-05,8,album,3.14,2018,10
4,36,False,53,793083,"slowcore, singer-songwriter",28SMXZ4p2uQGJZJpFXw8em,2018-10-05,11,album,4.84,2018,10
5,49,True,85,10342615,melodic rap,2yXnY2NiaZk9QiJJittS81,2018-10-05,13,album,2.61,2018,10
5,51,True,67,2177177,,4ThJUigPBlok72LoKGk2g1,2018-10-05,8,album,3.23,2018,10
7,60,True,84,21644763,,2yXnY2NiaZk9QiJJittS81,2018-10-05,13,album,2.41,2018,10
3,76,False,67,2177177,,4ThJUigPBlok72LoKGk2g1,2018-10-05,8,album,3.09,2018,10
5,70,False,63,940759,"witch house, darkwave",3sy3jRg8KrsGYNAuHPQnqk,2018-10-05,10,album,3.63,2018,10
1,68,False,83,25759662,,621cXqrTSSJi1WqDMSLmbL,2018-10-05,14,album,3.97,2018,10
1,33,True,45,71773,"dansk rap, dansk pop",3DbdvzYJKr1OB5G8kSWJD8,2018-10-05,1,single,2.73,2018,10
9,84,False,88,42256604,"art pop, pop",3edjzMAVB9RYRd4UcZBchx,2018-10-05,19,album,3.5,2018,10
3,54,True,84,21644763,,2yXnY2NiaZk9QiJJittS81,2018-10-05,13,album,3.19,2018,10
2,61,True,84,21662596,,2yXnY2NiaZk9QiJJittS81,2018-10-05,13,album,2.7,2018,10
5,76,False,83,25759662,,621cXqrTSSJi1WqDMSLmbL,2018-10-05,14,album,5.4,2018,10
1,47,False,44,12450,soundtrack,19WTqbdqDMWMthZfkmxSbx,2018-10-05,56,album,3.89,2018,10
9,73,True,63,1781959,,15Id9Jrqab8IwHFirdrrLp,2018-10-05,14,album,3.06,2018,10
9,48,True,84,21656185,,2yXnY2NiaZk9QiJJittS81,2018-10-05,13,album,3.27,2018,10
13,72,True,84,21656185,,2yXnY2NiaZk9QiJJittS81,2018-10-05,13,album,3.24,2018,10
1,57,True,84,21644763,,2yXnY2NiaZk9QiJJittS81,2018-10-05,13,album,3.12,2018,10
10,47,True,85,10342615,melodic rap,2yXnY2NiaZk9QiJJittS81,2018-10-05,13,album,3.08,2018,10
6,49,True,84,21644763,,2yXnY2NiaZk9QiJJittS81,2018-10-05,13,album,3.53,2018,10
4,40,False,63,939535,"witch house, darkwave",3sy3jRg8KrsGYNAuHPQnqk,2018-10-05,10,album,3.87,2018,10
8,47,True,84,21644763,,2yXnY2NiaZk9QiJJittS81,2018-10-05,13,album,2.93,2018,10
12,84,False,88,42237551,"art pop, pop",4sLtOBOzn4s3GDUv3c5oJD,2018-10-05,34,album,3.59,2018,10
1,6,True,80,22397897,,0zzrCTzvL4ZmR42xF46Afm,2018-10-04,1,single,3.36,2018,10
3,62,False,76,3007903,,5rcJ5xCMYYLCgGilFDKRZl,2018-10-02,13,album,3.87,2018,10
1,0,False,35,24497,,4LmVAipaf7goJYkIXJC9wC,2018-10-02,10,album,1.8,2018,10
6,0,False,35,24505,,4LmVAipaf7goJYkIXJC9wC,2018-10-02,10,album,3.08,2018,10
2,0,False,35,24501,,4LmVAipaf7goJYkIXJC9wC,2018-10-02,10,album,2.68,2018,10
11,60,False,64,1581188,,5rr0xAQfk01cPi1N37jX11,2018-09-28,16,album,3.37,2018,9
1,71,True,77,9277034,,0ZHyvPke0EcVt6rYA8Ins3,2018-09-28,1,single,3.54,2018,9
7,58,False,72,4697897,"norwegian pop, art pop",1jorKBzr3vs08LDggKCAyr,2018-09-28,8,album,3.99,2018,9
10,71,False,66,3183814,,1ITjhViDumL9llxAJYdKiC,2018-09-28,12,album,3.38,2018,9
1,48,False,60,310339,anime,4dAQGQCLXn1grjobb00fge,2018-09-23,1,single,2.0,2018,9
1,42,False,60,309996,anime,3ktEy1KCcS2k2h9b2O42B5,2018-09-23,1,single,1.99,2018,9
1,56,False,68,8411391,,4INRJMYMJrSPsf5mbW26Fm,2018-09-21,1,single,3.16,2018,9
2,0,False,39,219681,,5AtdfF7vloUWeywNW6GaRN,2018-09-21,7,album,3.86,2018,9
1,67,True,88,104539036,"rap, hip hop",25zSh5FAL8kUh8z7ivwBH6,2018-09-21,1,single,4.49,2018,9
4,53,True,78,5642365,,5YuscmEJSgkwWzBafTBKse,2018-09-21,9,album,4.69,2018,9
1,48,False,47,52337,soundtrack,1Kx85IhG2J5vVOsNgDD8fw,2018-09-21,27,album,3.44,2018,9
7,19,False,60,313622,neoclassical,60f6ypxsKLEemkp4216Ood,2018-09-14,15,album,2.04,2018,9
5,66,False,87,27143729,edm,5rbJtzuXtpIP0Ykk7ewIit,2018-09-14,27,album,3.31,2018,9
8,47,False,87,27139342,edm,5rbJtzuXtpIP0Ykk7ewIit,2018-09-14,27,album,3.35,2018,9
3,39,False,60,313511,neoclassical,60f6ypxsKLEemkp4216Ood,2018-09-14,15,album,4.64,2018,9
14,21,False,60,313511,neoclassical,60f6ypxsKLEemkp4216Ood,2018-09-14,15,album,2.57,2018,9
6,26,False,60,313556,neoclassical,60f6ypxsKLEemkp4216Ood,2018-09-14,15,album,4.64,2018,9
9,25,False,60,313511,neoclassical,60f6ypxsKLEemkp4216Ood,2018-09-14,15,album,1.77,2018,9
1,71,True,76,5985945,"southern hip hop, rap, trap",7mkyc2BUahNfo0orKzqNGB,2018-09-14,1,single,3.41,2018,9
11,17,False,60,313511,neoclassical,60f6ypxsKLEemkp4216Ood,2018-09-14,15,album,2.92,2018,9
1,60,False,69,2948318,dansk pop,0JcMyAnJRTisEjYf9xEwkf,2018-09-07,1,single,3.42,2018,9
5,74,False,67,3134316,"christian, worship, ccm, christian pop",6pmoTLfsPpn0wisT3YFJSN,2018-09-07,13,album,4.57,2018,9
1,54,False,61,1581975,"post-punk, darkwave, cold wave, gothic rock",1FHREwXgTQvqiG8q5KlRzc,2018-09-07,9,album,4.12,2018,9
1,67,True,89,31038851,rap,185Tm1g5U7eMOrm3m9SQUh,2018-09-07,1,single,2.13,2018,9
12,63,True,83,8957416,"emo rap, horrorcore, cloud rap, trap metal, underground hip hop",2ivOxIKDHxEo6WMD9m3ytn,2018-09-07,14,album,3.39,2018,9
2,24,True,57,837063,"post-punk, punk, noise rock",2vBa3poU0e82yfPtxcn9lg,2018-08-31,12,album,3.81,2018,8
1,62,False,72,4034129,edm,0LOJHhz9ybWLVMLucHYtCe,2018-08-31,1,single,3.17,2018,8
3,20,False,57,837346,"post-punk, punk, noise rock",2vBa3poU0e82yfPtxcn9lg,2018-08-31,12,album,3.16,2018,8
6,64,False,72,9462835,,3MYJYd73u0SatCnRVvRJ3M,2018-08-31,10,album,3.86,2018,8
8,32,False,39,132370,,4i2XIJtswPyQE6G46wpKpH,2018-08-31,10,album,5.26,2018,8
1,61,False,85,81181104,k-pop,43wFM1HquliY3iwKWzPN4y,2018-08-24,26,album,4.59,2018,8
6,57,False,85,81189603,k-pop,43wFM1HquliY3iwKWzPN4y,2018-08-24,26,album,3.96,2018,8
9,69,False,85,81189603,k-pop,43wFM1HquliY3iwKWzPN4y,2018-08-24,26,album,5.12,2018,8
3,57,False,85,81197976,k-pop,43wFM1HquliY3iwKWzPN4y,2018-08-24,26,album,3.64,2018,8
5,59,False,85,81197976,k-pop,43wFM1HquliY3iwKWzPN4y,2018-08-24,26,album,3.88,2018,8
16,63,False,85,81181104,k-pop,43wFM1HquliY3iwKWzPN4y,2018-08-24,26,album,4.18,2018,8
1,62,False,50,413516,,2bSk6eLpsfqUBRZ0d0Yxax,2018-08-24,1,single,3.17,2018,8
2,57,False,85,81181104,k-pop,43wFM1HquliY3iwKWzPN4y,2018-08-24,26,album,3.78,2018,8
12,51,False,85,81181104,k-pop,43wFM1HquliY3iwKWzPN4y,2018-08-24,26,album,4.74,2018,8
10,59,False,85,81189603,k-pop,43wFM1HquliY3iwKWzPN4y,2018-08-24,26,album,4.03,2018,8
6,57,False,85,81189603,k-pop,43wFM1HquliY3iwKWzPN4y,2018-08-24,26,album,3.76,2018,8
2,60,False,85,81181104,k-pop,43wFM1HquliY3iwKWzPN4y,2018-08-24,26,album,3.75,2018,8
11,64,False,85,81197976,k-pop,43wFM1HquliY3iwKWzPN4y,2018-08-24,26,album,4.1,2018,8
5,61,False,85,81189603,k-pop,43wFM1HquliY3iwKWzPN4y,2018-08-24,26,album,3.27,2018,8
4,68,False,85,81189603,k-pop,43wFM1HquliY3iwKWzPN4y,2018-08-24,26,album,3.71,2018,8
7,49,False,85,81189603,k-pop,43wFM1HquliY3iwKWzPN4y,2018-08-24,26,album,4.12,2018,8
13,67,False,85,81189603,k-pop,43wFM1HquliY3iwKWzPN4y,2018-08-24,26,album,4.0,2018,8
1,72,False,85,81189603,k-pop,43wFM1HquliY3iwKWzPN4y,2018-08-24,26,album,3.81,2018,8
9,60,False,85,81181104,k-pop,43wFM1HquliY3iwKWzPN4y,2018-08-24,26,album,4.03,2018,8
8,52,False,85,81181104,k-pop,43wFM1HquliY3iwKWzPN4y,2018-08-24,26,album,3.97,2018,8
3,66,False,85,81181104,k-pop,43wFM1HquliY3iwKWzPN4y,2018-08-24,26,album,4.61,2018,8
8,60,False,85,81197976,k-pop,43wFM1HquliY3iwKWzPN4y,2018-08-24,26,album,3.28,2018,8
4,58,False,85,81181104,k-pop,43wFM1HquliY3iwKWzPN4y,2018-08-24,26,album,3.92,2018,8
7,52,False,85,81197976,k-pop,43wFM1HquliY3iwKWzPN4y,2018-08-24,26,album,3.81,2018,8
14,64,False,85,81181104,k-pop,43wFM1HquliY3iwKWzPN4y,2018-08-24,26,album,4.0,2018,8
10,57,False,85,81181104,k-pop,43wFM1HquliY3iwKWzPN4y,2018-08-24,26,album,4.33,2018,8
5,77,True,90,107389514,pop,3tx8gQqWbGwqIGZHqDNrGe,2018-08-17,15,album,3.29,2018,8
1,81,False,80,34476607,edm,2u4Yp2ADTKYPwFSBFL4ffa,2018-08-17,1,single,3.57,2018,8
12,65,True,90,107389514,pop,3tx8gQqWbGwqIGZHqDNrGe,2018-08-17,15,album,2.85,2018,8
5,59,False,64,2565642,"country, acoustic country",2SxBuClrOCg8WZPXEDobmm,2018-08-17,12,album,3.32,2018,8
9,71,True,90,107401919,pop,3tx8gQqWbGwqIGZHqDNrGe,2018-08-17,15,album,3.3,2018,8
1,69,False,56,1734183,,0gXUZc4bTQzNqLvIyeObHm,2018-08-17,1,single,2.99,2018,8
10,79,False,90,107401919,pop,3tx8gQqWbGwqIGZHqDNrGe,2018-08-17,15,album,3.43,2018,8
9,0,False,78,11034315,,653wRjqO0GOZPQPcXpeAXD,2018-08-17,14,album,3.22,2018,8
1,70,False,84,23079295,edm,2tpWgbBdzjkaJVJzR4T8y1,2018-08-17,1,single,3.55,2018,8
1,6,False,77,7753423,,7CdLU3GgPy1PH5FVsrPlyA,2018-08-17,1,single,3.12,2018,8
14,58,False,78,11034315,,42cH7mrkfljkqkxA2Ip9Xq,2018-08-17,14,album,3.98,2018,8
12,82,False,78,11037265,,42cH7mrkfljkqkxA2Ip9Xq,2018-08-17,14,album,2.13,2018,8
8,74,True,90,107389514,pop,3tx8gQqWbGwqIGZHqDNrGe,2018-08-17,15,album,2.86,2018,8
1,46,False,78,35579266,,61rwEPg49tCJFTXzyWgxJP,2018-08-16,1,single,3.72,2018,8
3,65,True,64,2022764,,4mwO9qIVmngSe7yR5Ios0I,2018-08-15,13,album,2.02,2018,8
8,46,False,59,1719561,,7bcgkKns2rxVhrmw9EAmrs,2018-08-15,8,album,4.83,2018,8
21,29,False,49,46464,"jazz, latin jazz",20kyUAdgJ3TxgO8cYlfACh,2018-08-10,23,album,1.38,2018,8
1,0,True,73,8765920,bedroom pop,4K5i1l5M44nXP81JK2HP8L,2018-08-10,1,single,1.84,2018,8
6,61,True,84,34297934,,2acDkDTWdNFie1HjcFa4Ny,2018-08-10,19,album,3.15,2018,8
3,82,True,77,2812821,moombahton,13rZDYWdAeJumf6UYYBdcL,2018-08-10,14,album,2.94,2018,8
8,24,False,49,46586,"jazz, latin jazz",20kyUAdgJ3TxgO8cYlfACh,2018-08-10,23,album,1.92,2018,8
9,2,True,80,11004914,melodic rap,214f4uAY0p2KgY7Fl4fBgk,2018-08-10,14,album,4.26,2018,8
1,1,False,45,17684,,6RGo3x8m356uDSsoxRCKfw,2018-08-09,3,single,4.13,2018,8
8,64,True,89,41107596,rap,41GuZcammIkupMPKH2OJ6I,2018-08-03,17,album,3.86,2018,8
9,74,True,89,41119579,rap,41GuZcammIkupMPKH2OJ6I,2018-08-03,17,album,3.26,2018,8
11,77,True,89,41107596,rap,41GuZcammIkupMPKH2OJ6I,2018-08-03,17,album,2.38,2018,8
15,81,False,89,41119579,rap,41GuZcammIkupMPKH2OJ6I,2018-08-03,17,album,3.17,2018,8
13,77,True,89,41119579,rap,41GuZcammIkupMPKH2OJ6I,2018-08-03,17,album,3.3,2018,8
2,63,True,89,41107596,rap,41GuZcammIkupMPKH2OJ6I,2018-08-03,17,album,3.0,2018,8
13,76,True,71,12752220,melodic rap,7naY6j4wcgUxfHB98G79CW,2018-08-03,15,album,4.47,2018,8
10,62,True,89,41119579,rap,41GuZcammIkupMPKH2OJ6I,2018-08-03,17,album,2.61,2018,8
6,70,True,89,41119579,rap,41GuZcammIkupMPKH2OJ6I,2018-08-03,17,album,3.63,2018,8
16,67,True,89,41131037,rap,41GuZcammIkupMPKH2OJ6I,2018-08-03,17,album,3.63,2018,8
17,67,True,89,41119579,rap,41GuZcammIkupMPKH2OJ6I,2018-08-03,17,album,3.48,2018,8
14,67,True,89,41107596,rap,41GuZcammIkupMPKH2OJ6I,2018-08-03,17,album,2.94,2018,8
12,77,False,89,41119579,rap,41GuZcammIkupMPKH2OJ6I,2018-08-03,17,album,2.5,2018,8
4,64,True,89,41107596,rap,41GuZcammIkupMPKH2OJ6I,2018-08-03,17,album,3.09,2018,8
5,74,True,81,12173714,,5wtE5aLX5r7jOosmPhJhhk,2018-08-03,13,album,5.75,2018,8
3,82,True,89,41119579,rap,41GuZcammIkupMPKH2OJ6I,2018-08-03,17,album,5.21,2018,8
7,76,True,89,41131037,rap,41GuZcammIkupMPKH2OJ6I,2018-08-03,17,album,2.42,2018,8
1,73,True,89,41107596,rap,41GuZcammIkupMPKH2OJ6I,2018-08-03,17,album,4.51,2018,8
5,66,True,89,41107596,rap,41GuZcammIkupMPKH2OJ6I,2018-08-03,17,album,5.64,2018,8
1,72,False,66,5506553,,6hCR3zQtRH0IgookOYt771,2018-08-02,1,single,3.0,2018,8
1,60,True,73,12341870,,02drHFQa59AoJWU6DXSSjd,2018-07-27,1,single,4.33,2018,7
1,22,False,8,853,,6QINoUpbiDJgO0s8FRmKpV,2018-07-27,1,single,3.8,2018,7
1,37,True,64,5287445,melodic rap,3AUH2zQ2ywSUGTrRzKaODJ,2018-07-25,1,single,3.72,2018,7
4,33,True,48,264497,,1R5NwXzxNPMFcUQAeh0Tfn,2018-07-20,12,album,3.43,2018,7
5,39,False,48,264519,,1R5NwXzxNPMFcUQAeh0Tfn,2018-07-20,12,album,4.69,2018,7
16,32,False,47,21109,japanese vgm,7CY5mNBTBbHs1a4apdKCq6,2018-07-13,85,album,3.05,2018,7
1,71,False,60,638973,,5pCfjopxazLdvmLae6My9w,2018-07-13,1,single,3.88,2018,7
2,3,False,45,74230,,2MTyzjE1gqySm3kDUznUOk,2018-07-13,2,single,3.87,2018,7
1,71,False,73,1628440,,7pkLXlFdpQDfmHujT2AbBK,2018-07-12,1,single,2.89,2018,7
2,12,False,84,17380777,dream pop,66MRfhZmuTuyGCO1dJZTRB,2018-07-09,2,single,5.05,2018,7
3,0,True,0,127548,,20Jp8MaLDkKBUoWtOP70im,2018-06-30,7,album,4.86,2018,6
2,64,False,95,103067383,rap,1ATL5GLyefJaxhQzSPVrLX,2018-06-29,25,album,4.13,2018,6
1,58,True,95,103039388,rap,1ATL5GLyefJaxhQzSPVrLX,2018-06-29,25,album,2.26,2018,6
11,55,True,95,103067383,rap,1ATL5GLyefJaxhQzSPVrLX,2018-06-29,25,album,3.72,2018,6
7,65,True,95,103094105,rap,1ATL5GLyefJaxhQzSPVrLX,2018-06-29,25,album,2.62,2018,6
10,71,False,95,103126025,rap,1ATL5GLyefJaxhQzSPVrLX,2018-06-29,25,album,4.09,2018,6
3,59,True,95,103039388,rap,1ATL5GLyefJaxhQzSPVrLX,2018-06-29,25,album,3.08,2018,6
4,66,True,95,103039388,rap,1ATL5GLyefJaxhQzSPVrLX,2018-06-29,25,album,5.03,2018,6
12,54,True,95,103067383,rap,1ATL5GLyefJaxhQzSPVrLX,2018-06-29,25,album,3.66,2018,6
5,74,False,95,103067383,rap,1ATL5GLyefJaxhQzSPVrLX,2018-06-29,25,album,3.03,2018,6
13,52,True,95,103067383,rap,1ATL5GLyefJaxhQzSPVrLX,2018-06-29,25,album,5.15,2018,6
8,66,True,95,103067383,rap,1ATL5GLyefJaxhQzSPVrLX,2018-06-29,25,album,3.41,2018,6
4,77,True,95,103094105,rap,1ATL5GLyefJaxhQzSPVrLX,2018-06-29,25,album,3.51,2018,6
9,83,False,81,5276981,dancehall,5xrOcCoO3jkXRjHQjfESM6,2018-06-29,9,album,3.68,2018,6
2,76,True,95,103039388,rap,1ATL5GLyefJaxhQzSPVrLX,2018-06-29,25,album,3.97,2018,6
7,63,True,95,103094105,rap,1ATL5GLyefJaxhQzSPVrLX,2018-06-29,25,album,3.26,2018,6
11,57,True,95,103039388,rap,1ATL5GLyefJaxhQzSPVrLX,2018-06-29,25,album,4.82,2018,6
1,74,True,75,4155089,,0YZLXTaHLcgl5UdtKDiUXD,2018-06-29,1,single,3.27,2018,6
8,59,True,95,103039388,rap,1ATL5GLyefJaxhQzSPVrLX,2018-06-29,25,album,2.71,2018,6
9,65,True,95,103039388,rap,1ATL5GLyefJaxhQzSPVrLX,2018-06-29,25,album,2.73,2018,6
1,62,True,95,103039388,rap,1ATL5GLyefJaxhQzSPVrLX,2018-06-29,25,album,3.43,2018,6
6,50,True,95,103039388,rap,1ATL5GLyefJaxhQzSPVrLX,2018-06-29,25,album,3.45,2018,6
10,66,True,95,103039388,rap,1ATL5GLyefJaxhQzSPVrLX,2018-06-29,25,album,3.6,2018,6
5,83,True,95,103094105,rap,1ATL5GLyefJaxhQzSPVrLX,2018-06-29,25,album,3.31,2018,6
6,63,True,95,103039388,rap,1ATL5GLyefJaxhQzSPVrLX,2018-06-29,25,album,3.57,2018,6
9,73,True,95,103039388,rap,1ATL5GLyefJaxhQzSPVrLX,2018-06-29,25,album,3.63,2018,6
12,55,True,95,103039388,rap,1ATL5GLyefJaxhQzSPVrLX,2018-06-29,25,album,3.78,2018,6
3,72,True,95,103094105,rap,1ATL5GLyefJaxhQzSPVrLX,2018-06-29,25,album,4.37,2018,6
1,43,False,51,137609,,67kzmAbAwzOWcLONoB8cg1,2018-06-28,1,single,1.14,2018,6
14,70,False,75,9837715,,4TOkZvtqNpg5UHyGxCn0mS,2018-06-22,14,album,2.73,2018,6
4,79,False,76,12721192,emo,6ApYSpXF8GxZAgBTHDzYge,2018-06-22,11,album,3.18,2018,6
2,44,True,81,25957976,,6oRrfGcUeAwfX1lTdxZFFj,2018-06-22,2,single,4.22,2018,6
2,70,False,75,9837715,,4TOkZvtqNpg5UHyGxCn0mS,2018-06-22,14,album,3.25,2018,6
2,67,False,66,3203185,country,0g1F5eGVwX4Sxi1n8ojPkE,2018-06-22,11,album,3.27,2018,6
1,2,False,58,97875,,47hMwqG7KVLVzyMjgYUqxM,2018-06-22,1,single,2.73,2018,6
1,0,False,34,24486,"organic house, downtempo",6dfRxH2hNzmQuk8a9T2m2q,2018-06-22,9,album,6.81,2018,6
7,67,False,66,3203185,country,0g1F5eGVwX4Sxi1n8ojPkE,2018-06-22,11,album,3.55,2018,6
1,54,False,51,58351,,55owwkfWzhEIEVocYhqD0c,2018-06-22,1,single,1.93,2018,6
1,58,False,77,27289523,,4N04d4lvre3E3IbXugDWcA,2018-06-21,1,single,3.29,2018,6
3,63,False,85,45764832,pop,1Li4rADxSxjT2g4xqUcMYh,2018-06-15,22,album,3.17,2018,6
2,72,False,85,45771951,pop,1Li4rADxSxjT2g4xqUcMYh,2018-06-15,22,album,3.33,2018,6
1,65,False,74,15121577,"edm, progressive house, electronica",1XQ6XbZ6ZM1V5iEtWlYDeH,2018-06-15,1,single,3.6,2018,6
6,0,True,48,516428,"riot grrrl, queercore",1R2Ky437vHsCBUGwKoVcmK,2018-06-15,11,album,2.0,2018,6
1,0,False,48,516419,"riot grrrl, queercore",1R2Ky437vHsCBUGwKoVcmK,2018-06-15,11,album,3.94,2018,6
15,74,True,85,45764832,pop,1Li4rADxSxjT2g4xqUcMYh,2018-06-15,22,album,3.9,2018,6
14,70,False,85,45771951,pop,1Li4rADxSxjT2g4xqUcMYh,2018-06-15,22,album,3.57,2018,6
3,38,False,38,7287,,2Q3JmoP3Ks61sf1GeaQCxB,2018-06-15,5,single,3.11,2018,6
13,70,False,76,10246594,,2D0Hi3Jj6RFnpWDcSa0Otu,2018-06-15,16,album,3.29,2018,6
16,65,True,85,45771951,pop,3ThQ5dvf9wlqB0C7evh5nH,2018-06-15,16,album,3.92,2018,6
1,80,False,75,10246277,,2D0Hi3Jj6RFnpWDcSa0Otu,2018-06-15,16,album,3.39,2018,6
1,21,False,40,8405,,3VV1HoS6ZW4WxHAEA1M6ed,2018-06-14,1,single,3.36,2018,6
6,65,True,67,1948451,,28AjCPTvrM4gQIiwo0CEOE,2018-06-08,10,album,2.33,2018,6
1,77,False,62,315473,,1c79SozES9Eb3Lzf9KVaIa,2018-06-08,1,single,3.07,2018,6
1,71,True,55,608869,,0boA7GUGSxOMWwdnnTR0yI,2018-06-08,3,single,3.1,2018,6
1,70,False,85,39777995,latin pop,1h1hnfRyc45IIDnxUCaGIf,2018-06-08,1,single,3.86,2018,6
1,69,False,73,8768495,bedroom pop,0UvjTChu7cW8uJ6Cwp8173,2018-06-08,1,single,3.3,2018,6
6,64,False,73,3771062,"metal, hard rock",6128JCa2uBqHWia5AzJOKV,2018-06-01,10,album,3.66,2018,6
6,79,True,89,31038851,rap,2Ek1q2haOnxVqhvVKqMvJe,2018-06-01,7,album,4.52,2018,6
1,53,False,71,1826080,"dream pop, shoegaze, slowcore",4bpU9t9wzqJcIg40bmMf3K,2018-06-01,4,single,4.25,2018,6
4,0,False,35,24505,,07w3dclT3ZkZSTBhYlqW88,2018-06-01,12,album,2.24,2018,6
6,19,True,43,124262,art pop,0hox2EUyClXESGW5BupW8F,2018-06-01,14,album,1.0,2018,6
8,40,True,43,124259,art pop,0hox2EUyClXESGW5BupW8F,2018-06-01,14,album,3.31,2018,6
12,0,False,35,24497,,07w3dclT3ZkZSTBhYlqW88,2018-06-01,12,album,3.2,2018,6
3,68,True,89,31059657,rap,2Ek1q2haOnxVqhvVKqMvJe,2018-06-01,7,album,2.42,2018,6
1,41,True,39,5708,,1c8FHrBnt1gBiU57SSHjHu,2018-06-01,1,single,3.73,2018,6
1,2,False,73,6816695,,7lqieLm717j9Z8JrG7POkS,2018-05-31,17,album,3.29,2018,5
1,48,False,77,8585717,latin,2O7Zu2OPZzqehwh1wiO764,2018-05-30,1,single,2.49,2018,5
6,70,False,81,45700057,,2VP96XdMOKTXefI8Nui23s,2018-05-25,14,album,3.35,2018,5
2,76,False,86,39108338,"reggaeton, latin",5kprdYds6oZb4iSldfflOT,2018-05-25,14,album,3.08,2018,5
5,79,True,82,17326256,rap,3MATDdrpHmQCmuOcozZjDa,2018-05-25,15,album,3.41,2018,5
1,59,False,72,3877645,tropical house,3KjCdhPbjbLptyJzviKu4P,2018-05-25,1,single,3.24,2018,5
4,66,True,82,17333176,rap,3MATDdrpHmQCmuOcozZjDa,2018-05-25,15,album,3.21,2018,5
11,0,False,81,45706269,,6AjREacSERvnQTe6GFTx3c,2018-05-25,14,album,3.18,2018,5
1,0,False,81,45700057,,6AjREacSERvnQTe6GFTx3c,2018-05-25,14,album,3.52,2018,5
15,62,True,58,1119776,,2c1ipXPsfn6ylm6PrQNuDU,2018-05-18,15,album,4.2,2018,5
1,67,True,80,7979622,"edm, trance, big room",0vRcQquqBlFvnezWldWfmt,2018-05-18,1,single,3.59,2018,5
13,74,True,84,21656185,,7yf9ZJyHRbp8sHtpDKfPpt,2018-05-18,17,album,4.11,2018,5
5,75,True,84,21644763,,7yf9ZJyHRbp8sHtpDKfPpt,2018-05-18,17,album,2.37,2018,5
5,70,False,67,4106519,,08cprzGPjtLDvKMwtQh93R,2018-05-18,14,album,3.02,2018,5
1,65,False,81,53267200,,4RpgjxgSxcRwGNuWnImneN,2018-05-18,20,compilation,3.5,2018,5
5,63,True,69,3563926,melodic rap,1hTrdWpdPEeXHQWc9GmpxZ,2018-05-18,12,album,3.25,2018,5
1,68,False,74,5973844,,1q7a5wZeti0neU2jDn8Dz3,2018-05-17,1,single,3.71,2018,5
1,68,True,78,7315854,,0yd01cU78rnlFXq6vRxPSR,2018-05-16,1,single,3.88,2018,5
1,48,True,82,15695162,"emo rap, cloud rap",3DoW9KcHndntkq2Xq5Bzm7,2018-05-14,1,single,3.48,2018,5
2,87,False,79,25301942,"soft pop, pop",0mZIUXje90JtHxPNzWsJNR,2018-05-11,13,album,3.47,2018,5
17,62,True,86,15031490,rage rap,7dAm8ShwJLFm9SaJ6Yc58O,2018-05-11,19,album,3.63,2018,5
19,58,True,86,15031490,rage rap,7dAm8ShwJLFm9SaJ6Yc58O,2018-05-11,19,album,2.21,2018,5
5,70,False,80,25306511,"soft pop, pop",0mZIUXje90JtHxPNzWsJNR,2018-05-11,13,album,3.0,2018,5
10,74,True,86,15026799,rage rap,7dAm8ShwJLFm9SaJ6Yc58O,2018-05-11,19,album,3.43,2018,5
14,66,True,86,15031490,rage rap,7dAm8ShwJLFm9SaJ6Yc58O,2018-05-11,19,album,3.23,2018,5
11,68,True,86,15031490,rage rap,7dAm8ShwJLFm9SaJ6Yc58O,2018-05-11,19,album,2.38,2018,5
9,62,True,86,15026799,rage rap,7dAm8ShwJLFm9SaJ6Yc58O,2018-05-11,19,album,2.7,2018,5
4,77,False,80,25310805,"soft pop, pop",0mZIUXje90JtHxPNzWsJNR,2018-05-11,13,album,3.34,2018,5
3,65,True,86,15031490,rage rap,7dAm8ShwJLFm9SaJ6Yc58O,2018-05-11,19,album,2.95,2018,5
8,60,True,86,15031490,rage rap,7dAm8ShwJLFm9SaJ6Yc58O,2018-05-11,19,album,4.49,2018,5
12,58,True,86,15021860,rage rap,7dAm8ShwJLFm9SaJ6Yc58O,2018-05-11,19,album,3.6,2018,5
2,71,True,86,15021860,rage rap,7dAm8ShwJLFm9SaJ6Yc58O,2018-05-11,19,album,3.2,2018,5
18,63,True,86,15021860,rage rap,7dAm8ShwJLFm9SaJ6Yc58O,2018-05-11,19,album,2.68,2018,5
7,64,True,86,15031490,rage rap,7dAm8ShwJLFm9SaJ6Yc58O,2018-05-11,19,album,3.45,2018,5
6,76,True,86,15031490,rage rap,7dAm8ShwJLFm9SaJ6Yc58O,2018-05-11,19,album,2.56,2018,5
1,75,True,86,15026799,rage rap,7dAm8ShwJLFm9SaJ6Yc58O,2018-05-11,19,album,3.52,2018,5
5,65,True,86,15026799,rage rap,7dAm8ShwJLFm9SaJ6Yc58O,2018-05-11,19,album,3.0,2018,5
16,62,True,86,15031490,rage rap,7dAm8ShwJLFm9SaJ6Yc58O,2018-05-11,19,album,2.28,2018,5
13,63,True,86,15021860,rage rap,7dAm8ShwJLFm9SaJ6Yc58O,2018-05-11,19,album,2.49,2018,5
15,64,True,86,15037198,rage rap,7dAm8ShwJLFm9SaJ6Yc58O,2018-05-11,19,album,3.65,2018,5
4,61,True,86,15031490,rage rap,7dAm8ShwJLFm9SaJ6Yc58O,2018-05-11,19,album,2.25,2018,5
1,70,False,81,53267200,,3N7eWDCvfWv34xWNohdHjO,2018-05-10,1,single,3.46,2018,5
1,70,True,60,284847,dark r&b,0wylw2oByuJ6xLF3j0QoKL,2018-05-09,1,single,2.86,2018,5
3,82,False,79,12544566,,5kFjYk3umY8Pu1lymIJLVy,2018-05-08,10,album,3.61,2018,5
1,63,False,79,12552680,,5kFjYk3umY8Pu1lymIJLVy,2018-05-08,10,album,2.76,2018,5
1,66,True,78,14561716,,7arx9qPJexCsDz67El4qvk,2018-05-06,1,single,3.76,2018,5
7,61,True,69,7767068,,4vLYreWxd2ptOAzPwTyBI3,2018-05-04,27,album,5.53,2018,5
4,73,True,84,14950457,,6ee8lju8zGwQ6Pkr5tZSts,2018-04-27,13,album,2.15,2018,4
7,66,True,86,47722935,"pop, hip hop, country",6trNtQUgC8cgbWcqoMYkOR,2018-04-27,18,album,4.11,2018,4
8,55,False,85,47716988,"pop, hip hop, country",6A6weHMYzpMdFyLwCBCOiS,2018-04-27,18,album,3.69,2018,4
8,74,True,86,47720209,"pop, hip hop, country",6trNtQUgC8cgbWcqoMYkOR,2018-04-27,18,album,3.69,2018,4
1,64,False,64,540669,,0CibAyYN112OULmO1Rhpsv,2018-04-27,6,single,3.37,2018,4
6,81,True,85,47716988,"pop, hip hop, country",6trNtQUgC8cgbWcqoMYkOR,2018-04-27,18,album,3.63,2018,4
18,61,True,86,47722935,"pop, hip hop, country",6trNtQUgC8cgbWcqoMYkOR,2018-04-27,18,album,3.8,2018,4
11,61,True,85,47716988,"pop, hip hop, country",6trNtQUgC8cgbWcqoMYkOR,2018-04-27,18,album,3.8,2018,4
10,78,False,75,12845551,,7lPoGKpCGgdKFAxpudhAH5,2018-04-27,18,album,3.11,2018,4
16,65,True,86,47720209,"pop, hip hop, country",6trNtQUgC8cgbWcqoMYkOR,2018-04-27,18,album,3.52,2018,4
9,80,True,86,47722935,"pop, hip hop, country",6trNtQUgC8cgbWcqoMYkOR,2018-04-27,18,album,3.85,2018,4
13,59,False,86,47720209,"pop, hip hop, country",6trNtQUgC8cgbWcqoMYkOR,2018-04-27,18,album,4.36,2018,4
21,0,False,53,811009,country,1HznbldDRkwkk0afar75sI,2018-04-27,23,compilation,4.9,2018,4
2,75,False,61,963894,,1TTxcgs3zEngN0EB56yXzY,2018-04-20,10,album,3.6,2018,4
1,69,False,51,58333,,05Ng00IfiS6xeyQX8WtjHU,2018-04-20,1,single,2.33,2018,4
1,87,False,90,118692183,"alternative pop, electropop, dark pop",2sBB17RXTamvj7Ncps15AK,2018-04-19,1,single,3.33,2018,4
1,31,False,40,149033,"alternative r&b, art pop",0IISH2eLnsPMmjjNwZEElq,2018-04-18,1,single,3.91,2018,4
24,0,False,50,38492,,46TIniSnvWc8fLVzY7H0kB,2018-04-17,24,album,3.24,2018,4
8,0,False,50,38492,,46TIniSnvWc8fLVzY7H0kB,2018-04-17,24,album,2.02,2018,4
1,22,False,54,604003,,6BuQEaqFHDS1u0qwf0Mykg,2018-04-13,26,album,0.64,2018,4
25,25,False,54,640655,,2HboT8LZZ1ur8IHxyTRkIL,2018-04-13,28,compilation,3.83,2018,4
1,74,True,67,5576392,reggaeton,42wLKnuGyBLGWwH89lnimL,2018-04-13,1,single,6.96,2018,4
1,24,False,40,24204,,7himQScNwa5vdMEHRAmngZ,2018-04-13,22,album,1.18,2018,4
4,76,False,74,7052478,"country, acoustic country",0m3ZCK4dSvyq6KUzEWdMhE,2018-04-13,15,album,3.22,2018,4
14,71,True,66,5506705,,5EEkfRgfYHiFu0lGur6Z6M,2018-04-12,16,album,2.18,2018,4
1,46,False,32,29207,,60PSfBhVSZFJj302rOs4DY,2018-04-09,1,single,2.89,2018,4
13,80,False,83,9472867,,4EPQtdq6vvwxuYeQTrwDVY,2018-04-06,15,album,3.45,2018,4
10,61,True,81,25957976,,4KdtEKjY3Gi0mKiSdy96ML,2018-04-06,13,album,3.73,2018,4
5,69,True,81,25957976,,4KdtEKjY3Gi0mKiSdy96ML,2018-04-06,13,album,3.51,2018,4
6,50,True,81,25953771,,4KdtEKjY3Gi0mKiSdy96ML,2018-04-06,13,album,4.74,2018,4
3,51,True,81,25953771,,4KdtEKjY3Gi0mKiSdy96ML,2018-04-06,13,album,3.02,2018,4
4,72,True,81,25956015,,4KdtEKjY3Gi0mKiSdy96ML,2018-04-06,13,album,3.72,2018,4
9,53,True,81,25953771,,4KdtEKjY3Gi0mKiSdy96ML,2018-04-06,13,album,3.81,2018,4
1,79,False,84,23078931,edm,7GEzhoTiqcPYkOprWQu581,2018-04-06,1,single,3.58,2018,4
7,74,False,83,9469943,,4EPQtdq6vvwxuYeQTrwDVY,2018-04-06,15,album,3.32,2018,4
2,55,True,81,25957976,,4KdtEKjY3Gi0mKiSdy96ML,2018-04-06,13,album,4.37,2018,4
1,57,True,81,25960760,,4KdtEKjY3Gi0mKiSdy96ML,2018-04-06,13,album,3.85,2018,4
13,62,True,81,25956015,,4KdtEKjY3Gi0mKiSdy96ML,2018-04-06,13,album,3.33,2018,4
7,79,True,81,25956015,,4KdtEKjY3Gi0mKiSdy96ML,2018-04-06,13,album,4.22,2018,4
4,79,True,70,1371355,,7vXiklrUeffx5o2F8VYwm3,2018-04-06,13,album,2.53,2018,4
7,8,False,40,28312,"synthwave, chillwave, vaporwave",7sQMtl5XhwneVW3GukpCEv,2018-04-06,13,album,5.47,2018,4
8,67,True,81,25956015,,4KdtEKjY3Gi0mKiSdy96ML,2018-04-06,13,album,2.95,2018,4
11,55,True,81,25957976,,4KdtEKjY3Gi0mKiSdy96ML,2018-04-06,13,album,3.84,2018,4
12,71,True,81,25957976,,4KdtEKjY3Gi0mKiSdy96ML,2018-04-06,13,album,3.14,2018,4
3,1,False,61,324920,,0S4Y2Jnwf3tjQRlcKTsGUE,2018-04-05,5,single,3.92,2018,4
1,0,False,61,325311,,0S4Y2Jnwf3tjQRlcKTsGUE,2018-04-05,5,single,2.77,2018,4
1,57,True,59,106664,,5FCGsaqNKaYRPkqGCLcefN,2018-04-04,1,single,1.01,2018,4
5,70,True,93,112918137,"r&b pop, alternative r&b, hip hop, synthpop",4qZBW3f2Q8y0k1A84d4iAO,2018-03-30,7,album,3.83,2018,3
4,82,False,93,112918137,"r&b pop, alternative r&b, hip hop, synthpop",4qZBW3f2Q8y0k1A84d4iAO,2018-03-30,7,album,4.01,2018,3
3,49,False,54,1643656,,2oRkkW6ZudviRBd6mx4CfL,2018-03-30,13,album,3.65,2018,3
2,58,True,63,3479471,trap,1Hno6CtKbaFNAEPjRHDrc6,2018-03-30,15,album,3.19,2018,3
1,74,True,90,118760311,"alternative pop, electropop, dark pop",1Z0XtKcevvITZ5ydimkYcx,2018-03-30,1,single,2.94,2018,3
1,85,False,93,112918137,"r&b pop, alternative r&b, hip hop, synthpop",4qZBW3f2Q8y0k1A84d4iAO,2018-03-30,7,album,3.8,2018,3
8,79,True,86,34742256,,54tInqO543zy0Y5F2VsUQI,2018-03-30,13,album,3.18,2018,3
5,66,True,64,3479963,trap,1Hno6CtKbaFNAEPjRHDrc6,2018-03-30,15,album,2.92,2018,3
7,26,False,58,78550,anime,1RITWu5USu7lcphTyWh6FY,2018-03-28,47,album,2.33,2018,3
3,27,False,58,78550,anime,1RITWu5USu7lcphTyWh6FY,2018-03-28,47,album,2.4,2018,3
1,49,False,49,34667,soundtrack,1SHBTtjQvdlrWt3y7rtaHn,2018-03-27,31,album,3.4,2018,3
12,47,False,49,34675,soundtrack,1SHBTtjQvdlrWt3y7rtaHn,2018-03-27,31,album,3.13,2018,3
18,36,False,59,1198145,"country, classic country",488SJLMO6mjBT9yKN23H1r,2018-03-26,25,compilation,3.89,2018,3
8,70,False,68,4312223,,2NaulYO6lGXTyIzWTJvRJj,2018-03-23,11,album,3.52,2018,3
1,46,False,56,55249,medieval,0xhIDcWedKalYBS9WjHk8E,2018-03-23,42,album,3.65,2018,3
7,53,False,55,226784,,17lrjQt4jEcU3YN41qocce,2018-03-23,18,album,2.94,2018,3
4,0,False,56,55191,medieval,075yunM0zgzQvPk2oqSLaN,2018-03-23,42,album,2.28,2018,3
4,74,False,68,4312205,,2NaulYO6lGXTyIzWTJvRJj,2018-03-23,11,album,3.35,2018,3
18,0,False,56,55191,medieval,54geghZhUleSbVnZEWE8Kx,2018-03-23,42,album,3.71,2018,3
1,63,False,87,27143729,edm,3B8J3BMp7lMA5YR5bUXHGK,2018-03-22,1,single,3.25,2018,3
1,73,True,59,2046209,,4CaoXfwBemXYSLxhS9FyXM,2018-03-16,1,single,3.61,2018,3
15,73,False,83,51710210,emo rap,2Ti79nwTsont5ZHfdxIzAm,2018-03-16,18,album,2.03,2018,3
16,81,True,83,51719064,emo rap,2Ti79nwTsont5ZHfdxIzAm,2018-03-16,18,album,1.84,2018,3
4,79,True,83,51719064,emo rap,2Ti79nwTsont5ZHfdxIzAm,2018-03-16,18,album,2.77,2018,3
1,74,False,72,9462835,,5L0bixsyXEkomsyucUySjy,2018-03-16,1,single,3.35,2018,3
3,82,True,83,51719064,emo rap,2Ti79nwTsont5ZHfdxIzAm,2018-03-16,18,album,2.25,2018,3
1,47,False,80,22392682,,190COxDpvoXiXx7a9WofgJ,2018-03-15,1,single,3.45,2018,3
1,0,True,9,2827,,43A4x3Yg65EwqafMTyStGE,2018-03-14,1,single,2.58,2018,3
4,43,True,49,171981,ambient folk,7x2x5b3TNBaiQqlKUwlNVM,2018-03-10,11,album,3.87,2018,3
4,79,False,73,6168229,soft pop,6Vip5A5NmEazvKuxj6GLYf,2018-03-09,14,album,3.4,2018,3
1,0,False,43,71486,,6PLQWrmCo4IDIbfaIP2hAE,2018-03-09,1,single,2.73,2018,3
7,80,False,73,6168229,soft pop,6Vip5A5NmEazvKuxj6GLYf,2018-03-09,14,album,4.33,2018,3
18,68,True,61,548736,,3PE60QLwMWd92LYRAEcuml,2018-03-09,21,album,3.66,2018,3
4,36,False,25,7633,neoclassical,21b5fZoWgWMw1aU2UnqzZ6,2018-03-09,7,album,3.83,2018,3
1,43,False,42,61399,,1oXWxbM8MIW61D8YuRhQwP,2018-03-02,2,single,4.6,2018,3
1,50,False,53,319831,,4I8BEAiq1kPqRRlvWLTo5B,2018-03-02,8,album,1.94,2018,3
1,2,True,58,343014,dark r&b,0ml5u2WtFvgvpPqCTyCZ9d,2018-03-02,1,single,3.7,2018,3
1,74,True,73,8763286,bedroom pop,14cEutEbb3i2vDp3ZopdJf,2018-03-02,1,single,3.41,2018,3
1,3,False,69,2325598,"bedroom pop, indie pop",75IgpYGNlc8KmwZ9FlTtJg,2018-02-28,1,single,3.58,2018,2
3,0,False,37,11476,anime,1dsctUhpK4gUIlQzcoqeSr,2018-02-28,3,single,1.71,2018,2
4,51,False,62,3072874,,2rQu10gUgBVYzgsitDZNyU,2018-02-23,14,album,3.56,2018,2
1,0,False,43,115851,melodic house,7tWSUsZ02zzKE6wi2Eg4Tl,2018-02-16,3,single,5.01,2018,2
1,63,False,63,3148347,latin pop,1jHSAfCHKUFx5imuezI7HE,2018-02-16,1,single,3.35,2018,2
1,73,True,81,10642618,,6ZksrxRWlJ7ExylPyJwfLJ,2018-02-14,16,album,3.36,2018,2
1,73,True,82,16943442,,4CEAev7neETRdqBFtzA8B9,2018-02-14,1,single,3.36,2018,2
1,1,False,52,265495,,1QP3qNaDwOJByK4D0WHOFE,2018-02-14,1,single,2.95,2018,2
2,78,False,73,3571100,indie,7GjVWG39IOj4viyWplJV4H,2018-02-09,10,album,4.99,2018,2
1,57,True,53,1434846,,0U1z1O34BBgq19Xlbrz42C,2018-02-09,1,single,3.02,2018,2
2,89,True,89,44592005,"hip hop, west coast hip hop",3pLdWdkj83EYfDN6H2N8MR,2018-02-09,14,album,3.86,2018,2
3,59,True,72,5039779,,3pLdWdkj83EYfDN6H2N8MR,2018-02-09,14,album,4.45,2018,2
1,67,False,60,597593,,3F83QiIRImUneMzZdSaTTM,2018-02-09,1,single,3.96,2018,2
14,67,True,93,112918137,"r&b pop, alternative r&b, hip hop, synthpop",3pLdWdkj83EYfDN6H2N8MR,2018-02-09,14,album,3.52,2018,2
1,17,True,80,34476607,edm,1BmxOYHjQv1dKZRr13YRZM,2018-02-09,1,single,3.37,2018,2
15,0,False,50,85930,,4igmS7y7gq0oNwIeH9QSlz,2018-02-02,16,album,2.58,2018,2
3,49,False,74,8493078,,3PYA0lKJUKoKhYkVSLDyDb,2018-02-02,7,album,2.64,2018,2
5,58,False,74,8493078,,3PYA0lKJUKoKhYkVSLDyDb,2018-02-02,7,album,3.17,2018,2
9,68,False,81,15820264,,01l3jTY261V3CESZR4dABz,2018-02-02,16,album,4.64,2018,2
1,62,True,68,6051989,,2pTyjuQ1d1d79Chhknoa2h,2018-02-02,13,album,2.42,2018,2
4,0,False,69,2185005,neo-psychedelic,42j41uUwuHZT3bnedq2XtM,2018-01-26,10,album,4.42,2018,1
6,71,True,74,14641094,trap,7fd7SEK25VS3gJAUgSwL6y,2018-01-26,24,album,4.6,2018,1
17,66,True,74,14636928,trap,7fd7SEK25VS3gJAUgSwL6y,2018-01-26,24,album,5.05,2018,1
1,0,False,55,274187,,6nXSM1x02d8K6Vh5WCfHln,2018-01-26,1,single,6.87,2018,1
11,0,True,25,72476,"riot grrrl, queercore",5mv7rhnCcP3BUYP1jTA6Z4,2018-01-26,11,album,3.84,2018,1
7,0,False,35,24497,,2Xsi4yAZlns7LYFE6BTV3D,2018-01-25,12,album,2.54,2018,1
1,60,False,42,28498,,4VpZ0Le2LUhUYERoNUtRZd,2018-01-24,1,single,4.16,2018,1
1,77,False,73,6111369,edm,7nEiwcUSwycvC77kZ9ub7c,2018-01-23,1,single,3.07,2018,1
1,1,True,95,103094105,rap,2YDNDwQvsU0njt7Kq0xNRY,2018-01-20,2,single,3.31,2018,1
1,24,True,47,307529,,0DZ4J5NGNEPbfUbKxGM3wN,2018-01-20,1,single,2.55,2018,1
1,9,False,2,1272,,4GsHS66kU5jqu8JFAM78AY,2018-01-19,1,single,7.21,2018,1
3,37,False,46,409356,,2cNdx2Guop1r7MT8dBucEd,2018-01-19,4,single,3.74,2018,1
1,68,False,68,1409983,,2sjjFDjZSCYD5eBCsi0fDW,2018-01-19,1,single,3.51,2018,1
1,3,False,62,891423,metal,768Mgdrb3yUmNJ4HW4IJOL,2018-01-19,1,single,4.24,2018,1
1,69,False,85,37813429,"reggaeton, latin",1copqxpiZy0dn219MSyPR7,2018-01-18,1,single,3.34,2018,1
6,57,False,78,35576126,,2vD3zSQr8hNlg0obNel4TE,2018-01-12,11,album,2.97,2018,1
10,26,False,62,2118629,jam band,6uFGiNNxdkOm03Nd3cEHxG,2018-01-12,21,compilation,5.22,2018,1
21,0,False,0,31,,6uFGiNNxdkOm03Nd3cEHxG,2018-01-12,21,compilation,0.21,2018,1
2,51,False,78,35579266,,2vD3zSQr8hNlg0obNel4TE,2018-01-12,11,album,2.73,2018,1
14,0,False,44,271107,"psychedelic rock, baroque pop, acid rock, proto-punk",6uFGiNNxdkOm03Nd3cEHxG,2018-01-12,21,compilation,3.31,2018,1
16,15,False,61,644963,,1VL0K2cUyM7TR9jM0rfdvI,2018-01-12,17,album,3.54,2018,1
11,40,False,65,1373052,,2YYAbfaPZGY0sZNdMVsr20,2018-01-12,12,album,2.32,2018,1
3,14,False,65,1436323,,6uFGiNNxdkOm03Nd3cEHxG,2018-01-12,21,compilation,3.54,2018,1
1,77,False,78,35579266,,2vD3zSQr8hNlg0obNel4TE,2018-01-12,11,album,3.78,2018,1
11,44,False,78,35576126,,2vD3zSQr8hNlg0obNel4TE,2018-01-12,11,album,3.78,2018,1
1,47,False,65,1373052,,2YYAbfaPZGY0sZNdMVsr20,2018-01-12,12,album,3.87,2018,1
2,0,True,67,3178420,,6uFGiNNxdkOm03Nd3cEHxG,2018-01-12,21,compilation,3.63,2018,1
4,79,False,78,35576126,,2vD3zSQr8hNlg0obNel4TE,2018-01-12,11,album,3.62,2018,1
9,48,False,78,35582423,,2vD3zSQr8hNlg0obNel4TE,2018-01-12,11,album,3.66,2018,1
5,44,False,78,35582423,,2vD3zSQr8hNlg0obNel4TE,2018-01-12,11,album,3.04,2018,1
10,47,False,78,35582423,,2vD3zSQr8hNlg0obNel4TE,2018-01-12,11,album,2.92,2018,1
1,67,True,69,1632880,,1NXM5lF9YB7a3f1e4R48oH,2018-01-12,1,single,3.82,2018,1
7,53,False,78,35582423,,2vD3zSQr8hNlg0obNel4TE,2018-01-12,11,album,3.57,2018,1
3,28,False,51,236530,,5nwcMFsg6l1JJXmnHtrH0T,2018-01-12,4,single,3.86,2018,1
3,54,False,78,35576126,,2vD3zSQr8hNlg0obNel4TE,2018-01-12,11,album,2.95,2018,1
8,54,False,78,35582423,,2vD3zSQr8hNlg0obNel4TE,2018-01-12,11,album,3.93,2018,1
15,10,False,42,7573,"classical, orchestral",6uFGiNNxdkOm03Nd3cEHxG,2018-01-12,21,compilation,2.16,2018,1
16,23,False,37,49720,"bluegrass, newgrass, americana",6uFGiNNxdkOm03Nd3cEHxG,2018-01-12,21,compilation,2.54,2018,1
11,38,False,34,4722,,0dI3DcRX27ovAqUgSkyxlJ,2018-01-09,18,album,0.93,2018,1
1,60,True,89,44592005,"hip hop, west coast hip hop",3mau89iBea8nCPw3I8kKAk,2018-01-04,1,single,3.92,2018,1
1,1,False,65,1856763,,4AJbHyDx1Fu8mYxlcj6K8F,2018-01-01,1,single,2.73,2018,1
5,66,False,90,118692183,"alternative pop, electropop, dark pop",7fRrTyKvE4Skh93v97gtcU,2017-12-22,9,single,3.41,2017,12
3,71,False,90,118692183,"alternative pop, electropop, dark pop",7fRrTyKvE4Skh93v97gtcU,2017-12-22,9,single,2.84,2017,12
7,82,False,90,118692183,"alternative pop, electropop, dark pop",7fRrTyKvE4Skh93v97gtcU,2017-12-22,9,single,3.33,2017,12
1,71,False,90,118760311,"alternative pop, electropop, dark pop",7fRrTyKvE4Skh93v97gtcU,2017-12-22,9,single,3.24,2017,12
4,79,False,90,118692183,"alternative pop, electropop, dark pop",7fRrTyKvE4Skh93v97gtcU,2017-12-22,9,single,2.95,2017,12
9,59,False,90,118728633,"alternative pop, electropop, dark pop",7fRrTyKvE4Skh93v97gtcU,2017-12-22,9,single,2.98,2017,12
1,63,True,50,211275,"dark r&b, trap soul",1A6QhQTbPPI2LC2dgwBmZB,2017-12-22,1,single,3.91,2017,12
6,69,False,90,118692183,"alternative pop, electropop, dark pop",7fRrTyKvE4Skh93v97gtcU,2017-12-22,9,single,2.98,2017,12
8,74,False,90,118760311,"alternative pop, electropop, dark pop",7fRrTyKvE4Skh93v97gtcU,2017-12-22,9,single,3.82,2017,12
2,78,False,90,118692183,"alternative pop, electropop, dark pop",7fRrTyKvE4Skh93v97gtcU,2017-12-22,9,single,3.39,2017,12
1,55,True,54,1200041,,6FED8aeieEnUWwQqAO9zT1,2017-12-21,13,album,2.47,2017,12
1,75,False,90,75492598,,3mumK2ar9b4JPhVOZR0V2p,2017-12-20,1,single,3.62,2017,12
1,58,False,78,35576126,,3HR8mnPQ7Go27WPMTNR2um,2017-12-17,1,single,3.78,2017,12
1,59,True,59,935460,,54OXaFd0PtGtAgauTmARkD,2017-12-15,11,album,3.66,2017,12
7,67,True,74,6295376,,1VAc77UvK5wj8ZSWCo3V2b,2017-12-15,20,album,4.08,2017,12
5,71,True,88,104559284,"rap, hip hop",0U6ldwLBEMkwgfQRY4V6D2,2017-12-15,19,album,3.68,2017,12
3,80,True,74,6294820,,1VAc77UvK5wj8ZSWCo3V2b,2017-12-15,20,album,4.48,2017,12
1,56,False,90,118728633,"alternative pop, electropop, dark pop",6eQpKhYCtvD0TwXQVHsgC2,2017-12-15,1,single,2.98,2017,12
16,0,False,71,1605820,soundtrack,4zmROzWp6hr8nb1FEUUb3D,2017-12-15,20,album,6.79,2017,12
1,69,False,87,33068979,r&b,5enEsi887wD3qGoMCK4jLr,2017-12-15,1,single,2.86,2017,12
8,63,False,82,6318755,"hyperpop, art pop",2HIwUmdxEl7SeWa1ndH5wC,2017-12-15,10,album,3.88,2017,12
8,71,False,79,20854863,soft pop,1oqnHxrKI3Gq8MKgAGDtMr,2017-12-08,24,compilation,3.63,2017,12
3,60,False,74,9406293,"country, acoustic country",6NUEU1vyIctdAg8IHot8Wy,2017-12-08,15,album,2.95,2017,12
4,84,False,76,10637574,,2qJw6w5XwQO0PQlSWPu7Tw,2017-12-08,7,album,3.52,2017,12
1,0,True,38,122377,"dark r&b, trap soul",5Nn80VUQ8fSXLlbrMbUzeZ,2017-12-07,1,single,3.73,2017,12
1,69,False,88,9256589,pop,5dcblm6CNsl9cCiQ6CsKjr,2017-12-04,1,single,3.37,2017,12
3,75,True,78,6129109,r&b,05LEST8E8mkEIl2LRfUkcI,2017-12-01,12,album,4.32,2017,12
2,62,False,54,1683603,,0CKrROL2ULkLDpGx1kt6vP,2017-11-30,5,single,3.3,2017,11
1,0,True,74,6295376,,7ejLzpQCRcDqXtbRoOrj9B,2017-11-30,1,single,4.48,2017,11
1,61,False,49,176530,,5DQcPjyF2sqQbGVNnmkBnt,2017-11-28,1,single,3.12,2017,11
1,74,False,69,458855,,3WT7yRO6cCm1C4fNinvdXT,2017-11-24,1,single,2.86,2017,11
1,34,False,76,10638829,,0r3HFd7eXKoLNNSaU3tWCq,2017-11-24,1,single,2.68,2017,11
1,20,False,8,1117,,1aTvKhofWin4mYVSTj38PI,2017-11-23,1,single,3.05,2017,11
4,46,True,82,19255400,melodic rap,0zicd2mBV8HTzSubByj4vP,2017-11-17,20,album,3.15,2017,11
2,57,True,72,3676957,,6jggnLM3SdDnjQ3GWmIZ4L,2017-11-17,14,album,3.72,2017,11
1,59,False,73,10981924,latin,2Tt0EzXpempSOIHFXVX42v,2017-11-17,1,single,2.89,2017,11
1,45,False,51,88455,soundtrack,4z7w3IoSFgysP7iNpDgUqu,2017-11-17,21,album,1.26,2017,11
7,44,True,72,3677060,,6jggnLM3SdDnjQ3GWmIZ4L,2017-11-17,14,album,2.28,2017,11
14,72,True,80,17333748,"punk, pop punk",3id4t9IqRoB1f1smOERtrY,2017-11-17,22,compilation,4.37,2017,11
23,38,False,48,66700,soundtrack,0LIWkw76T7O499slpRTeQ1,2017-11-17,23,album,5.17,2017,11
8,74,False,100,145443567,"country, pop, indie, folk",6DEjYFkNZh67HP7R9PSZvv,2017-11-10,15,album,3.49,2017,11
5,69,False,63,2763868,rock,6uSnHSIBGKUiW1uKQLYZ7w,2017-11-10,8,album,3.01,2017,11
3,73,False,100,145443567,"country, pop, indie, folk",6DEjYFkNZh67HP7R9PSZvv,2017-11-10,15,album,3.97,2017,11
10,73,False,100,145396321,"country, pop, indie, folk",6DEjYFkNZh67HP7R9PSZvv,2017-11-10,15,album,3.57,2017,11
11,72,False,100,145396321,"country, pop, indie, folk",6DEjYFkNZh67HP7R9PSZvv,2017-11-10,15,album,3.52,2017,11
5,81,False,100,145396321,"country, pop, indie, folk",6DEjYFkNZh67HP7R9PSZvv,2017-11-10,15,album,3.87,2017,11
4,82,False,100,145443567,"country, pop, indie, folk",6DEjYFkNZh67HP7R9PSZvv,2017-11-10,15,album,3.94,2017,11
12,83,False,100,145443567,"country, pop, indie, folk",6DEjYFkNZh67HP7R9PSZvv,2017-11-10,15,album,3.83,2017,11
2,73,False,100,145396321,"country, pop, indie, folk",6DEjYFkNZh67HP7R9PSZvv,2017-11-10,15,album,4.08,2017,11
9,80,False,100,145443567,"country, pop, indie, folk",6DEjYFkNZh67HP7R9PSZvv,2017-11-10,15,album,3.89,2017,11
7,67,False,100,145489371,"country, pop, indie, folk",6DEjYFkNZh67HP7R9PSZvv,2017-11-10,15,album,3.79,2017,11
6,78,False,100,145443567,"country, pop, indie, folk",6DEjYFkNZh67HP7R9PSZvv,2017-11-10,15,album,3.53,2017,11
14,39,False,75,6165678,alternative metal,3kGK5hw7ldSXMOg8tTwHJK,2017-11-10,16,album,4.41,2017,11
15,69,False,100,145396321,"country, pop, indie, folk",6DEjYFkNZh67HP7R9PSZvv,2017-11-10,15,album,3.92,2017,11
1,79,False,100,145443567,"country, pop, indie, folk",6DEjYFkNZh67HP7R9PSZvv,2017-11-10,15,album,3.46,2017,11
6,50,False,43,301532,,48mPoqbdK2eJcEyTjZmBPU,2017-11-10,11,album,2.67,2017,11
14,77,False,100,145542136,"country, pop, indie, folk",6DEjYFkNZh67HP7R9PSZvv,2017-11-10,15,album,3.39,2017,11
13,67,False,100,145489371,"country, pop, indie, folk",6DEjYFkNZh67HP7R9PSZvv,2017-11-10,15,album,3.45,2017,11
6,29,False,100,145443567,"country, pop, indie, folk",1MPAXuTVL2Ej5x0JHiSPq8,2017-11-09,46,album,3.41,2017,11
3,27,False,100,145396321,"country, pop, indie, folk",1MPAXuTVL2Ej5x0JHiSPq8,2017-11-09,46,album,4.1,2017,11
31,25,False,100,145396321,"country, pop, indie, folk",1MPAXuTVL2Ej5x0JHiSPq8,2017-11-09,46,album,4.0,2017,11
38,29,False,100,145443567,"country, pop, indie, folk",1MPAXuTVL2Ej5x0JHiSPq8,2017-11-09,46,album,4.46,2017,11
30,26,False,100,145443567,"country, pop, indie, folk",1MPAXuTVL2Ej5x0JHiSPq8,2017-11-09,46,album,4.16,2017,11
37,24,False,100,145443567,"country, pop, indie, folk",1MPAXuTVL2Ej5x0JHiSPq8,2017-11-09,46,album,4.18,2017,11
20,24,False,100,145396321,"country, pop, indie, folk",1MPAXuTVL2Ej5x0JHiSPq8,2017-11-09,46,album,4.04,2017,11
22,30,False,100,145443567,"country, pop, indie, folk",1MPAXuTVL2Ej5x0JHiSPq8,2017-11-09,46,album,3.54,2017,11
4,32,False,100,145396321,"country, pop, indie, folk",1MPAXuTVL2Ej5x0JHiSPq8,2017-11-09,46,album,3.71,2017,11
13,54,False,100,145396321,"country, pop, indie, folk",1MPAXuTVL2Ej5x0JHiSPq8,2017-11-09,46,album,3.79,2017,11
16,30,False,100,145396321,"country, pop, indie, folk",1MPAXuTVL2Ej5x0JHiSPq8,2017-11-09,46,album,4.38,2017,11
41,26,False,100,145489371,"country, pop, indie, folk",1MPAXuTVL2Ej5x0JHiSPq8,2017-11-09,46,album,4.05,2017,11
45,25,False,100,145443567,"country, pop, indie, folk",1MPAXuTVL2Ej5x0JHiSPq8,2017-11-09,46,album,3.67,2017,11
17,26,False,100,145443567,"country, pop, indie, folk",1MPAXuTVL2Ej5x0JHiSPq8,2017-11-09,46,album,4.92,2017,11
18,29,False,100,145396321,"country, pop, indie, folk",1MPAXuTVL2Ej5x0JHiSPq8,2017-11-09,46,album,4.09,2017,11
40,24,False,100,145489371,"country, pop, indie, folk",1MPAXuTVL2Ej5x0JHiSPq8,2017-11-09,46,album,4.26,2017,11
5,28,False,100,145489371,"country, pop, indie, folk",1MPAXuTVL2Ej5x0JHiSPq8,2017-11-09,46,album,3.38,2017,11
12,30,False,100,145489371,"country, pop, indie, folk",1MPAXuTVL2Ej5x0JHiSPq8,2017-11-09,46,album,4.12,2017,11
10,81,False,77,24111322,,1MPAXuTVL2Ej5x0JHiSPq8,2017-11-09,46,album,4.11,2017,11
9,36,False,100,145396321,"country, pop, indie, folk",1MPAXuTVL2Ej5x0JHiSPq8,2017-11-09,46,album,3.66,2017,11
46,26,False,100,145396321,"country, pop, indie, folk",1MPAXuTVL2Ej5x0JHiSPq8,2017-11-09,46,album,3.26,2017,11
44,26,False,100,145443567,"country, pop, indie, folk",1MPAXuTVL2Ej5x0JHiSPq8,2017-11-09,46,album,3.59,2017,11
32,24,False,100,145489371,"country, pop, indie, folk",1MPAXuTVL2Ej5x0JHiSPq8,2017-11-09,46,album,3.43,2017,11
35,24,False,100,145443567,"country, pop, indie, folk",1MPAXuTVL2Ej5x0JHiSPq8,2017-11-09,46,album,3.96,2017,11
28,28,False,100,145443567,"country, pop, indie, folk",1MPAXuTVL2Ej5x0JHiSPq8,2017-11-09,46,album,3.73,2017,11
24,41,False,100,145396321,"country, pop, indie, folk",1MPAXuTVL2Ej5x0JHiSPq8,2017-11-09,46,album,5.88,2017,11
23,28,False,100,145443567,"country, pop, indie, folk",1MPAXuTVL2Ej5x0JHiSPq8,2017-11-09,46,album,4.04,2017,11
14,27,False,100,145489371,"country, pop, indie, folk",1MPAXuTVL2Ej5x0JHiSPq8,2017-11-09,46,album,4.92,2017,11
39,24,False,100,145489371,"country, pop, indie, folk",1MPAXuTVL2Ej5x0JHiSPq8,2017-11-09,46,album,3.77,2017,11
8,33,False,100,145443567,"country, pop, indie, folk",1MPAXuTVL2Ej5x0JHiSPq8,2017-11-09,46,album,3.86,2017,11
29,24,False,100,145489371,"country, pop, indie, folk",1MPAXuTVL2Ej5x0JHiSPq8,2017-11-09,46,album,3.36,2017,11
1,34,False,100,145489371,"country, pop, indie, folk",1MPAXuTVL2Ej5x0JHiSPq8,2017-11-09,46,album,5.48,2017,11
21,27,False,54,1993973,country,1MPAXuTVL2Ej5x0JHiSPq8,2017-11-09,46,album,3.58,2017,11
36,26,False,100,145443567,"country, pop, indie, folk",1MPAXuTVL2Ej5x0JHiSPq8,2017-11-09,46,album,3.99,2017,11
34,28,False,60,2881528,country,1MPAXuTVL2Ej5x0JHiSPq8,2017-11-09,46,album,4.39,2017,11
33,28,False,100,145489371,"country, pop, indie, folk",1MPAXuTVL2Ej5x0JHiSPq8,2017-11-09,46,album,4.41,2017,11
25,24,False,100,145443567,"country, pop, indie, folk",1MPAXuTVL2Ej5x0JHiSPq8,2017-11-09,46,album,4.68,2017,11
43,26,False,100,145443567,"country, pop, indie, folk",1MPAXuTVL2Ej5x0JHiSPq8,2017-11-09,46,album,3.92,2017,11
2,39,False,100,145396321,"country, pop, indie, folk",1MPAXuTVL2Ej5x0JHiSPq8,2017-11-09,46,album,3.67,2017,11
42,28,False,100,145489371,"country, pop, indie, folk",1MPAXuTVL2Ej5x0JHiSPq8,2017-11-09,46,album,4.09,2017,11
11,31,False,100,145396321,"country, pop, indie, folk",1MPAXuTVL2Ej5x0JHiSPq8,2017-11-09,46,album,3.97,2017,11
15,36,False,100,145396321,"country, pop, indie, folk",1MPAXuTVL2Ej5x0JHiSPq8,2017-11-09,46,album,3.86,2017,11
19,29,False,100,145443567,"country, pop, indie, folk",1MPAXuTVL2Ej5x0JHiSPq8,2017-11-09,46,album,4.88,2017,11
7,32,False,100,145396321,"country, pop, indie, folk",1MPAXuTVL2Ej5x0JHiSPq8,2017-11-09,46,album,3.39,2017,11
26,28,False,100,145396321,"country, pop, indie, folk",1MPAXuTVL2Ej5x0JHiSPq8,2017-11-09,46,album,3.98,2017,11
27,32,False,100,145443567,"country, pop, indie, folk",1MPAXuTVL2Ej5x0JHiSPq8,2017-11-09,46,album,3.93,2017,11
1,36,False,39,9735,japanese classical,6zgzvoSdrWMZ1vlbyyelMh,2017-11-07,34,album,3.38,2017,11
21,36,False,55,97039,soundtrack,6s9Ul1tQZTBQc3yQ6C9s3j,2017-11-03,24,album,9.49,2017,11
13,66,False,70,2360290,baroque pop,7K0x1O9gqMQlDwbMkyCCIM,2017-11-03,17,compilation,4.14,2017,11
1,0,False,81,26272346,soft pop,3XftSbguntyRTBQaGItmfK,2017-11-03,14,album,3.35,2017,11
1,67,False,62,732382,,6ErxPYc0KcJgLzQnpMGsth,2017-11-03,5,single,3.66,2017,11
14,40,False,58,111922,"anime, soundtrack",5SZKUWakunPJRuseVjCsv0,2017-11-01,36,album,2.86,2017,11
12,30,False,58,111922,"anime, soundtrack",5SZKUWakunPJRuseVjCsv0,2017-11-01,36,album,2.18,2017,11
3,40,False,46,51692,soundtrack,3jQ7eqotwovipeZ3j3rMqu,2017-11-01,56,album,3.52,2017,11
19,31,False,58,111969,"anime, soundtrack",5SZKUWakunPJRuseVjCsv0,2017-11-01,36,album,1.63,2017,11
11,26,False,58,112003,"anime, soundtrack",5SZKUWakunPJRuseVjCsv0,2017-11-01,36,album,1.75,2017,11
20,26,False,58,111969,"anime, soundtrack",5SZKUWakunPJRuseVjCsv0,2017-11-01,36,album,1.49,2017,11
3,37,False,58,111969,"anime, soundtrack",5SZKUWakunPJRuseVjCsv0,2017-11-01,36,album,1.79,2017,11
13,43,False,58,112003,"anime, soundtrack",5SZKUWakunPJRuseVjCsv0,2017-11-01,36,album,1.92,2017,11
8,30,False,58,111969,"anime, soundtrack",5SZKUWakunPJRuseVjCsv0,2017-11-01,36,album,1.42,2017,11
4,42,False,58,111922,"anime, soundtrack",5SZKUWakunPJRuseVjCsv0,2017-11-01,36,album,1.98,2017,11
2,42,False,58,111922,"anime, soundtrack",5SZKUWakunPJRuseVjCsv0,2017-11-01,36,album,2.9,2017,11
17,31,False,58,112003,"anime, soundtrack",5SZKUWakunPJRuseVjCsv0,2017-11-01,36,album,2.0,2017,11
1,52,False,58,112003,"anime, soundtrack",5SZKUWakunPJRuseVjCsv0,2017-11-01,36,album,2.53,2017,11
1,55,True,49,287277,"emo rap, cloud rap",2YGXs7mu2M0dDrxG9whB4M,2017-10-31,1,single,2.42,2017,10
4,64,False,87,28305692,r&b,3zak0kNLcOY5vFcB3Ipskp,2017-10-31,45,album,2.15,2017,10
3,81,True,77,5610584,,0MV1yCXcNNQBfwApqAVkH0,2017-10-30,10,album,2.88,2017,10
1,66,True,84,23806936,,0MV1yCXcNNQBfwApqAVkH0,2017-10-30,10,album,4.48,2017,10
9,39,False,42,315612,"psytrance, downtempo",49TbbgPIGwnroFSI84jk60,2017-10-30,9,album,2.26,2017,10
10,24,False,60,1163792,"reggae, roots reggae, reggae rock",4Zf1Hm15ddDthWt93135aK,2017-10-27,11,album,3.23,2017,10
1,47,False,47,52474,soundtrack,1tGG9ggFTIX8LZt8lH9hqF,2017-10-27,27,album,3.26,2017,10
1,75,False,63,691772,,3HwBA7xp3XTbFiNzU7gjwp,2017-10-27,1,single,2.72,2017,10
1,76,False,81,53260584,,5gQZvWM1o8NkQndueJtZcP,2017-10-25,1,single,3.29,2017,10
1,0,False,68,1394134,,5dfLsxzcFhYFoihyaNZA3E,2017-10-20,1,single,3.58,2017,10
1,60,False,48,178158,,7fSY1tKb1rwaUagnAyuvLi,2017-10-20,7,album,3.62,2017,10
2,77,False,70,10238134,,7ahctQBwcSxDdP0fRAPo2p,2017-10-20,13,album,3.88,2017,10
3,41,False,46,41178,,4gecrZPdDxMlVxBtpobpxr,2017-10-20,23,album,1.15,2017,10
5,64,True,70,10237757,,7ahctQBwcSxDdP0fRAPo2p,2017-10-20,13,album,3.71,2017,10
1,49,True,38,27646,,5QulOrjHxIe5eBhcbgeshP,2017-10-20,1,single,3.7,2017,10
7,0,False,34,70341,,5Oq1p63N0TxHdsq5qUsqJy,2017-10-20,10,album,2.83,2017,10
4,71,False,70,10238134,,7ahctQBwcSxDdP0fRAPo2p,2017-10-20,13,album,3.13,2017,10
1,48,False,42,99058,"medieval, celtic",2oFwWHzumvX0rYfBf1AXYh,2017-10-20,2,single,7.13,2017,10
2,39,False,42,99070,"medieval, celtic",2oFwWHzumvX0rYfBf1AXYh,2017-10-20,2,single,3.05,2017,10
4,0,False,34,70356,,5Oq1p63N0TxHdsq5qUsqJy,2017-10-20,10,album,4.62,2017,10
3,70,True,76,5987438,"southern hip hop, rap, trap",2aTOwGU66ocsf8IQpOI0XZ,2017-10-13,17,album,3.88,2017,10
4,78,False,78,18208465,,7hwhuEQT4Fp5bzwLlYZtiz,2017-10-13,13,album,4.49,2017,10
13,51,False,71,5778418,"country, pop country",4UoCJkoqgUmaWMiWifq4vp,2017-10-06,15,album,3.6,2017,10
6,77,False,76,11162039,christian hip hop,1KOmHyNLuOe5YrPhD3Juuf,2017-10-06,16,album,3.53,2017,10
11,0,False,66,1254937,,5Wl4DJMOt13fs92ddL2v9Q,2017-10-06,11,album,3.54,2017,10
2,59,True,61,7569701,,2VVvm4zJlUQm9XmBCvGN6z,2017-10-06,15,album,2.06,2017,10
15,68,False,71,5778418,"country, pop country",4UoCJkoqgUmaWMiWifq4vp,2017-10-06,15,album,2.99,2017,10
5,22,False,48,185071,,4ZJhPsudePeA2takLeA2Ob,2017-10-06,5,single,3.23,2017,10
5,58,True,71,4968982,"industrial metal, industrial rock, industrial, metal, nu metal",6kbfR3NJmBGlgsTPAYmezz,2017-10-06,10,album,3.98,2017,10
6,39,False,71,4969994,"industrial metal, industrial rock, industrial, metal, nu metal",6kbfR3NJmBGlgsTPAYmezz,2017-10-06,10,album,7.98,2017,10
2,66,False,63,942544,,3cS0qzNDjE5SjdAL1W98fo,2017-10-06,20,album,3.67,2017,10
11,67,True,79,10468606,,7C8uqokvE67UOlu1TiEYMd,2017-10-04,14,album,3.53,2017,10
6,84,True,79,10462018,,7C8uqokvE67UOlu1TiEYMd,2017-10-04,14,album,3.81,2017,10
1,80,True,79,10472219,,7C8uqokvE67UOlu1TiEYMd,2017-10-04,14,album,3.27,2017,10
5,77,False,79,10465301,,7C8uqokvE67UOlu1TiEYMd,2017-10-04,14,album,4.46,2017,10
4,68,False,65,858427,indie,7Mn6FjNopuROYZLIN91hhe,2017-09-29,12,album,4.58,2017,9
1,45,False,77,24111322,,6mZVOi06uAl1fS1pvZnZ7K,2017-09-29,3,single,3.37,2017,9
2,70,False,81,26561582,"country pop, rock, hip hop, experimental",5xG9gJcs9ut3qDWezHUlsX,2017-09-29,11,album,3.86,2017,9
1,48,False,81,26561582,"country pop, rock, hip hop, experimental",5xG9gJcs9ut3qDWezHUlsX,2017-09-29,11,album,4.14,2017,9
1,71,True,77,27288825,,5Mu891tmjTbt64meovPSuf,2017-09-29,12,album,3.39,2017,9
1,2,True,78,27289223,,1MI6gNg0plcEOgs8aezsjH,2017-09-29,15,album,3.39,2017,9
1,53,False,86,39108338,"reggaeton, latin",55228F4QRlYDzJ4H02tDHA,2017-09-28,1,single,3.49,2017,9
1,3,True,84,23799771,,4QUNWTw2FsIz722xjUjFJw,2017-09-23,14,album,3.67,2017,9
1,84,False,72,2069532,,5UD36hu4fYZ6R8b8crkKL7,2017-09-22,1,single,3.23,2017,9
3,70,False,76,3006253,,0qWcLfCZ8wtcoOdX14oGNI,2017-09-22,11,album,3.87,2017,9
2,75,True,74,2829534,,72qA6s4fjF8Y2VX1UDMfp2,2017-09-22,16,album,3.67,2017,9
12,67,False,49,195254,,0Nq4Sve58GRDINSpbFMyz6,2017-09-15,16,album,3.71,2017,9
1,61,True,47,99069,,7k3W96SdFS9aMGPeDy2fop,2017-09-15,1,single,3.53,2017,9
1,3,True,86,47722935,"pop, hip hop, country",4AabsQ6plH3OmdE6BWI04j,2017-09-15,1,single,3.63,2017,9
12,68,False,68,3469806,,7DNmxxEuJe19wNVrinaXx4,2017-09-15,12,album,3.18,2017,9
1,70,False,66,8862787,,3ggBBGRhkDVAu7pQRXRPXO,2017-09-08,1,single,2.91,2017,9
3,76,False,61,286274,,5NEfU3Z8PfjeJXABaHf1FF,2017-09-08,10,album,3.59,2017,9
1,0,False,81,26278854,soft pop,6D5ic12r3twNk7EjwEYFIP,2017-09-08,1,single,3.35,2017,9
1,70,False,77,24105967,,5l5gR4rh26QI3fijGFTDrp,2017-09-07,1,single,3.98,2017,9
2,0,False,57,45813,soundtrack,6EuwzfvfcEA1X8fODjFhhJ,2017-09-05,44,compilation,1.85,2017,9
1,53,False,69,967413,,6Loq9Mr8ncb4eDhJVNm1pf,2017-09-01,1,single,4.23,2017,9
1,69,False,69,967069,,0IzpAGRpjLqIQLt4FvmW7m,2017-09-01,1,single,4.13,2017,9
2,56,True,74,8809453,,3W9NClLDhTHyRmy8ZLfoJf,2017-09-01,14,album,3.48,2017,9
2,0,False,63,284520,,25z8ZP3OoMJwEUbCbXk21v,2017-08-25,7,album,3.01,2017,8
5,81,True,83,51727329,emo rap,5VdyJkLe3yvOs0l4xXbWp0,2017-08-25,11,album,2.0,2017,8
8,82,True,83,51710210,emo rap,5VdyJkLe3yvOs0l4xXbWp0,2017-08-25,11,album,2.44,2017,8
1,13,False,85,11125697,,3xybjP7r2VsWzwvDQipdM0,2017-08-25,10,album,4.63,2017,8
16,80,True,82,19260805,melodic rap,733e1ZfktLSwj96X5rsMeE,2017-08-25,16,album,3.04,2017,8
22,51,False,65,718254,soundtrack,3GFHA63Ur7kFMqa0NcyJw6,2017-08-25,24,album,3.52,2017,8
10,0,False,58,719809,,0jLafOidtMogAbdIjOXXIe,2017-08-25,10,album,3.64,2017,8
8,68,True,68,4287336,rap,0tQ7Iu6EicQTPyhYRNWjaT,2017-08-18,14,album,2.89,2017,8
3,71,True,79,12471348,,51wp3EOOp2mBIjhZjR7W0i,2017-08-18,19,album,3.55,2017,8
1,59,False,57,120185,tropical house,37QAucQUcm3aCvRLxjtwKj,2017-08-18,1,single,2.84,2017,8
8,65,True,53,418614,,0leVOEw8L2TnAfLGwkFnab,2017-08-18,16,album,7.03,2017,8
1,48,False,33,25563,,74U3jpWFeGFlJy0USGyFzp,2017-08-17,1,single,4.55,2017,8
1,69,False,91,85022258,"pop, contemporary r&b",7huML9zDbY4thKH0xSuZTP,2017-08-17,1,single,3.15,2017,8
2,1,True,82,15695162,"emo rap, cloud rap",6GkrA9XjOpEFkep0TIfFB8,2017-08-15,7,album,3.85,2017,8
1,66,False,48,236788,,3PUmELve1Jt5EdFU6cv8Hb,2017-08-14,1,single,2.06,2017,8
6,70,False,76,9838934,,6t5D6LEgHxqUVOxJItkzfb,2017-08-11,6,single,2.73,2017,8
1,78,False,80,34479374,edm,2bw00gRKNKbTFOqCkohbSh,2017-08-11,1,single,3.01,2017,8
4,71,True,79,23434221,edm,1m3mf7xkXIwssVriaaTjOS,2017-08-10,6,single,3.02,2017,8
2,46,False,79,23434221,edm,0XV4cXBFmXIhQnQMYUX9u6,2017-08-09,6,single,3.03,2017,8
1,3,False,78,35576126,,5chBPOVY2I0bG5V3igb5QL,2017-08-03,1,single,3.61,2017,8
8,42,False,47,111168,medieval,43o9ari5yJOTqKQjO2u84h,2017-07-30,8,album,3.03,2017,7
1,78,False,63,2534676,,6Ei5WWek37m1x9AjpSXTcJ,2017-07-28,15,album,3.38,2017,7
3,68,True,64,2022794,,3lajefIuUk4SfzqVBSJy8p,2017-07-28,15,album,3.49,2017,7
1,45,False,60,4754990,"brazilian pop, funk pop",1vurjQl33mKXSnF7gKRlZd,2017-07-28,1,single,3.67,2017,7
1,73,False,69,5292781,,1qyjZGIeeLJlXbYWuoloWj,2017-07-28,7,album,2.93,2017,7
3,57,False,53,321085,,5RKLyPZ4P8WhO1uxDMXGe7,2017-07-28,11,album,3.05,2017,7
7,62,True,88,51821190,"alternative pop, indie pop",7xYiTrbTL57QO0bb4hXIKo,2017-07-21,16,album,4.4,2017,7
14,59,True,88,51798111,"alternative pop, indie pop",7xYiTrbTL57QO0bb4hXIKo,2017-07-21,16,album,5.91,2017,7
8,66,True,88,51798111,"alternative pop, indie pop",7xYiTrbTL57QO0bb4hXIKo,2017-07-21,16,album,3.97,2017,7
1,67,False,88,51847587,"alternative pop, indie pop",7xYiTrbTL57QO0bb4hXIKo,2017-07-21,16,album,4.54,2017,7
2,71,False,88,51773650,"alternative pop, indie pop",7xYiTrbTL57QO0bb4hXIKo,2017-07-21,16,album,4.4,2017,7
4,0,False,77,4779199,soundtrack,56hnQxU8h3Upf1nqR0fXYi,2017-07-21,11,compilation,8.05,2017,7
3,60,False,88,51821190,"alternative pop, indie pop",7xYiTrbTL57QO0bb4hXIKo,2017-07-21,16,album,4.92,2017,7
1,63,True,64,7077085,,4sBgGazGb7S9ZUQJu2Y0qa,2017-07-21,1,single,3.17,2017,7
12,59,False,88,51821190,"alternative pop, indie pop",7xYiTrbTL57QO0bb4hXIKo,2017-07-21,16,album,4.22,2017,7
4,72,True,88,51773650,"alternative pop, indie pop",7xYiTrbTL57QO0bb4hXIKo,2017-07-21,16,album,3.01,2017,7
5,76,False,88,51773650,"alternative pop, indie pop",7xYiTrbTL57QO0bb4hXIKo,2017-07-21,16,album,2.74,2017,7
4,88,True,86,24420596,,2nkto6YNI4rUYTLqEwWJ3o,2017-07-21,14,album,3.0,2017,7
3,71,True,58,701462,,0NBTBo1qrg554sAj79nEqD,2017-07-14,13,album,3.2,2017,7
2,85,True,73,5838449,,4c2p3TdN7NcQfCXyueCNnC,2017-07-14,18,album,3.89,2017,7
2,66,False,62,5913008,,69Pj3ce9XFZUi3XuQylLKf,2017-07-14,10,album,3.29,2017,7
1,75,False,81,53263844,,3x97AnoAAIBGJuqZSTtVte,2017-07-13,1,single,3.1,2017,7
1,48,False,63,430168,soundtrack,3Aao9FYpxQXuNrAPjJnud1,2017-07-07,22,album,0.66,2017,7
3,59,False,70,3667184,,2nwTJuSqvCygeyI8U7vpeI,2017-06-30,13,album,3.35,2017,6
25,26,False,39,9582,soundtrack,1tnJU98uHAWkkAsRekqtTe,2017-06-30,80,album,1.5,2017,6
4,62,True,84,23078238,edm,2HaqChIDc5go3qxVunBDK0,2017-06-30,10,album,4.54,2017,6
1,75,True,84,23079295,edm,2HaqChIDc5go3qxVunBDK0,2017-06-30,10,album,3.84,2017,6
1,0,False,34,13714,,2erZbQwABnyWVwQ8FK0UAb,2017-06-30,47,album,0.81,2017,6
8,77,True,84,23078931,edm,2HaqChIDc5go3qxVunBDK0,2017-06-30,10,album,3.72,2017,6
1,32,False,17,2206,,3BPxjJmRUTd01PLOhxtxOa,2017-06-30,1,single,1.16,2017,6
7,80,True,88,22675640,rap,17FBoXK1NU2rvJBbzdzw0r,2017-06-30,20,album,3.41,2017,6
19,61,True,88,22675640,rap,17FBoXK1NU2rvJBbzdzw0r,2017-06-30,20,album,4.3,2017,6
10,84,False,85,58364373,,33pt9HBdGlAbRGBHQgsZsU,2017-06-23,12,album,3.11,2017,6
3,4,False,85,58375520,,5GlPAy2PRJW06GVFhKwGTl,2017-06-23,11,album,3.4,2017,6
12,78,False,64,1041835,,6MuWCR3WPjwyKhqsTKLZ3z,2017-06-23,12,album,3.96,2017,6
3,48,False,64,1041835,,6MuWCR3WPjwyKhqsTKLZ3z,2017-06-23,12,album,4.13,2017,6
27,40,False,54,640544,,1rKtp8dt8DDLzcLOpyncWA,2017-06-23,30,compilation,4.45,2017,6
3,82,False,85,58375520,,33pt9HBdGlAbRGBHQgsZsU,2017-06-23,12,album,3.35,2017,6
19,0,False,55,369856,"motown, soul, classic soul",1XaJOcLe3xMQ611SMHtOja,2017-06-23,30,compilation,3.23,2017,6
4,67,True,73,12341870,,3HhZbSJdhOqMSaRbEt3gtw,2017-06-22,23,album,3.41,2017,6
1,41,True,40,148074,trap soul,5BTIuoLO20tBe9DBVooLqN,2017-06-22,1,single,3.78,2017,6
5,63,True,73,12341870,,3HhZbSJdhOqMSaRbEt3gtw,2017-06-22,23,album,4.81,2017,6
1,36,False,36,33709,,1t0L1BIny36xS8ear4EEvb,2017-06-18,1,single,4.06,2017,6
4,83,False,69,1525079,,4VzzEviJGYUtAeSsJlI9QB,2017-06-16,10,album,2.72,2017,6
4,58,True,74,8305217,"rap, southern hip hop",5vvvo79z68vWj9yimoygfS,2017-06-16,16,album,4.25,2017,6
9,78,False,80,10539134,,2B87zXm9bOWvAJdkJBTpzF,2017-06-16,11,album,4.62,2017,6
15,35,False,34,4430,medieval,1lkI0MpnnccE364waiYGOY,2017-06-16,26,album,3.45,2017,6
1,75,False,80,10541250,,2B87zXm9bOWvAJdkJBTpzF,2017-06-16,11,album,3.91,2017,6
5,70,False,80,10539134,,2B87zXm9bOWvAJdkJBTpzF,2017-06-16,11,album,2.86,2017,6
11,45,False,48,1060491,,6ZZbMKUghvClcRLF5pZT6Y,2017-06-16,12,album,3.1,2017,6
1,66,False,63,2048212,,35uDNZkjmhAEnV3sz9A7jI,2017-06-16,1,single,2.83,2017,6
6,67,True,84,12418681,"rap, melodic rap, trap",51KZKzPd3OQT1r46a55VTt,2017-06-16,14,album,3.58,2017,6
18,28,False,34,4430,medieval,1lkI0MpnnccE364waiYGOY,2017-06-16,26,album,2.06,2017,6
7,65,False,69,1524907,,4VzzEviJGYUtAeSsJlI9QB,2017-06-16,10,album,4.1,2017,6
1,40,False,78,6602735,bedroom pop,12pkuSY7Cy2sc5Ix0XIYIE,2017-06-14,1,single,2.06,2017,6
1,10,False,1,226,,4tqQICMDESJt4ghqLJ72uW,2017-06-12,1,single,3.28,2017,6
1,63,False,87,27139342,edm,1PZviVfBJJxNw5EtAwzdUu,2017-06-09,1,single,3.24,2017,6
4,15,False,83,17365648,dream pop,2mxFsS5yylSTHNivV53HoA,2017-06-09,10,album,4.84,2017,6
9,69,False,83,38400585,pop,0UlbGi4oAth8s6rwaGSU8Z,2017-06-09,17,album,3.96,2017,6
3,11,True,83,17365648,dream pop,2mxFsS5yylSTHNivV53HoA,2017-06-09,10,album,3.58,2017,6
6,9,False,84,17373704,dream pop,2mxFsS5yylSTHNivV53HoA,2017-06-09,10,album,4.86,2017,6
4,63,True,83,38385499,pop,0UlbGi4oAth8s6rwaGSU8Z,2017-06-09,17,album,4.04,2017,6
1,11,False,84,17380777,dream pop,2mxFsS5yylSTHNivV53HoA,2017-06-09,10,album,5.33,2017,6
1,0,True,82,15689879,"emo rap, cloud rap",5fAaY4BwcPHRSg3TEcAFg4,2017-06-08,1,single,2.14,2017,6
12,59,False,85,46895665,pop,01sfgrNbnnPUEyz6GZYlt9,2017-06-02,17,album,3.84,2017,6
3,64,False,85,46891061,pop,01sfgrNbnnPUEyz6GZYlt9,2017-06-02,17,album,3.13,2017,6
5,78,True,85,46886554,pop,01sfgrNbnnPUEyz6GZYlt9,2017-06-02,17,album,3.63,2017,6
17,56,False,85,46886554,pop,01sfgrNbnnPUEyz6GZYlt9,2017-06-02,17,album,3.81,2017,6
13,45,False,85,46895665,pop,01sfgrNbnnPUEyz6GZYlt9,2017-06-02,17,album,3.67,2017,6
7,46,False,85,46895665,pop,01sfgrNbnnPUEyz6GZYlt9,2017-06-02,17,album,3.79,2017,6
1,55,False,85,46895665,pop,01sfgrNbnnPUEyz6GZYlt9,2017-06-02,17,album,3.42,2017,6
14,42,False,85,46895665,pop,01sfgrNbnnPUEyz6GZYlt9,2017-06-02,17,album,3.47,2017,6
7,69,False,80,22396044,,5ZvnIKEq0HAwDHNR8f2yIx,2017-06-02,17,album,3.67,2017,6
7,1,False,80,22396044,,7GjG91tyHQNGEHzKJaqOi0,2017-06-02,16,album,3.67,2017,6
9,49,False,85,46891061,pop,01sfgrNbnnPUEyz6GZYlt9,2017-06-02,17,album,2.86,2017,6
10,1,True,80,22394475,,7GjG91tyHQNGEHzKJaqOi0,2017-06-02,16,album,1.69,2017,6
2,55,False,85,46891061,pop,01sfgrNbnnPUEyz6GZYlt9,2017-06-02,17,album,3.39,2017,6
15,46,False,85,46895665,pop,01sfgrNbnnPUEyz6GZYlt9,2017-06-02,17,album,4.53,2017,6
10,80,False,85,46895665,pop,01sfgrNbnnPUEyz6GZYlt9,2017-06-02,17,album,3.48,2017,6
8,55,False,85,46895665,pop,01sfgrNbnnPUEyz6GZYlt9,2017-06-02,17,album,3.6,2017,6
6,1,False,80,22392682,,7GjG91tyHQNGEHzKJaqOi0,2017-06-02,16,album,3.58,2017,6
6,76,False,83,13397845,country,1lhNch5NkOONvFhRPh8qaj,2017-06-02,12,album,3.69,2017,6
11,80,False,80,22396044,,5ZvnIKEq0HAwDHNR8f2yIx,2017-06-02,17,album,3.02,2017,6
11,3,False,80,22394475,,7GjG91tyHQNGEHzKJaqOi0,2017-06-02,16,album,3.02,2017,6
16,47,False,85,46886554,pop,01sfgrNbnnPUEyz6GZYlt9,2017-06-02,17,album,3.98,2017,6
4,74,False,85,46895665,pop,01sfgrNbnnPUEyz6GZYlt9,2017-06-02,17,album,3.38,2017,6
11,51,False,85,46891061,pop,01sfgrNbnnPUEyz6GZYlt9,2017-06-02,17,album,3.23,2017,6
6,65,True,85,46886554,pop,01sfgrNbnnPUEyz6GZYlt9,2017-06-02,17,album,2.97,2017,6
5,60,False,85,39777995,latin pop,6bUxh58rYTL67FS8dyTKMN,2017-05-26,13,album,3.66,2017,5
17,44,False,45,20671,,4AODHfxPGTDLHyAyMWQi52,2017-05-26,18,album,2.68,2017,5
3,81,False,85,39788275,latin pop,6bUxh58rYTL67FS8dyTKMN,2017-05-26,13,album,3.26,2017,5
9,38,False,85,39798156,latin pop,6bUxh58rYTL67FS8dyTKMN,2017-05-26,13,album,3.83,2017,5
8,39,False,53,1995684,"french pop, chanson, pop urbaine",6bUxh58rYTL67FS8dyTKMN,2017-05-26,13,album,3.14,2017,5
11,60,False,74,8654826,"bachata, latin",6bUxh58rYTL67FS8dyTKMN,2017-05-26,13,album,3.27,2017,5
4,40,False,85,39777995,latin pop,6bUxh58rYTL67FS8dyTKMN,2017-05-26,13,album,3.3,2017,5
10,64,False,72,6795970,"colombian pop, vallenato, latin, latin pop",6bUxh58rYTL67FS8dyTKMN,2017-05-26,13,album,3.79,2017,5
1,71,False,85,39798156,latin pop,6bUxh58rYTL67FS8dyTKMN,2017-05-26,13,album,3.78,2017,5
16,52,False,45,20671,,4AODHfxPGTDLHyAyMWQi52,2017-05-26,18,album,5.55,2017,5
2,49,False,85,39788275,latin pop,6bUxh58rYTL67FS8dyTKMN,2017-05-26,13,album,3.15,2017,5
6,72,False,85,39777995,latin pop,6bUxh58rYTL67FS8dyTKMN,2017-05-26,13,album,3.25,2017,5
8,0,False,44,20665,,4U89gPlDkQJAIyUPbJK2wa,2017-05-26,18,album,1.02,2017,5
1,63,False,74,15121577,"edm, progressive house, electronica",0OK35duHpTPnvqya2d4pnn,2017-05-26,1,single,3.69,2017,5
13,43,False,85,39788275,latin pop,6bUxh58rYTL67FS8dyTKMN,2017-05-26,13,album,3.19,2017,5
7,53,False,85,39788275,latin pop,6bUxh58rYTL67FS8dyTKMN,2017-05-26,13,album,3.33,2017,5
12,38,False,85,39777995,latin pop,6bUxh58rYTL67FS8dyTKMN,2017-05-26,13,album,2.99,2017,5
7,13,False,27,63294,"downtempo, ambient, psytrance",5VyopiIbSec2vm5SIuxbtV,2017-05-23,9,album,8.34,2017,5
1,61,True,63,1206870,dancehall,7fhtLker4wksK42E4hyhxK,2017-05-22,1,single,3.74,2017,5
5,0,False,49,53987,,65IEPdkn7qzLRFcQb4tZ24,2017-05-22,5,single,4.09,2017,5
1,53,False,78,35582423,,5vZ3Yotbw61UDCcyIfMcrr,2017-05-21,1,single,3.69,2017,5
2,59,False,88,31819030,"nu metal, rap metal, rock, alternative metal",5Eevxp2BCbWq25ZdiXRwYd,2017-05-19,10,album,3.52,2017,5
1,0,True,67,2177376,,44kEIUk7bv5Wu6xrs7QJvm,2017-05-19,1,single,2.34,2017,5
1,2,False,73,6815446,,7l6fTSFvlumnPFpOSrbnDV,2017-05-19,1,single,3.29,2017,5
3,60,False,88,31785695,"nu metal, rap metal, rock, alternative metal",5Eevxp2BCbWq25ZdiXRwYd,2017-05-19,10,album,3.85,2017,5
10,58,False,88,31806929,"nu metal, rap metal, rock, alternative metal",5Eevxp2BCbWq25ZdiXRwYd,2017-05-19,10,album,2.97,2017,5
1,73,True,67,2177177,,6TMbfpGthu5uDvxssPWB9s,2017-05-19,1,single,3.02,2017,5
1,62,False,75,3276119,tropical house,5IgTY4yg7QK2kVVNrztnmo,2017-05-19,1,single,3.15,2017,5
1,63,False,62,10241515,,4PrFFsJ2WAD46IXNdfx2dx,2017-05-18,1,single,3.4,2017,5
1,0,False,81,53260584,,1nIz2JbAAL6wK0HS6Wb9aC,2017-05-18,1,single,3.57,2017,5
1,81,False,67,314693,,2weOG4ZiOjfxiuFMsHm9JQ,2017-05-17,14,album,1.45,2017,5
10,69,False,80,34136120,"pop rock, soft rock, synthpop",1FZKIm3JVDCxTchXDo5jOV,2017-05-12,10,album,3.53,2017,5
1,78,False,79,9792848,"pop punk, emo",1c9Sx7XdXuMptGyfCB6hHs,2017-05-12,12,album,3.04,2017,5
2,77,False,71,2166403,,0pEHMpnX1jA44pzhW3n0JB,2017-05-12,10,album,4.19,2017,5
7,68,False,80,34136120,"pop rock, soft rock, synthpop",1FZKIm3JVDCxTchXDo5jOV,2017-05-12,10,album,2.93,2017,5
2,64,False,79,9792848,"pop punk, emo",1c9Sx7XdXuMptGyfCB6hHs,2017-05-12,12,album,3.54,2017,5
2,85,False,80,34133561,"pop rock, soft rock, synthpop",1FZKIm3JVDCxTchXDo5jOV,2017-05-12,10,album,5.67,2017,5
1,64,False,80,34136120,"pop rock, soft rock, synthpop",1FZKIm3JVDCxTchXDo5jOV,2017-05-12,10,album,3.78,2017,5
3,78,False,74,15743681,,08eweM0IZoZPCCxODbrMoL,2017-05-12,17,album,3.55,2017,5
14,73,True,72,5508290,,0lUL92det7mZ4DaHYmiUEC,2017-05-05,20,album,3.95,2017,5
6,69,False,69,4465726,,6FgtuX3PtiB5civjHYhc52,2017-05-05,12,album,4.6,2017,5
2,84,False,69,4468964,,6FgtuX3PtiB5civjHYhc52,2017-05-05,12,album,3.89,2017,5
1,43,False,51,358475,"dubstep, riddim, deathstep, bass music, future bass, edm, drumstep, dub",35UO9mxnPTDxw97754NSNI,2017-05-05,18,album,5.06,2017,5
4,82,False,79,7990625,"indie, lo-fi indie",4NNq2vwTapv4fSJcrZbPH7,2017-05-05,13,album,3.03,2017,5
10,76,True,71,6141631,,1HiN2YXZcc3EjmVZ4WjfBk,2017-05-05,13,album,4.16,2017,5
8,60,False,69,4465726,,6FgtuX3PtiB5civjHYhc52,2017-05-05,12,album,5.06,2017,5
1,57,True,69,5292781,,5sQPgRVIINVIC2paHSqqfQ,2017-05-05,1,single,3.01,2017,5
4,60,False,64,1368344,"shoegaze, dream pop, slowcore",1qDA0jVhj4ZTjGHmpbmmwa,2017-05-05,8,album,4.51,2017,5
4,59,False,69,4465726,,6FgtuX3PtiB5civjHYhc52,2017-05-05,12,album,3.65,2017,5
13,73,False,79,7993904,"indie, lo-fi indie",4NNq2vwTapv4fSJcrZbPH7,2017-05-05,13,album,2.38,2017,5
11,70,True,72,5507537,,0lUL92det7mZ4DaHYmiUEC,2017-05-05,20,album,2.76,2017,5
6,68,False,59,345962,,4nof0TI1S49a6Gogj33yue,2017-04-28,12,album,3.3,2017,4
1,48,False,47,374677,country,6TuDxNLQS8xIuHAJL91EDi,2017-04-28,1,single,3.71,2017,4
3,77,False,82,16946293,,6kf46HbnYCZzP6rjvQHYzg,2017-04-27,15,album,3.65,2017,4
7,67,True,61,1620170,,23Fvpx2T1drg9lJ4WC0fXl,2017-04-27,7,album,3.91,2017,4
2,81,False,82,16943442,,6kf46HbnYCZzP6rjvQHYzg,2017-04-27,15,album,3.37,2017,4
3,0,False,69,916960,,2yjRCaDVCsAJjcavAPztVY,2017-04-26,17,album,3.48,2017,4
2,5,False,49,17501,medieval,7MgvqnDlv01LmKSmx5Qgi6,2017-04-25,5,single,2.98,2017,4
1,0,False,40,10811,,0slRrwqxUqa9RUt3kRd6Sp,2017-04-22,1,single,1.06,2017,4
8,23,False,26,1459,,3sI8fILyKyJgrTtToCYCsw,2017-04-21,18,album,2.37,2017,4
28,0,False,46,90429,,6Hqlkslcjv6uVAzIs5CDdu,2017-04-21,32,album,1.26,2017,4
26,0,False,46,90429,,11TywRtTHs1DbBChEkRV7I,2017-04-21,29,album,1.67,2017,4
10,0,False,46,90429,,11TywRtTHs1DbBChEkRV7I,2017-04-21,29,album,0.67,2017,4
1,39,False,50,88407,soundtrack,7zlX0VjDNoIXhZA1IzVN96,2017-04-21,19,album,1.46,2017,4
2,77,False,61,1082134,,3HJiLDJgWA9Z0MvCxlzHYQ,2017-04-21,11,album,4.2,2017,4
9,53,True,71,5067710,,0a8WSH44kA5hR4MQ6LyFDB,2017-04-21,10,album,3.54,2017,4
1,4,False,79,25301942,"soft pop, pop",0t0NkQulrNkxw2oUZZHboA,2017-04-20,1,single,3.52,2017,4
1,86,False,81,45703370,,3wBabo4pmzsYjALMSKY7Iq,2017-04-20,16,album,3.32,2017,4
4,85,False,81,45700057,,1ne2D0NxoGyZd31gAM4HNd,2017-04-20,13,album,3.13,2017,4
4,56,False,81,45706269,,3wBabo4pmzsYjALMSKY7Iq,2017-04-20,16,album,3.13,2017,4
3,80,False,81,45706269,,3wBabo4pmzsYjALMSKY7Iq,2017-04-20,16,album,3.47,2017,4
16,58,False,81,45700057,,3wBabo4pmzsYjALMSKY7Iq,2017-04-20,16,album,3.65,2017,4
1,70,False,73,10982585,latin,3Gq2Dme9nesdgoqNNlcN8O,2017-04-17,1,single,3.81,2017,4
2,56,False,61,963894,,3mN4QrBX6pOg0LcdhzT5Bi,2017-04-14,6,single,3.47,2017,4
2,77,True,89,44577310,"hip hop, west coast hip hop",4eLPsYPBmXABThSJ821sqY,2017-04-14,14,album,3.09,2017,4
8,83,True,89,44577310,"hip hop, west coast hip hop",4eLPsYPBmXABThSJ821sqY,2017-04-14,14,album,2.95,2017,4
10,82,False,89,44606446,"hip hop, west coast hip hop",4eLPsYPBmXABThSJ821sqY,2017-04-14,14,album,3.55,2017,4
2,77,True,86,15026799,rage rap,4rJgzzfFHAVFhCSt2P4I3j,2017-04-14,15,album,3.03,2017,4
9,0,False,51,218092,,6Nh3QPuiewbejUWvwEEvgq,2017-04-14,14,album,2.53,2017,4
1,37,False,27,25022,"lo-fi, lo-fi beats, lo-fi hip hop",3KQcIeKm8W6WZqsGL3FYVh,2017-04-09,8,album,1.83,2017,4
8,79,False,80,21359561,,4JPguzRps3kuWDD5GS6oXr,2017-04-07,12,album,3.69,2017,4
6,2,True,74,14638268,trap,2AvupjUeMnSffKEV05x222,2017-04-07,13,album,5.06,2017,4
5,86,False,80,21359561,,4JPguzRps3kuWDD5GS6oXr,2017-04-07,12,album,4.11,2017,4
5,63,True,70,3817987,"hip hop, rap",2ZmDoyNYarmubD4vTfwh6g,2017-04-07,12,album,3.45,2017,4
4,47,False,80,21360805,,4JPguzRps3kuWDD5GS6oXr,2017-04-07,12,album,3.8,2017,4
1,39,False,60,644923,,5ddpf5pxYjw9ob4DjPLuiz,2017-04-07,12,album,3.57,2017,4
2,54,True,60,644923,,5ddpf5pxYjw9ob4DjPLuiz,2017-04-07,12,album,3.56,2017,4
11,56,False,80,21359561,,4JPguzRps3kuWDD5GS6oXr,2017-04-07,12,album,3.74,2017,4
4,2,True,74,14638268,trap,2AvupjUeMnSffKEV05x222,2017-04-07,13,album,5.71,2017,4
6,46,False,61,645009,,5ddpf5pxYjw9ob4DjPLuiz,2017-04-07,12,album,3.63,2017,4
3,59,True,60,644838,,5ddpf5pxYjw9ob4DjPLuiz,2017-04-07,12,album,3.14,2017,4
3,50,True,80,21360805,,4JPguzRps3kuWDD5GS6oXr,2017-04-07,12,album,3.73,2017,4
2,48,True,80,21359561,,4JPguzRps3kuWDD5GS6oXr,2017-04-07,12,album,3.45,2017,4
4,32,True,60,644923,,5ddpf5pxYjw9ob4DjPLuiz,2017-04-07,12,album,2.2,2017,4
2,1,True,74,14639621,trap,2AvupjUeMnSffKEV05x222,2017-04-07,13,album,4.04,2017,4
1,54,True,80,21357977,,4JPguzRps3kuWDD5GS6oXr,2017-04-07,12,album,2.95,2017,4
9,44,False,60,644923,,5ddpf5pxYjw9ob4DjPLuiz,2017-04-07,12,album,2.86,2017,4
10,45,False,80,21357977,,4JPguzRps3kuWDD5GS6oXr,2017-04-07,12,album,3.59,2017,4
5,60,False,60,644838,,5ddpf5pxYjw9ob4DjPLuiz,2017-04-07,12,album,3.86,2017,4
9,54,False,80,21357977,,4JPguzRps3kuWDD5GS6oXr,2017-04-07,12,album,3.46,2017,4
7,48,False,80,21357977,,4JPguzRps3kuWDD5GS6oXr,2017-04-07,12,album,3.62,2017,4
12,46,False,80,21357977,,4JPguzRps3kuWDD5GS6oXr,2017-04-07,12,album,3.57,2017,4
6,54,False,80,21359561,,4JPguzRps3kuWDD5GS6oXr,2017-04-07,12,album,3.62,2017,4
1,45,True,60,644923,,4u8WQJuGK4qZEHDb9y4l7Q,2017-04-06,1,single,3.46,2017,4
1,65,False,63,2101684,,6301sWkK7hVwcrhcEwKPcH,2017-03-31,1,single,3.72,2017,3
10,74,True,79,12471348,,5mG8oNkNKM2my7t9ywra96,2017-03-31,18,album,4.46,2017,3
1,79,False,90,118760311,"alternative pop, electropop, dark pop",4iyJ8i3eKbez8JXDbsHIdZ,2017-03-30,1,single,3.01,2017,3
2,48,False,81,53263844,,2OicPkzxga0ybQIdl3kvaa,2017-03-30,13,compilation,3.54,2017,3
1,40,False,47,33090,anime,1LPDukhRxmtuSLFYE88JWa,2017-03-29,51,album,3.83,2017,3
3,53,True,44,326356,,5WS1g0cKtjfK6eDoSLdv7d,2017-03-24,13,album,3.84,2017,3
1,1,True,64,3698335,"trap metal, horrorcore, emo rap, cloud rap, rap metal",3vdc9dHQ1RqIMvxDghrfBf,2017-03-20,1,single,2.72,2017,3
20,69,True,95,103039388,rap,1lXY618HWkwYKJWBRYR4MK,2017-03-18,22,album,3.51,2017,3
3,85,True,95,103067383,rap,1lXY618HWkwYKJWBRYR4MK,2017-03-18,22,album,4.98,2017,3
11,67,True,95,103126025,rap,1lXY618HWkwYKJWBRYR4MK,2017-03-18,22,album,3.94,2017,3
1,30,False,44,190329,"art pop, baroque pop",2FTYHqdZHqkYdcr2NOjXV3,2017-03-17,6,single,3.02,2017,3
2,82,False,78,10914235,,5YLRVHDVRw3QqWbeTGpC5B,2017-03-17,15,album,3.35,2017,3
7,77,False,77,10911229,,5YLRVHDVRw3QqWbeTGpC5B,2017-03-17,15,album,3.55,2017,3
1,74,False,74,5975530,,4b13SJlne61y53KSEwuQtD,2017-03-16,1,single,3.54,2017,3
1,44,False,62,2041565,,0GHwcubAh10ID1apl4n22z,2017-03-10,1,single,4.51,2017,3
12,36,False,22,2625,japanese classical,7LihDPAjNjaGVD2WZJYsW0,2017-03-08,12,album,7.98,2017,3
3,78,False,88,122773292,soft pop,3T4tUhGYeRNVUGevb0wThu,2017-03-03,16,album,3.97,2017,3
1,56,False,88,122773292,soft pop,3T4tUhGYeRNVUGevb0wThu,2017-03-03,16,album,3.79,2017,3
6,79,False,88,122789460,soft pop,3T4tUhGYeRNVUGevb0wThu,2017-03-03,16,album,2.84,2017,3
13,61,False,88,122773292,soft pop,3T4tUhGYeRNVUGevb0wThu,2017-03-03,16,album,3.18,2017,3
14,57,False,88,122773292,soft pop,3T4tUhGYeRNVUGevb0wThu,2017-03-03,16,album,2.94,2017,3
2,78,False,88,122789460,soft pop,3T4tUhGYeRNVUGevb0wThu,2017-03-03,16,album,4.35,2017,3
5,88,False,88,122773292,soft pop,3T4tUhGYeRNVUGevb0wThu,2017-03-03,16,album,4.39,2017,3
16,57,False,88,122789460,soft pop,3T4tUhGYeRNVUGevb0wThu,2017-03-03,16,album,4.11,2017,3
4,88,False,88,122773292,soft pop,3T4tUhGYeRNVUGevb0wThu,2017-03-03,16,album,3.89,2017,3
12,73,False,88,122773292,soft pop,3T4tUhGYeRNVUGevb0wThu,2017-03-03,16,album,3.68,2017,3
10,64,False,88,122789460,soft pop,3T4tUhGYeRNVUGevb0wThu,2017-03-03,16,album,3.95,2017,3
15,65,False,88,122789460,soft pop,3T4tUhGYeRNVUGevb0wThu,2017-03-03,16,album,2.99,2017,3
8,60,False,88,122802777,soft pop,3T4tUhGYeRNVUGevb0wThu,2017-03-03,16,album,3.15,2017,3
7,75,False,88,122773292,soft pop,3T4tUhGYeRNVUGevb0wThu,2017-03-03,16,album,3.45,2017,3
9,59,False,88,122773292,soft pop,3T4tUhGYeRNVUGevb0wThu,2017-03-03,16,album,4.14,2017,3
11,62,False,88,122802777,soft pop,3T4tUhGYeRNVUGevb0wThu,2017-03-03,16,album,4.67,2017,3
3,62,False,61,1785857,,1jTdlev7AEaZWCDD2vBiQS,2017-03-01,6,album,5.68,2017,3
1,76,False,73,6111369,edm,1I4W7JKzYbl8VKRfD61DIS,2017-02-23,1,single,3.5,2017,2
1,69,True,76,12460874,,2e5CxfyEwBW115beiwh7Mc,2017-02-23,1,single,3.6,2017,2
1,68,False,69,6192505,r&b,3o09FMrUQ5TVBUYb6msCMi,2017-02-22,6,single,4.26,2017,2
1,4,False,77,6429788,,5fvUFzgVEni3L7769OabqQ,2017-02-20,1,single,2.88,2017,2
1,76,True,83,51719064,emo rap,3cyyJALrHc8LawnQNFYRWL,2017-02-20,1,single,2.1,2017,2
4,59,True,66,2133926,east coast hip hop,1hyd7RYmR54Elg3MhZzXJW,2017-02-17,12,album,3.19,2017,2
1,41,False,23,3279,,1ZVSgPi74n655eUn8cXdGI,2017-02-17,1,single,3.95,2017,2
1,66,False,76,8670063,tropical house,4VNy5ifZtW3E9SgffbGEti,2017-02-17,1,single,3.67,2017,2
2,43,False,76,9838934,,2rBHhp9tNShxTb529Hi5AS,2017-02-16,6,single,3.19,2017,2
1,76,False,76,8670011,tropical house,0IUCAsckpNyV4wHKIHQawC,2017-02-16,1,single,3.67,2017,2
1,0,True,85,45771951,pop,7oYKSApfrPWuKk8aH6rH7t,2017-02-14,1,single,3.9,2017,2
11,47,False,47,452756,gnawa,67SgIr5XQiQg4xYI7zFM4Q,2017-02-10,13,album,5.05,2017,2
9,69,False,82,30550549,,5VML6S956h4YfoYPooqLEi,2017-02-10,19,compilation,4.2,2017,2
9,54,False,82,30545962,,5tV3mMceoLdP5Yqn1ICVNo,2017-02-10,19,compilation,4.2,2017,2
1,77,False,65,2244656,,1rMmiDKa8V5H9yYTPAbLng,2017-02-10,19,album,3.33,2017,2
1,78,False,60,425593,,2EfmyRWheMtmVTCIsptsLi,2017-02-03,1,single,3.31,2017,2
3,63,True,74,11542638,,0XAIjjN5qxViVS0Y5fYkar,2017-02-03,14,album,3.7,2017,2
1,66,False,65,2473426,"country, pop country",2N7kidh1wA9EoLdf16QWrz,2017-02-01,1,single,2.75,2017,2
11,42,False,63,3029394,"country, country rock, country hip hop, acoustic country",42YmulIH1BikBWdnqelvnb,2017-01-27,16,album,3.49,2017,1
3,71,False,79,10462018,,5TxFJxig3GYqMq6oroffmA,2017-01-27,3,single,3.66,2017,1
7,40,False,63,3029394,"country, country rock, country hip hop, acoustic country",2lHWa2z1E8GjdHlOOUULmG,2017-01-27,50,album,3.13,2017,1
8,46,False,63,3029394,"country, country rock, country hip hop, acoustic country",42YmulIH1BikBWdnqelvnb,2017-01-27,16,album,3.69,2017,1
5,0,False,39,58190,"lo-fi, lo-fi hip hop, lo-fi beats",3pKxsYXy7h4ODIEDtmtFjf,2017-01-27,21,album,1.38,2017,1
1,71,True,79,10462018,,5TxFJxig3GYqMq6oroffmA,2017-01-27,3,single,3.91,2017,1
1,75,False,74,15121268,"edm, progressive house, electronica",2v9rQe4F8fVSh5v8bAq0jF,2017-01-27,1,single,3.68,2017,1
9,56,False,55,274288,,05WSKyQ8c6mY8IpIVangkd,2017-01-24,10,album,7.44,2017,1
2,53,False,55,274288,,05WSKyQ8c6mY8IpIVangkd,2017-01-24,10,album,6.81,2017,1
7,51,False,55,274288,,05WSKyQ8c6mY8IpIVangkd,2017-01-24,10,album,4.4,2017,1
1,1,False,46,80459,"witch house, drift phonk",4zilHatAUeMby2Lh1pEHpS,2017-01-22,1,single,2.9,2017,1
1,0,False,69,5292876,,1FulpD9JiAPbqP2F31pmUP,2017-01-13,1,single,2.93,2017,1
1,49,False,77,4780589,soundtrack,1SCyi9a5pOasikidToUY5y,2017-01-13,12,compilation,4.36,2017,1
1,5,False,88,122773292,soft pop,7oJa8bPFKVbq4c7NswXHw8,2017-01-06,1,single,3.89,2017,1
4,0,False,53,692223,pop punk,48weSvWTs8IQAaUUl3Db8r,2017-01-06,10,album,4.52,2017,1
1,52,False,54,368641,"celtic, medieval, ambient folk",0kXhUJKJAkFJ08lUqQlfmf,2016-12-28,1,single,3.74,2016,12
3,1,False,79,10462018,,7agIpPnZXBhJQcWHAvdQFx,2016-12-20,5,single,4.2,2016,12
2,78,True,79,10465301,,7p7vt3VZb5ORhePGbHAf8S,2016-12-20,5,single,3.53,2016,12
2,2,True,79,10468606,,7agIpPnZXBhJQcWHAvdQFx,2016-12-20,5,single,3.53,2016,12
5,0,True,79,10472219,,7agIpPnZXBhJQcWHAvdQFx,2016-12-20,5,single,3.72,2016,12
5,22,False,33,4141,medieval,29jd8yRfgwV4W5AXUfKw5D,2016-12-19,32,album,1.57,2016,12
19,43,False,63,430274,soundtrack,6h5p1LLfhcyYHnSVdlghJT,2016-12-16,21,album,5.86,2016,12
7,53,False,67,5273501,country,4GsvtpiQYDo6dYuFIgM4wT,2016-12-16,13,album,3.84,2016,12
4,66,True,76,5985945,"southern hip hop, rap, trap",4MoVPs5mVFmZ4N6RmNTFWB,2016-12-16,13,album,3.17,2016,12
9,37,False,67,5273567,country,4GsvtpiQYDo6dYuFIgM4wT,2016-12-16,13,album,3.47,2016,12
1,55,False,63,1229419,,79L5Jm5KDfXA19nozVqZcg,2016-12-16,1,single,3.86,2016,12
20,44,False,63,430168,soundtrack,6h5p1LLfhcyYHnSVdlghJT,2016-12-16,21,album,2.49,2016,12
11,61,True,85,47716988,"pop, hip hop, country",5s0rmjP8XOPhP6HhqOhuyC,2016-12-09,18,album,3.95,2016,12
13,60,True,86,47722935,"pop, hip hop, country",5s0rmjP8XOPhP6HhqOhuyC,2016-12-09,18,album,3.24,2016,12
9,0,True,86,47720209,"pop, hip hop, country",7J0uECwRkAFLiZljgYFq1w,2016-12-09,14,album,2.99,2016,12
9,73,True,86,47720209,"pop, hip hop, country",5s0rmjP8XOPhP6HhqOhuyC,2016-12-09,18,album,2.99,2016,12
1,64,False,60,2069542,,0rajxwGsaQ1sqoegXK6gvw,2016-12-09,1,single,2.92,2016,12
16,53,True,86,47720209,"pop, hip hop, country",5s0rmjP8XOPhP6HhqOhuyC,2016-12-09,18,album,4.15,2016,12
7,75,True,85,47716988,"pop, hip hop, country",5s0rmjP8XOPhP6HhqOhuyC,2016-12-09,18,album,3.72,2016,12
15,56,True,85,47716988,"pop, hip hop, country",5s0rmjP8XOPhP6HhqOhuyC,2016-12-09,18,album,5.41,2016,12
6,76,True,85,47716988,"pop, hip hop, country",5s0rmjP8XOPhP6HhqOhuyC,2016-12-09,18,album,4.27,2016,12
4,0,False,68,1485869,,58Zq3iYZFzaW4sm5Z8iwyt,2016-12-09,6,single,3.15,2016,12
14,55,True,85,47716988,"pop, hip hop, country",5s0rmjP8XOPhP6HhqOhuyC,2016-12-09,18,album,3.65,2016,12
5,52,True,86,47722935,"pop, hip hop, country",5s0rmjP8XOPhP6HhqOhuyC,2016-12-09,18,album,4.48,2016,12
12,2,True,85,47716988,"pop, hip hop, country",7J0uECwRkAFLiZljgYFq1w,2016-12-09,14,album,3.67,2016,12
12,79,True,86,47722935,"pop, hip hop, country",5s0rmjP8XOPhP6HhqOhuyC,2016-12-09,18,album,3.67,2016,12
3,67,True,82,27073781,rap,3CCnGldVQ90c26aFATC1PW,2016-12-09,10,album,4.41,2016,12
3,65,True,86,47720209,"pop, hip hop, country",5s0rmjP8XOPhP6HhqOhuyC,2016-12-09,18,album,3.9,2016,12
10,56,True,85,47716988,"pop, hip hop, country",5s0rmjP8XOPhP6HhqOhuyC,2016-12-09,18,album,3.28,2016,12
18,71,True,86,47720209,"pop, hip hop, country",5s0rmjP8XOPhP6HhqOhuyC,2016-12-09,18,album,4.28,2016,12
2,59,True,85,47716988,"pop, hip hop, country",5s0rmjP8XOPhP6HhqOhuyC,2016-12-09,18,album,3.46,2016,12
1,55,True,86,47720209,"pop, hip hop, country",5s0rmjP8XOPhP6HhqOhuyC,2016-12-09,18,album,3.89,2016,12
8,59,True,85,47716988,"pop, hip hop, country",5s0rmjP8XOPhP6HhqOhuyC,2016-12-09,18,album,3.23,2016,12
1,55,False,61,648181,,3o33GGQ8CEqEl1PV0pUduC,2016-12-09,7,album,3.51,2016,12
17,55,True,85,47716988,"pop, hip hop, country",5s0rmjP8XOPhP6HhqOhuyC,2016-12-09,18,album,3.74,2016,12
1,0,False,65,2833139,,3R2TVCA5PMMnEcVlIOCMEG,2016-12-09,10,album,3.8,2016,12
4,63,True,86,47722935,"pop, hip hop, country",5s0rmjP8XOPhP6HhqOhuyC,2016-12-09,18,album,2.99,2016,12
1,49,False,65,718418,soundtrack,43pttVYo7IjBvive3uebVF,2016-12-05,34,album,1.69,2016,12
1,1,False,78,14559779,,4Carzsnpd6yvuHZ49I0oz8,2016-12-02,11,album,6.32,2016,12
1,66,True,58,1119800,,15qLmAABocTCRBSbWWqL7K,2016-12-02,1,single,4.21,2016,12
6,4,True,78,14557537,,4Carzsnpd6yvuHZ49I0oz8,2016-12-02,11,album,5.44,2016,12
1,66,False,82,30541347,,1diZXhFKWvBHJg6YMEZ74b,2016-12-02,1,single,5.32,2016,12
6,46,False,57,1206124,baroque pop,6q1ZuWCnYTQb7KhXHZo947,2016-12-02,18,album,3.01,2016,12
9,34,False,17,841,,67xJf1a9vURzuid1dYQw0C,2016-12-02,11,album,2.05,2016,12
12,63,False,93,112918137,"r&b pop, alternative r&b, hip hop, synthpop",2ODvWsOgouMbaA5xf0RkJe,2016-11-25,18,album,3.66,2016,11
16,61,True,93,112957721,"r&b pop, alternative r&b, hip hop, synthpop",2ODvWsOgouMbaA5xf0RkJe,2016-11-25,18,album,5.35,2016,11
13,61,True,93,112918137,"r&b pop, alternative r&b, hip hop, synthpop",2ODvWsOgouMbaA5xf0RkJe,2016-11-25,18,album,3.29,2016,11
11,58,False,94,112995439,"r&b pop, alternative r&b, hip hop, synthpop",2ODvWsOgouMbaA5xf0RkJe,2016-11-25,18,album,3.72,2016,11
15,58,False,93,112957721,"r&b pop, alternative r&b, hip hop, synthpop",2ODvWsOgouMbaA5xf0RkJe,2016-11-25,18,album,3.31,2016,11
14,61,False,93,112918137,"r&b pop, alternative r&b, hip hop, synthpop",2ODvWsOgouMbaA5xf0RkJe,2016-11-25,18,album,3.69,2016,11
7,60,False,93,112918137,"r&b pop, alternative r&b, hip hop, synthpop",2ODvWsOgouMbaA5xf0RkJe,2016-11-25,18,album,3.43,2016,11
2,77,True,94,112995439,"r&b pop, alternative r&b, hip hop, synthpop",2ODvWsOgouMbaA5xf0RkJe,2016-11-25,18,album,4.15,2016,11
4,81,True,94,113039308,"r&b pop, alternative r&b, hip hop, synthpop",2ODvWsOgouMbaA5xf0RkJe,2016-11-25,18,album,3.64,2016,11
5,62,True,93,112918137,"r&b pop, alternative r&b, hip hop, synthpop",2ODvWsOgouMbaA5xf0RkJe,2016-11-25,18,album,3.88,2016,11
6,64,False,94,112995439,"r&b pop, alternative r&b, hip hop, synthpop",2ODvWsOgouMbaA5xf0RkJe,2016-11-25,18,album,4.42,2016,11
9,69,True,93,112957721,"r&b pop, alternative r&b, hip hop, synthpop",2ODvWsOgouMbaA5xf0RkJe,2016-11-25,18,album,3.85,2016,11
10,66,True,94,112995439,"r&b pop, alternative r&b, hip hop, synthpop",2ODvWsOgouMbaA5xf0RkJe,2016-11-25,18,album,3.95,2016,11
1,3,True,93,112957721,"r&b pop, alternative r&b, hip hop, synthpop",09fggMHib4YkOtwQNXEBII,2016-11-25,18,album,3.84,2016,11
8,74,False,93,112957721,"r&b pop, alternative r&b, hip hop, synthpop",2ODvWsOgouMbaA5xf0RkJe,2016-11-25,18,album,1.86,2016,11
17,79,False,93,112918137,"r&b pop, alternative r&b, hip hop, synthpop",2ODvWsOgouMbaA5xf0RkJe,2016-11-25,18,album,4.33,2016,11
3,63,False,93,112918137,"r&b pop, alternative r&b, hip hop, synthpop",2ODvWsOgouMbaA5xf0RkJe,2016-11-25,18,album,3.67,2016,11
18,77,False,93,112957721,"r&b pop, alternative r&b, hip hop, synthpop",2ODvWsOgouMbaA5xf0RkJe,2016-11-25,18,album,4.48,2016,11
17,86,False,93,112957721,"r&b pop, alternative r&b, hip hop, synthpop",4AdZV63ycxFLF6Hcol0QnB,2016-11-24,18,album,4.33,2016,11
8,79,False,93,112918137,"r&b pop, alternative r&b, hip hop, synthpop",4AdZV63ycxFLF6Hcol0QnB,2016-11-24,18,album,1.86,2016,11
18,20,False,75,5898725,"classical, requiem, opera, classical piano, chamber music",1D99kyHQ1wReBiEnKEIpWV,2016-11-22,50,compilation,3.65,2016,11
8,21,False,71,5716963,"classical, classical piano, chamber music",1D99kyHQ1wReBiEnKEIpWV,2016-11-22,50,compilation,7.24,2016,11
19,21,False,53,251044,"classical, opera",1D99kyHQ1wReBiEnKEIpWV,2016-11-22,50,compilation,3.18,2016,11
16,27,False,26,20377,nederpop,0txUbLfToiqjdDfasGEcKF,2016-11-18,19,compilation,3.52,2016,11
10,0,True,76,7961145,,0txUbLfToiqjdDfasGEcKF,2016-11-18,19,compilation,5.78,2016,11
14,0,False,64,1327111,,0txUbLfToiqjdDfasGEcKF,2016-11-18,19,compilation,3.99,2016,11
3,81,True,66,4592239,,3Wv4X8OA65pGpFzBkuUgAh,2016-11-18,14,album,3.65,2016,11
18,14,False,41,18164,,0txUbLfToiqjdDfasGEcKF,2016-11-18,19,compilation,3.72,2016,11
1,55,False,81,5276981,dancehall,27GgLK0HKntNztodo6Naom,2016-11-18,1,single,3.68,2016,11
1,83,False,90,118692183,"alternative pop, electropop, dark pop",2msN7XBgV3JCjQ7Tq3t7i9,2016-11-18,1,single,3.34,2016,11
17,14,False,68,3737235,,0txUbLfToiqjdDfasGEcKF,2016-11-18,19,compilation,4.51,2016,11
15,0,False,61,755390,"nu jazz, downtempo",0txUbLfToiqjdDfasGEcKF,2016-11-18,19,compilation,6.16,2016,11
4,87,False,89,75455093,,4PgleR09JVnm3zY1fW3XBA,2016-11-17,9,album,3.44,2016,11
9,74,False,89,75455093,,4PgleR09JVnm3zY1fW3XBA,2016-11-17,9,album,4.69,2016,11
5,80,False,90,75474551,,4PgleR09JVnm3zY1fW3XBA,2016-11-17,9,album,4.35,2016,11
1,82,False,89,75455093,,4PgleR09JVnm3zY1fW3XBA,2016-11-17,9,album,3.76,2016,11
7,64,False,90,75474551,,4PgleR09JVnm3zY1fW3XBA,2016-11-17,9,album,4.16,2016,11
2,70,False,89,75455093,,4PgleR09JVnm3zY1fW3XBA,2016-11-17,9,album,3.11,2016,11
3,62,False,89,75455093,,4PgleR09JVnm3zY1fW3XBA,2016-11-17,9,album,3.5,2016,11
1,73,False,90,118692183,"alternative pop, electropop, dark pop",74TRp3O8BRdGxc0XO0UzoY,2016-11-17,1,single,3.16,2016,11
6,62,False,90,75492598,,4PgleR09JVnm3zY1fW3XBA,2016-11-17,9,album,3.3,2016,11
8,74,False,89,75455093,,4PgleR09JVnm3zY1fW3XBA,2016-11-17,9,album,3.18,2016,11
1,62,False,72,2069532,,46yAYzRhSMPA44m0MzSr6g,2016-11-15,1,single,4.03,2016,11
8,67,False,66,1555597,,0UIIvTTWNB3gRQWFoxoEDh,2016-11-04,10,album,4.05,2016,11
1,39,False,58,435937,glam rock,10g6Q4dcrVDxhAWvFM6svb,2016-11-04,1,single,4.16,2016,11
2,77,False,66,982462,,66KCBRiOFSs9bki2A15WlB,2016-11-04,12,album,3.25,2016,11
15,46,False,49,47193,soundtrack,7jHwf1s7rFKZern6oM1tXo,2016-11-04,16,compilation,5.82,2016,11
6,74,False,65,1005606,,1xz1n7gyY02veDxH50SQHQ,2016-11-04,6,single,3.27,2016,11
3,41,True,79,20852039,soft pop,7oiJYvEJHsmYtrgviAVIBD,2016-10-28,17,album,3.96,2016,10
2,85,False,79,20854863,soft pop,7oiJYvEJHsmYtrgviAVIBD,2016-10-28,17,album,3.52,2016,10
4,79,False,79,20852039,soft pop,7oiJYvEJHsmYtrgviAVIBD,2016-10-28,17,album,4.11,2016,10
6,79,False,79,20852039,soft pop,7oiJYvEJHsmYtrgviAVIBD,2016-10-28,17,album,3.48,2016,10
14,65,False,82,30541347,,2eV6DIPDnGl1idcjww6xyX,2016-10-21,19,album,3.5,2016,10
5,78,False,82,30545962,,2eV6DIPDnGl1idcjww6xyX,2016-10-21,19,album,3.62,2016,10
1,61,False,63,3702045,singer-songwriter,3jeTB3j3QmUs8SPIVleHtU,2016-10-21,9,album,4.73,2016,10
8,65,False,58,984041,french pop,2S12TNfqdnUFdTfYlE96tb,2016-10-21,10,album,4.15,2016,10
7,75,False,88,42237551,"art pop, pop",2ZUwFxlWo0gwTsvZ6L4Meh,2016-10-21,14,album,3.42,2016,10
30,2,False,38,6381,medieval,6ERIx2c5kFBBFj6CEI7BWd,2016-10-21,38,compilation,3.44,2016,10
7,58,True,57,885278,,0NrZHZ0y5kTO8EHliuUUca,2016-10-21,14,album,3.75,2016,10
6,68,False,82,30541347,,2eV6DIPDnGl1idcjww6xyX,2016-10-21,19,album,3.52,2016,10
4,16,False,55,257992,french house,6rkKOTP3oBns0nR6mfHOsH,2016-10-21,12,album,4.0,2016,10
2,63,False,58,926281,,78BjMfLH8YUXM6hbodHKmA,2016-10-21,10,album,3.93,2016,10
18,32,False,63,430168,soundtrack,6wLxqu3cGnJoJZyiA3Pe10,2016-10-21,19,album,2.91,2016,10
12,0,False,64,430400,soundtrack,2oW9BzfW7P0GCPxNdFXu8T,2016-10-21,19,album,1.57,2016,10
2,10,True,85,11137714,,5qfhZ5YkZ4LhEUbYgjrWt6,2016-10-21,2,single,4.51,2016,10
2,0,False,52,231471,baroque pop,0hImxRe0tSmrxTyNXAp5ip,2016-10-14,9,album,3.82,2016,10
6,52,False,42,91548,,61z9zG7jcyAySrKPWZa39M,2016-10-14,10,album,6.15,2016,10
2,42,False,66,2546120,"indie, indie rock",6PmuEq2op3EMw1ZhCjjucB,2016-10-14,15,album,4.96,2016,10
1,0,False,28,13129,,4zyWlTU5kJc3u20PyEq3AB,2016-10-14,1,single,2.66,2016,10
1,1,False,85,45777722,pop,0fvTn3WXF39kQs9i3bnNpP,2016-10-11,1,single,3.57,2016,10
4,55,False,69,967413,,0NQ6Dn9si4mgFKoRoBGkn8,2016-10-07,10,album,2.96,2016,10
3,53,False,69,967413,,0NQ6Dn9si4mgFKoRoBGkn8,2016-10-07,10,album,3.65,2016,10
6,49,False,69,967620,,0NQ6Dn9si4mgFKoRoBGkn8,2016-10-07,10,album,2.85,2016,10
8,38,False,69,967413,,0NQ6Dn9si4mgFKoRoBGkn8,2016-10-07,10,album,4.98,2016,10
4,32,False,84,49050008,"pop rock, alternative pop, pop punk",40YjPXmE1d3ajv2dcU2Bhx,2016-10-07,4,single,2.51,2016,10
1,27,False,85,49083617,"pop rock, alternative pop, pop punk",40YjPXmE1d3ajv2dcU2Bhx,2016-10-07,4,single,0.91,2016,10
2,23,False,25,14911,,21JumdO7zlfuyIf7Np3RVx,2016-10-07,5,single,3.23,2016,10
3,26,False,84,49050008,"pop rock, alternative pop, pop punk",40YjPXmE1d3ajv2dcU2Bhx,2016-10-07,4,single,1.57,2016,10
6,4,False,69,1846218,,3NoYyHEGIa8as1c0cisZAt,2016-10-07,14,album,3.18,2016,10
1,65,False,61,618711,,1kKF2bWhCvSNNmWFqQVFei,2016-09-27,1,single,1.92,2016,9
2,58,True,82,15689879,"emo rap, cloud rap",2XCSTHVFG50wCnWPnkerRh,2016-09-25,16,album,2.92,2016,9
11,63,True,82,15689879,"emo rap, cloud rap",2XCSTHVFG50wCnWPnkerRh,2016-09-25,16,album,4.0,2016,9
3,64,True,82,15695162,"emo rap, cloud rap",2XCSTHVFG50wCnWPnkerRh,2016-09-25,16,album,3.29,2016,9
15,69,True,82,15689879,"emo rap, cloud rap",2XCSTHVFG50wCnWPnkerRh,2016-09-25,16,album,2.67,2016,9
1,34,False,44,512699,dream pop,18REqENWyDEdkdERylgdgw,2016-09-23,11,album,4.7,2016,9
2,71,False,82,15830822,,65ayND23IInUPHJKsaAqe7,2016-09-23,13,compilation,3.95,2016,9
8,42,False,59,304570,,5pt1GAcmsDuMUXgelOQYXA,2016-09-19,8,album,3.87,2016,9
9,84,True,89,41131037,rap,42WVQWuf1teDysXiOupIZt,2016-09-16,14,album,4.06,2016,9
5,66,True,89,41107596,rap,42WVQWuf1teDysXiOupIZt,2016-09-16,14,album,3.56,2016,9
1,64,False,73,3770138,"metal, hard rock",2uaQ1K2eSqaWeVQRXeuGdN,2016-09-16,15,album,3.98,2016,9
1,73,False,84,23078931,edm,0dzeoQhVNzKkwM5ieOJC54,2016-09-16,1,single,3.65,2016,9
5,34,False,89,41131037,rap,3BXMEMy2oP1f7bp3YjDoR9,2016-09-15,14,album,3.56,2016,9
12,64,False,74,7052478,"country, acoustic country",2EhCp9jUMBdrJIrnDrhw4L,2016-09-09,15,album,3.38,2016,9
6,45,False,74,7052478,"country, acoustic country",2EhCp9jUMBdrJIrnDrhw4L,2016-09-09,15,album,3.55,2016,9
1,62,False,75,7054208,"country, acoustic country",2EhCp9jUMBdrJIrnDrhw4L,2016-09-09,15,album,3.24,2016,9
1,0,False,56,106730,soundtrack,7LAtVqVh3ojtwDNSuEdNn2,2016-09-01,21,compilation,4.19,2016,9
13,36,False,72,4694955,"norwegian pop, art pop",69YLD3zIxQt55bHjVlhLTP,2016-08-26,20,album,3.3,2016,8
2,0,False,55,608024,neo-psychedelic,1qMDN9zRQreK81cJ9G1hed,2016-08-26,11,album,2.95,2016,8
10,36,False,72,4699258,"norwegian pop, art pop",69YLD3zIxQt55bHjVlhLTP,2016-08-26,20,album,3.54,2016,8
6,36,False,72,4696577,"norwegian pop, art pop",69YLD3zIxQt55bHjVlhLTP,2016-08-26,20,album,3.46,2016,8
18,26,False,72,4694955,"norwegian pop, art pop",69YLD3zIxQt55bHjVlhLTP,2016-08-26,20,album,4.73,2016,8
4,36,False,72,4694955,"norwegian pop, art pop",69YLD3zIxQt55bHjVlhLTP,2016-08-26,20,album,4.22,2016,8
20,30,False,72,4696577,"norwegian pop, art pop",69YLD3zIxQt55bHjVlhLTP,2016-08-26,20,album,4.19,2016,8
9,36,False,72,4694955,"norwegian pop, art pop",69YLD3zIxQt55bHjVlhLTP,2016-08-26,20,album,3.33,2016,8
14,37,False,72,4697897,"norwegian pop, art pop",69YLD3zIxQt55bHjVlhLTP,2016-08-26,20,album,3.64,2016,8
15,33,False,72,4697897,"norwegian pop, art pop",69YLD3zIxQt55bHjVlhLTP,2016-08-26,20,album,2.99,2016,8
12,35,False,72,4694955,"norwegian pop, art pop",69YLD3zIxQt55bHjVlhLTP,2016-08-26,20,album,4.71,2016,8
7,44,False,72,4694955,"norwegian pop, art pop",69YLD3zIxQt55bHjVlhLTP,2016-08-26,20,album,4.57,2016,8
19,26,False,72,4694955,"norwegian pop, art pop",69YLD3zIxQt55bHjVlhLTP,2016-08-26,20,album,3.55,2016,8
11,35,False,72,4694955,"norwegian pop, art pop",69YLD3zIxQt55bHjVlhLTP,2016-08-26,20,album,4.41,2016,8
8,39,False,72,4699258,"norwegian pop, art pop",69YLD3zIxQt55bHjVlhLTP,2016-08-26,20,album,3.71,2016,8
1,57,False,72,4696577,"norwegian pop, art pop",69YLD3zIxQt55bHjVlhLTP,2016-08-26,20,album,4.14,2016,8
3,49,False,72,4694955,"norwegian pop, art pop",69YLD3zIxQt55bHjVlhLTP,2016-08-26,20,album,3.24,2016,8
17,29,False,72,4694955,"norwegian pop, art pop",69YLD3zIxQt55bHjVlhLTP,2016-08-26,20,album,3.83,2016,8
2,39,False,72,4694955,"norwegian pop, art pop",69YLD3zIxQt55bHjVlhLTP,2016-08-26,20,album,3.45,2016,8
1,68,True,50,400264,,6YCcGxz3l1shgr3F7XbNee,2016-08-26,1,single,3.23,2016,8
5,38,False,72,4694955,"norwegian pop, art pop",69YLD3zIxQt55bHjVlhLTP,2016-08-26,20,album,4.06,2016,8
16,29,False,72,4697897,"norwegian pop, art pop",69YLD3zIxQt55bHjVlhLTP,2016-08-26,20,album,4.11,2016,8
21,29,False,31,1438,,70vCb4ZDhH3SuRjIrngCF4,2016-08-24,26,album,2.66,2016,8
1,32,False,23,1974,,1jCfzTRSGbTSr8IGiBoROz,2016-08-22,26,compilation,2.75,2016,8
9,18,False,13,350,,1jCfzTRSGbTSr8IGiBoROz,2016-08-22,26,compilation,3.73,2016,8
3,86,False,84,20293960,,3mH6qwIy9crq0I9YQbOuDf,2016-08-20,17,album,3.07,2016,8
14,84,False,83,20280852,,3mH6qwIy9crq0I9YQbOuDf,2016-08-20,17,album,4.14,2016,8
2,82,True,83,20280852,,3mH6qwIy9crq0I9YQbOuDf,2016-08-20,17,album,4.15,2016,8
1,70,False,78,13212719,,6YIaqFvhOWma5gbjcB18Nu,2016-08-19,1,single,4.01,2016,8
1,60,False,54,136230,"soundtrack, synthwave",1puplOrvmUGoq2VxsB0ENJ,2016-08-12,36,album,1.12,2016,8
5,77,True,69,7767068,,5v6iBhIlflzR9rEd1LAMbd,2016-08-12,14,album,4.86,2016,8
3,28,False,59,114864,soundtrack,7dOhWd2mzAxFogccMQWAg0,2016-08-05,16,album,2.17,2016,8
13,86,False,77,9277034,,02sEJTj1sye1JaqxqpcSCp,2016-08-05,14,album,3.43,2016,8
2,77,False,77,9277034,,02sEJTj1sye1JaqxqpcSCp,2016-08-05,14,album,3.67,2016,8
3,0,False,65,688597,,3SmiRZtLKHDHk5bmLpOvtg,2016-08-05,4,single,3.25,2016,8
5,76,True,78,8661889,,5rOHrnrRomvSJhQLGVtfJ8,2016-08-05,14,compilation,2.95,2016,8
1,86,False,80,21360805,,0rSLgV8p5FzfnqlEk4GzxE,2016-07-29,1,single,4.08,2016,7
4,38,False,26,13493,"trip hop, nu jazz, downtempo",7E2ywKWuWzaBGXmxk46F96,2016-07-29,10,album,5.39,2016,7
1,71,True,67,2177376,,1T2zfKOl2TFkwRuQ7arglc,2016-07-29,4,single,2.15,2016,7
2,56,True,67,2177447,,1T2zfKOl2TFkwRuQ7arglc,2016-07-29,4,single,2.8,2016,7
1,78,False,74,15121577,"edm, progressive house, electronica",1FOJ5IXGXe8dl0cXvCU6wK,2016-07-29,1,single,3.26,2016,7
3,62,False,67,2177177,,1T2zfKOl2TFkwRuQ7arglc,2016-07-29,4,single,2.4,2016,7
1,71,False,66,8862299,,18pR217SWwBjODSRWFBw0I,2016-07-22,1,single,3.03,2016,7
1,68,False,73,6302021,moombahton,3Kmo85mapQ2wTaCAHBkKsK,2016-07-22,1,single,3.08,2016,7
1,2,False,73,6302021,moombahton,3o99825qhG7K7D07naRs4F,2016-07-22,1,single,3.08,2016,7
3,68,True,84,23806936,,4I3EcXD4e3KcEoDJfFEZ5b,2016-07-15,9,album,4.31,2016,7
2,67,True,84,23822155,,4I3EcXD4e3KcEoDJfFEZ5b,2016-07-15,9,album,3.91,2016,7
35,52,False,58,165439,"anime, soundtrack",173zS6O8pRYiAU3UJUzg2S,2016-07-13,35,album,3.42,2016,7
1,63,False,58,165536,"anime, soundtrack",173zS6O8pRYiAU3UJUzg2S,2016-07-13,35,album,3.81,2016,7
2,0,False,53,1045334,country,4HUIhXljD7mEOJDEn9ytCC,2016-07-12,12,album,3.52,2016,7
3,35,False,41,61404,,5M9BayikE0SjNp4PNpVZtr,2016-07-11,4,single,4.49,2016,7
11,19,False,68,2041384,,0e44PVRAX077c6Q2ULA2aC,2016-07-08,40,compilation,3.41,2016,7
1,24,False,40,149033,"alternative r&b, art pop",2BMISYzX6uKJQlDLtH97iC,2016-07-08,6,single,7.61,2016,7
3,69,False,62,879067,,5wAGlQICfKYQfaBppnUbmP,2016-07-08,11,album,4.56,2016,7
8,30,False,58,111922,"anime, soundtrack",7DQCQeGbnpjr3tF7p3f2jA,2016-07-06,25,album,2.29,2016,7
21,37,False,58,112003,"anime, soundtrack",7DQCQeGbnpjr3tF7p3f2jA,2016-07-06,25,album,2.02,2016,7
24,38,False,58,111922,"anime, soundtrack",7DQCQeGbnpjr3tF7p3f2jA,2016-07-06,25,album,2.02,2016,7
2,73,True,82,15689879,"emo rap, cloud rap",26dxoE2E0uXPs8zhlo7PxR,2016-07-04,3,single,2.41,2016,7
1,44,False,48,24951,soundtrack,0vQW7tVDwoJHMSTqWmnaKC,2016-06-30,25,album,3.34,2016,6
2,0,True,82,15684530,"emo rap, cloud rap",4W0UHmB35BRaSp8gge7x73,2016-06-30,6,single,3.56,2016,6
1,61,False,59,190060,,4fpw9otqwjuKWM7OLu8DgP,2016-06-30,5,single,3.14,2016,6
8,0,True,82,15695162,"emo rap, cloud rap",6ay4qFjg5VgZFqJmiGcIIm,2016-06-30,10,album,2.95,2016,6
12,0,True,82,15684530,"emo rap, cloud rap",3PGFdp8MUJ25eJjUl0O58X,2016-06-30,16,album,2.83,2016,6
14,67,True,58,3553104,,0cHT4ll3sEPyFFWoFuibMl,2016-06-26,14,album,4.11,2016,6
2,1,False,83,66734917,soft pop,0K4pIOOsfJ9lK8OjrZfXzd,2016-06-24,11,album,3.71,2016,6
4,56,False,53,411540,southern gothic,5AYoffF42E0cgDuuNgzYir,2016-06-24,11,album,2.87,2016,6
3,0,False,65,718358,soundtrack,29zyqYXwLn4nNTPkRNSOuJ,2016-06-24,26,album,9.81,2016,6
4,0,False,59,786994,,3N9J3rnfoDQmYLHTcRm1VB,2016-06-24,15,album,4.07,2016,6
1,0,False,83,66705650,soft pop,0K4pIOOsfJ9lK8OjrZfXzd,2016-06-24,11,album,4.92,2016,6
12,0,False,49,435367,,0pfOC2s36015PQ8Wh0xMaV,2016-06-23,16,album,3.0,2016,6
11,0,False,49,435368,,0pfOC2s36015PQ8Wh0xMaV,2016-06-23,16,album,3.78,2016,6
1,72,True,53,317304,,5qBu7Ab6alstSCAzxTJMb1,2016-06-17,1,single,2.95,2016,6
2,76,False,83,23226759,"funk rock, alternative rock, rock",43otFXrY0bgaq5fB3GrZj6,2016-06-17,13,album,5.03,2016,6
1,81,False,83,25761380,,3J8W9AOjQhnBLCX33m3atT,2016-06-16,1,single,3.26,2016,6
3,46,False,65,3316476,country,2GIrLP0PWskhZAJaHQtDux,2016-06-10,13,album,3.51,2016,6
2,78,True,89,31038851,rap,7gsWAHLeT0w7es6FofOXk1,2016-06-10,20,album,2.26,2016,6
5,72,True,82,15684530,"emo rap, cloud rap",2tLt6wYVuseWCe6IwDSlTm,2016-06-10,10,album,2.89,2016,6
4,46,False,65,3316476,country,2GIrLP0PWskhZAJaHQtDux,2016-06-10,13,album,3.45,2016,6
2,43,False,65,3315988,country,2GIrLP0PWskhZAJaHQtDux,2016-06-10,13,album,3.55,2016,6
7,60,True,82,15695162,"emo rap, cloud rap",2tLt6wYVuseWCe6IwDSlTm,2016-06-10,10,album,2.03,2016,6
1,58,False,65,3315988,country,2GIrLP0PWskhZAJaHQtDux,2016-06-10,13,album,3.51,2016,6
1,61,True,89,31038851,rap,1xuSorM2dDIiB5zhftB5NY,2016-06-10,1,compilation,5.57,2016,6
9,1,True,82,15689879,"emo rap, cloud rap",4MTh1JiOhgK2BQQjKI5RyI,2016-06-10,10,album,2.2,2016,6
3,64,True,82,15695162,"emo rap, cloud rap",2tLt6wYVuseWCe6IwDSlTm,2016-06-10,10,album,1.87,2016,6
1,33,False,25,4848,,0AQGkvIJ84lJkt7JfcIoP0,2016-06-03,23,album,1.15,2016,6
1,2,False,72,3877733,tropical house,163nFrWkhj8FwiwJ11Gu93,2016-06-03,1,single,3.27,2016,6
1,68,True,84,12421354,"rap, melodic rap, trap",4MDMfOdhV1IyoRnklwOHG9,2016-06-03,1,single,4.2,2016,6
7,49,False,49,17501,medieval,1C1wp0FcQRAU74VfkDWwSV,2016-06-01,25,album,3.96,2016,6
15,47,False,49,17431,medieval,1C1wp0FcQRAU74VfkDWwSV,2016-06-01,25,album,2.08,2016,6
9,46,False,48,64582,"medieval, folk metal",1C1wp0FcQRAU74VfkDWwSV,2016-06-01,25,album,2.34,2016,6
18,52,False,49,17431,medieval,1C1wp0FcQRAU74VfkDWwSV,2016-06-01,25,album,4.03,2016,6
2,49,False,52,23962,"medieval, soundtrack",1C1wp0FcQRAU74VfkDWwSV,2016-06-01,25,album,3.17,2016,6
25,47,False,56,90176,"medieval, soundtrack",1C1wp0FcQRAU74VfkDWwSV,2016-06-01,25,album,1.16,2016,6
14,38,False,52,24104,"medieval, soundtrack",1C1wp0FcQRAU74VfkDWwSV,2016-06-01,25,album,3.07,2016,6
10,60,True,74,6033166,,71QyofYesSsRMwFOTafnhB,2016-05-27,14,album,2.35,2016,5
5,56,False,62,1176765,"indie, indie rock",07IHAhsG4FnnfHQSb3bbAZ,2016-05-27,11,album,4.15,2016,5
2,79,False,69,16221646,,0pF0oyuPNdOObniB1Ng0kW,2016-05-27,12,album,3.57,2016,5
5,49,True,68,2508510,future bass,1sxqYNzozsrgu0Vh6jQ6Lr,2016-05-27,16,album,4.37,2016,5
2,3,True,68,2508551,future bass,6pFOh9PfVU4NUycoWYkEl2,2016-05-27,16,album,3.91,2016,5
1,0,False,33,1965,,2rnjKoSvcoxIfwXnXynChe,2016-05-24,21,compilation,1.9,2016,5
5,66,True,90,107389514,pop,5X7x18kW3mVIvnuNeedM6b,2016-05-20,17,album,3.76,2016,5
1,47,False,49,198619,,35FWLG8Ysjj1BF3sx4F6zM,2016-05-20,10,album,3.86,2016,5
8,61,False,69,7507062,country,4JmphteFDt5gNZbgraR9Dc,2016-05-20,15,album,3.15,2016,5
3,61,False,90,107401919,pop,5X7x18kW3mVIvnuNeedM6b,2016-05-20,17,album,2.98,2016,5
5,62,False,69,7507062,country,4JmphteFDt5gNZbgraR9Dc,2016-05-20,15,album,3.67,2016,5
2,38,False,48,234627,"blues rock, modern blues, garage rock",3OTIQe9TKVBc8wR6JWhlQU,2016-05-20,11,album,2.62,2016,5
2,68,False,62,1379500,norwegian pop,5iK2afnsB8wwv9WULCE9e7,2016-05-20,5,single,3.47,2016,5
11,53,True,90,107389514,pop,5X7x18kW3mVIvnuNeedM6b,2016-05-20,17,album,2.96,2016,5
4,3,False,90,107401919,pop,3OZgEywV4krCZ814pTJWr7,2016-05-20,15,album,4.07,2016,5
2,0,False,90,107389514,pop,4lVR2fg3DAUQpGVJ6DciHW,2016-05-20,15,album,3.93,2016,5
9,62,True,90,107418606,pop,5X7x18kW3mVIvnuNeedM6b,2016-05-20,17,album,3.24,2016,5
1,67,False,87,27139342,edm,7EvlnQaVuUuFLIeSuE6nRq,2016-05-13,1,single,3.45,2016,5
1,0,False,81,18700851,soft pop,5Chom5Q2CLEqUjdSdroG0K,2016-05-13,1,single,2.83,2016,5
9,75,False,73,2338518,"country, acoustic country",1DTBcVfk3zXPHRmgpY6rFZ,2016-05-13,12,album,3.42,2016,5
20,0,False,95,103094105,rap,0G1ffjfFuTUTVjDrVdLimH,2016-05-13,20,album,4.45,2016,5
12,1,False,95,103039388,rap,0G1ffjfFuTUTVjDrVdLimH,2016-05-13,20,album,2.89,2016,5
2,0,False,53,92288,soundtrack,2jPRHN04Gcaj6GBnW1jOUW,2016-05-10,24,album,1.28,2016,5
1,0,False,53,92288,soundtrack,2jPRHN04Gcaj6GBnW1jOUW,2016-05-10,24,album,1.91,2016,5
2,80,True,95,103126025,rap,40GMAhriYJRO1rsY4YdrZb,2016-05-06,20,album,4.26,2016,5
1,75,False,81,15820264,,40LbnfieVTWtHrK24WQeEB,2016-05-06,1,single,3.93,2016,5
14,67,True,95,103067383,rap,40GMAhriYJRO1rsY4YdrZb,2016-05-06,20,album,4.02,2016,5
17,72,True,95,103039388,rap,40GMAhriYJRO1rsY4YdrZb,2016-05-06,20,album,1.77,2016,5
16,73,True,95,103094105,rap,40GMAhriYJRO1rsY4YdrZb,2016-05-06,20,album,4.38,2016,5
3,65,True,95,103039388,rap,40GMAhriYJRO1rsY4YdrZb,2016-05-06,20,album,4.95,2016,5
19,62,True,95,103067383,rap,40GMAhriYJRO1rsY4YdrZb,2016-05-06,20,album,5.19,2016,5
6,66,True,95,103039388,rap,40GMAhriYJRO1rsY4YdrZb,2016-05-06,20,album,4.22,2016,5
11,72,True,95,103067383,rap,40GMAhriYJRO1rsY4YdrZb,2016-05-06,20,album,4.08,2016,5
9,57,True,95,103094105,rap,40GMAhriYJRO1rsY4YdrZb,2016-05-06,20,album,4.83,2016,5
4,76,True,95,103067383,rap,40GMAhriYJRO1rsY4YdrZb,2016-05-06,20,album,4.01,2016,5
18,73,True,95,103039388,rap,40GMAhriYJRO1rsY4YdrZb,2016-05-06,20,album,3.96,2016,5
15,59,True,95,103067383,rap,40GMAhriYJRO1rsY4YdrZb,2016-05-06,20,album,3.54,2016,5
7,68,True,95,103039388,rap,40GMAhriYJRO1rsY4YdrZb,2016-05-06,20,album,5.56,2016,5
10,64,True,95,103039388,rap,40GMAhriYJRO1rsY4YdrZb,2016-05-06,20,album,3.16,2016,5
2,62,False,64,2565642,"country, acoustic country",7EZEhfO3ULNRHwX2jaiGei,2016-05-06,12,album,3.77,2016,5
12,61,False,95,103039388,rap,2yIwhsIWGRQzGQdn1czSK0,2016-05-06,20,album,2.89,2016,5
8,63,True,95,103094105,rap,40GMAhriYJRO1rsY4YdrZb,2016-05-06,20,album,3.25,2016,5
13,58,True,95,103039388,rap,40GMAhriYJRO1rsY4YdrZb,2016-05-06,20,album,3.67,2016,5
20,80,False,95,103039388,rap,40GMAhriYJRO1rsY4YdrZb,2016-05-06,20,album,4.45,2016,5
5,59,True,95,103094105,rap,40GMAhriYJRO1rsY4YdrZb,2016-05-06,20,album,3.49,2016,5
13,80,True,68,1526336,,6Phl1V5P0sPrWJytXHGFeO,2016-05-06,18,album,3.29,2016,5
2,67,False,77,27288825,,4Sp6HR4bYIsiOBO9pPaZv8,2016-05-06,14,compilation,4.09,2016,5
1,63,True,95,103039388,rap,40GMAhriYJRO1rsY4YdrZb,2016-05-06,20,album,5.48,2016,5
4,69,False,59,369917,,3Q2vDJ86mDQYcvOcd5sWwn,2016-04-29,11,album,2.88,2016,4
1,78,False,84,23079295,edm,3pEgGUv379EDinvg1TN7Kt,2016-04-29,1,single,3.7,2016,4
5,60,True,84,41172203,,7dK54iZuOxXFarGhXwEXfF,2016-04-23,13,album,4.34,2016,4
11,78,False,84,41176723,,7dK54iZuOxXFarGhXwEXfF,2016-04-23,13,album,5.36,2016,4
6,60,False,84,41172203,,7dK54iZuOxXFarGhXwEXfF,2016-04-23,13,album,4.79,2016,4
3,60,True,84,41172203,,7dK54iZuOxXFarGhXwEXfF,2016-04-23,13,album,3.89,2016,4
12,69,True,84,41172203,,7dK54iZuOxXFarGhXwEXfF,2016-04-23,13,album,3.43,2016,4
9,49,False,84,41180800,,7dK54iZuOxXFarGhXwEXfF,2016-04-23,13,album,1.32,2016,4
10,62,False,84,41176723,,7dK54iZuOxXFarGhXwEXfF,2016-04-23,13,album,4.82,2016,4
2,63,True,84,41172203,,7dK54iZuOxXFarGhXwEXfF,2016-04-23,13,album,3.68,2016,4
1,61,False,84,41180800,,7dK54iZuOxXFarGhXwEXfF,2016-04-23,13,album,3.26,2016,4
8,56,True,84,41176723,,7dK54iZuOxXFarGhXwEXfF,2016-04-23,13,album,3.04,2016,4
4,64,True,84,41172203,,7dK54iZuOxXFarGhXwEXfF,2016-04-23,13,album,3.87,2016,4
13,56,True,84,41172203,,7dK54iZuOxXFarGhXwEXfF,2016-04-23,13,album,3.4,2016,4
7,66,False,84,41176723,,7dK54iZuOxXFarGhXwEXfF,2016-04-23,13,album,3.95,2016,4
6,68,False,57,615432,bedroom pop,7ywSMs3G2OWOGVKMqc7KsE,2016-04-20,15,album,3.12,2016,4
11,35,False,50,37513,,3aE3jpLLfDpmAb0mhxB5tm,2016-04-15,24,album,2.96,2016,4
1,67,False,78,18205037,,09K53TLaJZ156prccNvwuS,2016-04-15,1,single,3.59,2016,4
10,82,True,88,22675640,rap,3jJKDKdlwRS584zUlHV2Ly,2016-04-13,12,album,5.22,2016,4
2,5,False,76,5903211,"folk pop, indie folk",5y1YWb4OONEGbxZQLRNUwO,2016-04-08,11,album,2.66,2016,4
1,68,False,74,13708054,,5Bd99eGJKXoRMnqgqWlWmp,2016-04-07,1,single,3.63,2016,4
1,62,True,57,885355,,4mchkmnzdTYIEAnw2FijA3,2016-04-06,1,single,3.75,2016,4
1,83,False,69,2945445,dansk pop,4rFrdkSWs0dtj0rWPzOk1v,2016-04-01,11,album,3.95,2016,4
12,53,True,90,107389514,pop,1QRP5lutJodPixU2EWfnD7,2016-04-01,15,album,3.77,2016,4
3,59,False,90,107418606,pop,1QRP5lutJodPixU2EWfnD7,2016-04-01,15,album,2.98,2016,4
6,73,False,90,107401919,pop,1QRP5lutJodPixU2EWfnD7,2016-04-01,15,album,3.73,2016,4
1,62,False,90,107401919,pop,1QRP5lutJodPixU2EWfnD7,2016-04-01,15,album,3.37,2016,4
2,80,False,90,107389514,pop,1QRP5lutJodPixU2EWfnD7,2016-04-01,15,album,3.93,2016,4
9,78,True,90,107389514,pop,1QRP5lutJodPixU2EWfnD7,2016-04-01,15,album,3.24,2016,4
5,38,False,40,113934,"bluegrass, newgrass, folk, indie folk",0xBcyQgq7Da8Uo1pPTKzR8,2016-04-01,11,album,3.07,2016,4
5,81,True,90,107389514,pop,1QRP5lutJodPixU2EWfnD7,2016-04-01,15,album,3.76,2016,4
10,56,False,90,107401919,pop,1QRP5lutJodPixU2EWfnD7,2016-04-01,15,album,3.77,2016,4
7,67,False,90,107401919,pop,1QRP5lutJodPixU2EWfnD7,2016-04-01,15,album,3.58,2016,4
11,45,True,90,107389514,pop,1QRP5lutJodPixU2EWfnD7,2016-04-01,15,album,2.96,2016,4
4,82,False,90,107389514,pop,1QRP5lutJodPixU2EWfnD7,2016-04-01,15,album,4.07,2016,4
14,53,False,90,107389514,pop,1QRP5lutJodPixU2EWfnD7,2016-04-01,15,album,4.98,2016,4
8,54,False,90,107418606,pop,1QRP5lutJodPixU2EWfnD7,2016-04-01,15,album,3.82,2016,4
15,60,True,90,107389514,pop,1QRP5lutJodPixU2EWfnD7,2016-04-01,15,album,3.34,2016,4
13,63,False,90,107389514,pop,1QRP5lutJodPixU2EWfnD7,2016-04-01,15,album,4.33,2016,4
1,67,True,82,15695162,"emo rap, cloud rap",38BKZQlcecdDhjfq83vMRl,2016-03-30,1,single,3.61,2016,3
9,0,False,12,346,,7Kr8JNPiLkBufpPS5yIBMu,2016-03-30,18,album,2.08,2016,3
6,73,True,58,1588874,,3L0H4RjVXpEkwfDgi3XOdf,2016-03-25,7,album,4.18,2016,3
2,51,False,71,5778198,"country, pop country",5Ts9XJ1G4UWKW2vgPTbyt0,2016-03-25,5,single,3.02,2016,3
2,80,True,77,24105967,,5amj9zNeZ3B2EdpBgXrOZ0,2016-03-25,18,album,3.37,2016,3
1,63,False,58,934794,,2EvTMiJyF3H4BoxNCL4HLh,2016-03-22,6,single,3.76,2016,3
3,0,False,77,4779199,soundtrack,71FSCrAPIWtgBqiQOtQaT4,2016-03-18,13,album,3.53,2016,3
5,0,False,38,104797,anime,39MhVIQ9YnBo2NZL2n1Bv5,2016-03-14,10,album,1.35,2016,3
12,55,False,72,12275134,,2AGNF8r2y8HL85yVk2bwmS,2016-03-11,15,album,4.24,2016,3
10,70,False,72,12274170,,2AGNF8r2y8HL85yVk2bwmS,2016-03-11,15,album,3.83,2016,3
2,57,False,57,1104896,"country, acoustic country",5O7dWVuz40xEN7h1odVKS5,2016-03-11,17,album,2.98,2016,3
2,28,False,29,5980,soundtrack,5cIdK8l3v0B1jdtWlsvwS2,2016-03-08,18,album,3.74,2016,3
12,11,False,38,64354,,7GQf2l967OQY4pbA3XixFt,2016-03-04,12,album,3.99,2016,3
1,60,True,62,835625,grime,0EUrNFkbVL5kokjQbzHxl3,2016-02-26,1,single,3.26,2016,2
1,68,False,66,8862787,,1ABRc0UFHY3x6rKQeFBTQ0,2016-02-26,5,single,3.64,2016,2
1,65,True,58,3553104,,1k3BLTc4VZ7beRBXL1SPN6,2016-02-26,1,single,4.13,2016,2
7,65,False,79,12544566,,4oL7pMxnb04uuRI7ReXmuh,2016-02-25,10,album,3.61,2016,2
2,67,True,80,12560191,,4oL7pMxnb04uuRI7ReXmuh,2016-02-25,10,album,4.06,2016,2
8,62,False,79,12544566,,4oL7pMxnb04uuRI7ReXmuh,2016-02-25,10,album,3.58,2016,2
6,58,False,79,12544566,,4oL7pMxnb04uuRI7ReXmuh,2016-02-25,10,album,4.24,2016,2
3,85,False,79,12552680,,4oL7pMxnb04uuRI7ReXmuh,2016-02-25,10,album,3.31,2016,2
1,78,False,80,12560191,,4oL7pMxnb04uuRI7ReXmuh,2016-02-25,10,album,3.42,2016,2
9,77,False,79,12552680,,4oL7pMxnb04uuRI7ReXmuh,2016-02-25,10,album,3.78,2016,2
5,82,True,79,12544566,,4oL7pMxnb04uuRI7ReXmuh,2016-02-25,10,album,2.79,2016,2
5,62,False,82,30545962,,3Xz1Bcn4YP9bdqlsstMfuJ,2016-02-18,13,album,3.62,2016,2
1,53,True,55,558728,"outlaw country, country",5T2Tounchrli88QrorCgqV,2016-02-12,11,album,2.4,2016,2
7,52,True,55,558388,"outlaw country, country",5T2Tounchrli88QrorCgqV,2016-02-12,11,album,3.19,2016,2
1,68,False,82,30541347,,4BTlXiDFjyJfpHjR7jlEJo,2016-02-11,1,single,3.74,2016,2
6,76,False,65,1071057,,1RVXVo1puacM8aQ6hgQahi,2016-02-05,11,album,2.18,2016,2
1,82,False,80,21360805,,2SByipSK8eZ2pasaIwwzhf,2016-02-05,1,single,3.47,2016,2
1,0,False,62,2101848,,180JCsfKIupc7PHG5CQfz7,2016-02-05,1,single,3.8,2016,2
2,42,False,39,25472,"country, pop country",6YXkbmsVABrzPBO6Vknj2P,2016-02-05,9,album,4.56,2016,2
5,79,False,82,30550549,,77jAfTh3KH9K2reMOmTgOh,2016-01-29,12,album,3.62,2016,1
5,78,False,79,25301942,"soft pop, pop",5Nwsra93UQYJ6xxcjcE10x,2016-01-29,13,album,3.62,2016,1
1,63,True,77,24114464,,6BUAjgcgWhtTgRXVqCwF4u,2016-01-29,1,single,3.39,2016,1
3,29,False,65,189207,"medieval, soundtrack",3IeTZegDmwMvYKyL16PV6L,2016-01-29,13,album,3.92,2016,1
12,31,False,60,101837,"christmas, villancicos",3IeTZegDmwMvYKyL16PV6L,2016-01-29,13,album,2.8,2016,1
10,81,False,65,1091221,,4m8XN9CKqve1ExYBnNu5kt,2016-01-29,16,album,3.81,2016,1
6,77,False,82,30541347,,77jAfTh3KH9K2reMOmTgOh,2016-01-29,12,album,3.52,2016,1
1,56,False,80,25310805,"soft pop, pop",3kndSWeE2IYOrZEToZrHEV,2016-01-29,12,album,3.24,2016,1
11,85,True,90,69030894,"pop, r&b",4UlGauD7ROb3YbVOFMgW5u,2016-01-28,16,album,3.73,2016,1
7,81,True,90,69030894,"pop, r&b",4UlGauD7ROb3YbVOFMgW5u,2016-01-28,16,album,3.19,2016,1
13,56,False,90,69030894,"pop, r&b",4UlGauD7ROb3YbVOFMgW5u,2016-01-28,16,album,3.72,2016,1
5,69,False,90,68997177,"pop, r&b",4UlGauD7ROb3YbVOFMgW5u,2016-01-28,16,album,3.1,2016,1
4,79,True,90,68997177,"pop, r&b",4UlGauD7ROb3YbVOFMgW5u,2016-01-28,16,album,3.65,2016,1
3,81,True,90,68997177,"pop, r&b",4UlGauD7ROb3YbVOFMgW5u,2016-01-28,16,album,4.21,2016,1
2,37,False,53,132111,"anime, soundtrack",7t3It6EP6isk5ZpBKgupYZ,2016-01-27,131,compilation,1.89,2016,1
4,45,False,77,4779199,soundtrack,35vf79jnOBG3WZHQTzIl6a,2016-01-22,23,compilation,2.02,2016,1
1,49,False,77,4779199,soundtrack,35vf79jnOBG3WZHQTzIl6a,2016-01-22,23,compilation,2.01,2016,1
13,30,False,77,4782404,soundtrack,35vf79jnOBG3WZHQTzIl6a,2016-01-22,23,compilation,2.87,2016,1
1,37,False,74,7528253,"dubstep, edm, electro, electronic",35TRsDL0Sv3Qxy17N3xd53,2016-01-15,1,single,4.5,2016,1
1,76,False,58,472165,,7slouenWhZDdDZibkS4nR3,2016-01-15,1,single,2.99,2016,1
2,37,False,56,218882,soundtrack,28ezsQ65DME0kZPGeeagHF,2016-01-01,24,compilation,3.0,2016,1
2,0,False,48,49206,soundtrack,3zSvk9thQMwQDrKMD0kJJv,2016-01-01,32,compilation,2.77,2016,1
5,73,False,58,1007753,,0mFDIOqypzHp6Xd0el1hoT,2016-01-01,12,album,3.4,2016,1
5,70,False,73,4298554,,0nW0w37lrQ87k7PLZvC4qJ,2015-12-18,10,album,3.57,2015,12
6,53,False,70,1605047,soundtrack,3fUKGTsiYL1kSroBWBLmmR,2015-12-18,23,album,3.18,2015,12
1,1,True,68,1526336,,2GnVkbKayfooUDbcXd8Hk0,2015-12-18,3,single,3.31,2015,12
13,61,False,68,2981133,,0oFPwpDPEsrIYoeGZLFQUv,2015-12-18,15,album,3.27,2015,12
16,0,False,70,1604690,soundtrack,4RndEmppoOEWuTGSFQOqJs,2015-12-18,23,album,2.59,2015,12
3,45,True,35,84044,,6Wk4vPWEk0pULXuAZmwpRV,2015-12-15,6,single,3.82,2015,12
1,68,False,62,309981,,733oNIsRbdeXYvZNoFCHmh,2015-12-09,1,single,3.21,2015,12
10,69,False,72,9462835,,2mRBvhDWqm8Fj2U0F6mMY4,2015-12-09,16,album,3.08,2015,12
3,82,False,88,60804949,,3cfAM8b8KqJRoIzt3zLKqw,2015-12-04,11,album,4.3,2015,12
7,45,False,88,60804949,,3cfAM8b8KqJRoIzt3zLKqw,2015-12-04,11,album,1.86,2015,12
10,45,False,88,60818952,,3cfAM8b8KqJRoIzt3zLKqw,2015-12-04,11,album,1.0,2015,12
12,75,True,73,7218544,,7DMyQuDPe8xzjC0UDSDa96,2015-12-04,15,album,4.44,2015,12
4,72,False,88,60830643,,3cfAM8b8KqJRoIzt3zLKqw,2015-12-04,11,album,4.71,2015,12
1,71,False,78,41264069,,5HMjpBO0v78ayq5lreAyDd,2015-12-04,4,single,3.54,2015,12
1,67,False,72,3877733,tropical house,55zQqrjWsFHRcI1mxlQSsZ,2015-12-04,1,single,3.54,2015,12
6,53,False,88,60818952,,3cfAM8b8KqJRoIzt3zLKqw,2015-12-04,11,album,4.45,2015,12
11,66,False,88,60830643,,3cfAM8b8KqJRoIzt3zLKqw,2015-12-04,11,album,6.75,2015,12
3,79,True,74,6295376,,09Q3WwGYsQe5ognkvVkmCu,2015-12-04,17,album,4.19,2015,12
4,76,False,73,7218544,,7DMyQuDPe8xzjC0UDSDa96,2015-12-04,15,album,3.97,2015,12
1,64,False,88,60804949,,3cfAM8b8KqJRoIzt3zLKqw,2015-12-04,11,album,3.72,2015,12
5,83,False,88,60804949,,3cfAM8b8KqJRoIzt3zLKqw,2015-12-04,11,album,4.39,2015,12
9,58,False,88,60830643,,3cfAM8b8KqJRoIzt3zLKqw,2015-12-04,11,album,4.51,2015,12
8,54,False,88,60818952,,3cfAM8b8KqJRoIzt3zLKqw,2015-12-04,11,album,6.28,2015,12
2,60,False,88,60804949,,3cfAM8b8KqJRoIzt3zLKqw,2015-12-04,11,album,3.81,2015,12
9,53,True,82,15684530,"emo rap, cloud rap",4hiArqU343m8BUT0lymyLO,2015-12-02,10,album,1.72,2015,12
1,62,True,82,15689879,"emo rap, cloud rap",4hiArqU343m8BUT0lymyLO,2015-12-02,10,album,1.85,2015,12
3,50,True,82,15695162,"emo rap, cloud rap",4hiArqU343m8BUT0lymyLO,2015-12-02,10,album,2.81,2015,12
2,51,True,82,15689879,"emo rap, cloud rap",4hiArqU343m8BUT0lymyLO,2015-12-02,10,album,1.71,2015,12
4,85,True,82,15684530,"emo rap, cloud rap",4hiArqU343m8BUT0lymyLO,2015-12-02,10,album,1.42,2015,12
10,57,True,82,15689879,"emo rap, cloud rap",4hiArqU343m8BUT0lymyLO,2015-12-02,10,album,2.32,2015,12
6,53,True,82,15695162,"emo rap, cloud rap",4hiArqU343m8BUT0lymyLO,2015-12-02,10,album,1.88,2015,12
4,62,False,62,1819211,k-pop,1aHmoh8Iog2xqwVk9A77yc,2015-12-01,9,album,3.84,2015,12
6,40,False,45,376028,,2o1oVA8QBzR3vFbH1bs73d,2015-11-28,13,album,4.09,2015,11
4,4,False,73,6302021,moombahton,4pCLlUxlKj3pNVdBtFyhrU,2015-11-27,17,album,2.94,2015,11
4,69,False,73,6301986,moombahton,2U0b5MfkMUgzdvRUI69mya,2015-11-27,14,album,2.94,2015,11
4,62,False,69,4465726,,4gS6995dvPQJf80VBtoxi8,2015-11-27,4,single,3.46,2015,11
5,53,False,73,6302021,moombahton,2U0b5MfkMUgzdvRUI69mya,2015-11-27,14,album,3.43,2015,11
10,2,False,73,6301808,moombahton,4pCLlUxlKj3pNVdBtFyhrU,2015-11-27,17,album,2.76,2015,11
10,9,False,73,6301808,moombahton,0OY2WzmmPG8yRZzmMeTX9N,2015-11-27,14,album,2.76,2015,11
8,41,True,73,6301986,moombahton,2U0b5MfkMUgzdvRUI69mya,2015-11-27,14,album,3.88,2015,11
8,73,False,83,66705650,soft pop,3AvPX1B1HiFROvYjLb5Qwi,2015-11-20,11,album,4.76,2015,11
9,64,False,83,66705650,soft pop,6TVfiWmo8KtflUAmkK9gGF,2015-11-20,11,album,3.78,2015,11
4,72,False,83,66705650,soft pop,3AvPX1B1HiFROvYjLb5Qwi,2015-11-20,11,album,4.84,2015,11
10,69,False,83,66734917,soft pop,3AvPX1B1HiFROvYjLb5Qwi,2015-11-20,11,album,4.53,2015,11
1,0,True,83,8957416,"emo rap, horrorcore, cloud rap, trap metal, underground hip hop",2zQsirZE9McFbEoLkhxcpk,2015-11-20,10,album,1.85,2015,11
5,62,False,83,66705650,soft pop,6TVfiWmo8KtflUAmkK9gGF,2015-11-20,11,album,4.09,2015,11
7,57,False,83,66720643,soft pop,6TVfiWmo8KtflUAmkK9gGF,2015-11-20,11,album,3.75,2015,11
2,71,False,83,66720643,soft pop,6TVfiWmo8KtflUAmkK9gGF,2015-11-20,11,album,3.71,2015,11
2,53,False,81,45700057,,11fLgnq2LE8p5hzo8urweI,2015-11-20,16,album,3.44,2015,11
3,37,False,55,173156,,24p8vyOJDS4sm701uyUmJ7,2015-11-20,5,single,3.44,2015,11
1,72,False,83,66734917,soft pop,3AvPX1B1HiFROvYjLb5Qwi,2015-11-20,11,album,4.92,2015,11
13,51,False,81,45700057,,11fLgnq2LE8p5hzo8urweI,2015-11-20,16,album,3.73,2015,11
3,59,False,83,66734917,soft pop,6TVfiWmo8KtflUAmkK9gGF,2015-11-20,11,album,5.81,2015,11
2,69,False,63,9979409,,4G4Azv5cwPBv3vCA0mD6ei,2015-11-20,21,album,3.71,2015,11
11,53,False,83,66734917,soft pop,6TVfiWmo8KtflUAmkK9gGF,2015-11-20,11,album,4.19,2015,11
6,71,False,83,66734917,soft pop,6TVfiWmo8KtflUAmkK9gGF,2015-11-20,11,album,4.0,2015,11
7,39,False,65,2918550,"country, acoustic country",7IOSachS7KZNuqRZrPcdD0,2015-11-13,11,album,3.02,2015,11
1,0,False,45,33375,soundtrack,3NPOkq0nIMjz3tzYwL7Ypz,2015-11-13,29,album,3.09,2015,11
3,61,False,65,2918467,"country, acoustic country",7IOSachS7KZNuqRZrPcdD0,2015-11-13,11,album,3.64,2015,11
9,42,False,65,2918550,"country, acoustic country",7IOSachS7KZNuqRZrPcdD0,2015-11-13,11,album,3.09,2015,11
3,65,False,91,85008100,"pop, contemporary r&b",3jJ5HhbOC2KB5fOZ2RgJTo,2015-11-13,19,album,3.42,2015,11
11,43,False,65,2918794,"country, acoustic country",7IOSachS7KZNuqRZrPcdD0,2015-11-13,11,album,3.42,2015,11
6,65,False,72,12274759,,7HnbhIDKXIBhMR4EPGuMgu,2015-11-13,10,album,3.14,2015,11
4,40,False,65,2918550,"country, acoustic country",7IOSachS7KZNuqRZrPcdD0,2015-11-13,11,album,2.98,2015,11
6,78,False,91,85034636,"pop, contemporary r&b",6Fr2rQkZ383FcMqFyT7yPr,2015-11-13,19,album,3.46,2015,11
1,69,False,83,21591569,,6vdbDPGQbJMCHyZhz9z6GS,2015-11-13,1,single,3.01,2015,11
2,78,False,83,40273571,,1gMxiQQSg5zeu4htBosASY,2015-11-13,17,album,3.2,2015,11
5,35,False,72,12274170,,7HnbhIDKXIBhMR4EPGuMgu,2015-11-13,10,album,3.53,2015,11
9,47,False,78,13211271,,5nhoVKDcCXvi3AruUFJWnv,2015-11-13,23,album,4.2,2015,11
5,72,False,91,85034636,"pop, contemporary r&b",3jJ5HhbOC2KB5fOZ2RgJTo,2015-11-13,19,album,3.89,2015,11
3,39,False,72,12274170,,7HnbhIDKXIBhMR4EPGuMgu,2015-11-13,10,album,3.38,2015,11
1,41,False,65,2918550,"country, acoustic country",7IOSachS7KZNuqRZrPcdD0,2015-11-13,11,album,2.92,2015,11
2,77,False,72,12275134,,7HnbhIDKXIBhMR4EPGuMgu,2015-11-13,10,album,3.32,2015,11
2,0,False,72,12275134,,3rDbA12I5duZnlwakqDdZa,2015-11-13,13,album,3.32,2015,11
5,41,False,65,2918228,"country, acoustic country",7IOSachS7KZNuqRZrPcdD0,2015-11-13,11,album,4.05,2015,11
2,63,False,91,85008100,"pop, contemporary r&b",6Fr2rQkZ383FcMqFyT7yPr,2015-11-13,19,album,3.33,2015,11
2,69,False,65,2918550,"country, acoustic country",7IOSachS7KZNuqRZrPcdD0,2015-11-13,11,album,3.28,2015,11
4,48,False,72,12274170,,7HnbhIDKXIBhMR4EPGuMgu,2015-11-13,10,album,3.81,2015,11
6,43,False,65,2918550,"country, acoustic country",7IOSachS7KZNuqRZrPcdD0,2015-11-13,11,album,3.05,2015,11
10,38,False,65,2918228,"country, acoustic country",7IOSachS7KZNuqRZrPcdD0,2015-11-13,11,album,3.18,2015,11
8,40,False,72,12274759,,7HnbhIDKXIBhMR4EPGuMgu,2015-11-13,10,album,3.47,2015,11
10,78,False,72,12275134,,7HnbhIDKXIBhMR4EPGuMgu,2015-11-13,10,album,3.83,2015,11
10,2,False,72,12274170,,3rDbA12I5duZnlwakqDdZa,2015-11-13,13,album,3.83,2015,11
1,45,False,72,12274170,,7HnbhIDKXIBhMR4EPGuMgu,2015-11-13,10,album,3.54,2015,11
8,48,False,65,2918228,"country, acoustic country",7IOSachS7KZNuqRZrPcdD0,2015-11-13,11,album,3.24,2015,11
4,71,False,91,85034636,"pop, contemporary r&b",3jJ5HhbOC2KB5fOZ2RgJTo,2015-11-13,19,album,3.34,2015,11
9,35,False,72,12274170,,7HnbhIDKXIBhMR4EPGuMgu,2015-11-13,10,album,3.67,2015,11
7,40,False,72,12275134,,7HnbhIDKXIBhMR4EPGuMgu,2015-11-13,10,album,3.8,2015,11
1,62,False,44,211125,,2SF8Wbc61u8hlQkZYGVCnx,2015-11-06,1,single,3.5,2015,11
3,43,False,64,2565032,"country, acoustic country",6XPSyeDeqhn5nj1ToziiBA,2015-11-06,5,single,3.53,2015,11
1,67,False,67,1738831,country,1G4WDlYjm0VqgyEymNJRcf,2015-11-06,11,album,3.44,2015,11
1,48,False,46,48484,soundtrack,7rGidzYxexJJ0OKin1RRHx,2015-11-06,65,album,3.03,2015,11
8,65,False,67,1738576,country,1G4WDlYjm0VqgyEymNJRcf,2015-11-06,11,album,3.46,2015,11
1,0,False,58,472580,,2dXtUoM9j3QbqvhlRy5LA2,2015-11-06,1,single,2.99,2015,11
9,77,False,78,13209377,,20Ol6zZ0nLlc5EGTH1zA0j,2015-11-06,22,album,4.2,2015,11
11,62,False,71,12326568,,2FnfZiFMv7bmXAIATOJDHs,2015-11-06,18,album,3.44,2015,11
1,45,False,45,352409,"country, acoustic country",23nUr4RPD032ELTFi56VO5,2015-11-06,1,single,3.96,2015,11
6,61,False,67,2625044,art pop,7J84ixPVFehy6FcLk8rhk3,2015-11-06,14,album,4.1,2015,11
1,36,False,36,33709,,2BC2H97b0sTipxvvlGt9A8,2015-11-05,1,single,5.43,2015,11
2,64,False,83,21606569,,18iFxjZugvKhuNNMbLjZJF,2015-10-30,11,album,4.71,2015,10
11,64,False,83,21591569,,18iFxjZugvKhuNNMbLjZJF,2015-10-30,11,album,3.42,2015,10
10,59,False,83,21591569,,18iFxjZugvKhuNNMbLjZJF,2015-10-30,11,album,4.37,2015,10
8,56,False,83,21606569,,18iFxjZugvKhuNNMbLjZJF,2015-10-30,11,album,4.06,2015,10
5,76,False,83,21591569,,18iFxjZugvKhuNNMbLjZJF,2015-10-30,11,album,4.25,2015,10
4,57,False,83,21598900,,18iFxjZugvKhuNNMbLjZJF,2015-10-30,11,album,6.22,2015,10
3,76,False,83,21591569,,18iFxjZugvKhuNNMbLjZJF,2015-10-30,11,album,3.91,2015,10
6,84,False,83,21606569,,18iFxjZugvKhuNNMbLjZJF,2015-10-30,11,album,4.33,2015,10
9,55,False,83,21606569,,18iFxjZugvKhuNNMbLjZJF,2015-10-30,11,album,3.06,2015,10
7,74,False,83,21591569,,18iFxjZugvKhuNNMbLjZJF,2015-10-30,11,album,6.5,2015,10
1,1,True,66,4592239,,1sfmaFRbpMEGHH7DGup1wT,2015-10-23,4,single,3.64,2015,10
13,32,False,48,55551,soundtrack,04djbQW5lHF6ZMcZQs0jBf,2015-10-23,36,album,4.85,2015,10
2,64,False,76,10246609,,43v9cUsP5K0hvu9iyuAzmZ,2015-10-23,17,album,3.6,2015,10
1,0,False,55,173156,,4RfO9aZPT2i4U2Wi1ERfOP,2015-10-23,1,single,3.44,2015,10
4,50,False,85,58370582,,0Ikw6ho559687KCPbSjr0K,2015-10-23,22,album,3.83,2015,10
1,0,False,69,2946958,dansk pop,2EiK8K5y2z2RFVP6ZBnnOO,2015-10-22,1,single,3.95,2015,10
1,67,True,56,370154,,5cOhR878H8hC3UsxYq5Xyv,2015-10-21,1,single,3.82,2015,10
4,65,False,65,1373180,,17l7MIu0Jh0tdgK7or9ovw,2015-10-16,11,album,4.34,2015,10
1,66,False,63,690311,,1QwWTLYn9dntAj7l9FRJwY,2015-10-16,14,album,3.0,2015,10
1,79,False,63,690380,,7cVXH4slEYzGjDh498OFyL,2015-10-16,14,album,3.0,2015,10
1,1,False,47,45865,,6PEYvIrLYHJ8BvpE5uUChz,2015-10-16,1,single,2.87,2015,10
16,40,False,63,1325468,,3q4BkDV5B7sczFcfrIl2a2,2015-10-16,16,album,3.78,2015,10
2,58,True,77,27288825,,3HV3ecmJJ2GmHM93vVVKXF,2015-10-16,15,album,3.57,2015,10
3,79,False,65,1373229,,17l7MIu0Jh0tdgK7or9ovw,2015-10-16,11,album,3.63,2015,10
1,0,False,77,9277034,,2WVIfmyMWWwXQ6TaGMzEYW,2015-10-16,1,single,3.67,2015,10
4,54,False,47,612260,"riot grrrl, queercore, punk",7DoTlKAupC8rNAdb0tNmZ2,2015-10-13,19,compilation,2.62,2015,10
4,0,False,81,53263844,,066ycImW3DQAyXMMILmPHH,2015-10-09,11,album,3.81,2015,10
4,70,False,81,53260584,,3Kbuu2tHsIbplFUkB7a5oE,2015-10-09,16,album,3.81,2015,10
6,68,False,81,53267200,,7lDBDk8OQarV5dBMu3qrdz,2015-10-09,14,album,3.68,2015,10
3,66,False,81,53260584,,3Kbuu2tHsIbplFUkB7a5oE,2015-10-09,16,album,3.34,2015,10
2,61,False,81,53263844,,3Kbuu2tHsIbplFUkB7a5oE,2015-10-09,16,album,3.63,2015,10
10,43,False,70,3013521,"country, classic country",2YD3x5rpYeNg1fYAcHTv8d,2015-10-09,10,album,4.28,2015,10
2,80,False,63,226373,,4AUTMNSP56xicSznzKgzjB,2015-10-09,14,album,3.79,2015,10
21,27,False,72,4034180,edm,2esdHJ5TiZcDXCnmy50hLa,2015-10-02,24,album,3.49,2015,10
14,79,False,80,10564033,"trap soul, r&b",6eZdwrhB97A3EYx9QppGfl,2015-10-02,14,album,4.15,2015,10
7,44,False,40,25569,,3kGXPt4knwEvdMetU7gFs5,2015-10-02,18,album,3.42,2015,10
1,81,False,79,23434999,edm,7dqftJ3kas6D0VAdmt3k3V,2015-10-02,14,album,3.84,2015,10
5,83,True,80,10566213,"trap soul, r&b",6eZdwrhB97A3EYx9QppGfl,2015-10-02,14,album,3.3,2015,10
3,78,True,80,10564033,"trap soul, r&b",6eZdwrhB97A3EYx9QppGfl,2015-10-02,14,album,3.24,2015,10
3,45,False,56,153173,soundtrack,17o7ljUmsa9MusgN2BjXwV,2015-09-30,17,album,2.63,2015,9
8,68,True,70,5124577,,2gKQvajkEEaDtkqJ8FJ4uw,2015-09-25,20,album,3.55,2015,9
1,43,False,52,623266,,7JI8FoL3XNiXp0lRdFGCta,2015-09-25,1,single,4.02,2015,9
2,79,False,75,3275657,tropical house,5XyJzEROSmup2TcWmVjTIt,2015-09-25,15,album,3.65,2015,9
1,63,True,70,5124204,,1wCr7zhB4lMa2vZVhu4ty6,2015-09-25,21,album,3.7,2015,9
1,77,True,70,5124117,,2gKQvajkEEaDtkqJ8FJ4uw,2015-09-25,20,album,3.7,2015,9
2,0,False,60,531897,"classical, chamber music, orchestral",6nAHa1xuul72qbk48pKuZU,2015-09-21,50,compilation,3.76,2015,9
9,69,True,95,103039388,rap,1ozpmkWcCHwsQ4QTnxOOdT,2015-09-20,11,album,3.43,2015,9
4,58,False,88,51821190,"alternative pop, indie pop",2DpEBrjCur1ythIZ10gJWw,2015-09-18,14,album,4.67,2015,9
5,68,True,88,51773650,"alternative pop, indie pop",2DpEBrjCur1ythIZ10gJWw,2015-09-18,14,album,4.29,2015,9
10,56,False,53,145948,,3CV2SCBs7wAUoQbmnjQbwa,2015-09-18,18,album,4.67,2015,9
2,74,False,88,51821190,"alternative pop, indie pop",2DpEBrjCur1ythIZ10gJWw,2015-09-18,14,album,4.84,2015,9
9,62,False,88,51773650,"alternative pop, indie pop",2DpEBrjCur1ythIZ10gJWw,2015-09-18,14,album,5.38,2015,9
6,67,False,88,51798111,"alternative pop, indie pop",2DpEBrjCur1ythIZ10gJWw,2015-09-18,14,album,4.91,2015,9
7,52,False,70,1617182,,7rG4vuycKANcRMivzlkpuD,2015-09-18,19,album,2.98,2015,9
13,57,False,88,51821190,"alternative pop, indie pop",2DpEBrjCur1ythIZ10gJWw,2015-09-18,14,album,5.39,2015,9
11,67,False,88,51821190,"alternative pop, indie pop",2DpEBrjCur1ythIZ10gJWw,2015-09-18,14,album,6.09,2015,9
12,56,False,88,51798111,"alternative pop, indie pop",2DpEBrjCur1ythIZ10gJWw,2015-09-18,14,album,4.93,2015,9
7,78,False,88,51798111,"alternative pop, indie pop",2DpEBrjCur1ythIZ10gJWw,2015-09-18,14,album,4.91,2015,9
1,66,False,62,415464,,2YnYgyx7N8MkgQHCcRYfKP,2015-09-17,1,single,3.55,2015,9
7,56,False,55,705196,,6uGOeETMsNfv5alC0XnmyN,2015-09-11,9,album,3.71,2015,9
4,61,False,56,1494083,"country, christmas",5Og3UBs6tCL47yee1ukYgw,2015-09-11,12,album,3.93,2015,9
9,56,False,56,1494124,"country, christmas",5Og3UBs6tCL47yee1ukYgw,2015-09-11,12,album,2.89,2015,9
1,1,False,78,10915923,,1sd9bVAWxBl0qeVS8tzlzL,2015-09-10,1,single,3.55,2015,9
12,45,False,42,17023,medieval,19uGvOnAhqEQ7irwCEce99,2015-09-09,29,album,5.16,2015,9
3,43,False,43,18068,medieval,19uGvOnAhqEQ7irwCEce99,2015-09-09,29,album,5.35,2015,9
25,46,False,42,17017,medieval,0dAhuTx13ciZIXgan98X7Z,2015-09-09,47,album,1.72,2015,9
11,44,False,43,18068,medieval,19uGvOnAhqEQ7irwCEce99,2015-09-09,29,album,0.95,2015,9
7,76,True,89,41119579,rap,4PWBTB6NYSKQwfo79I3prg,2015-09-04,16,album,5.35,2015,9
9,71,True,89,41131037,rap,4PWBTB6NYSKQwfo79I3prg,2015-09-04,16,album,4.37,2015,9
3,56,False,64,1093423,,37ABUtLPqktcopsBJ7jmXT,2015-09-04,15,album,3.0,2015,9
3,66,True,94,112995439,"r&b pop, alternative r&b, hip hop, synthpop",0P3oVJBFOv3TDXlYRhGL7s,2015-08-28,14,album,5.57,2015,8
5,86,True,94,112995439,"r&b pop, alternative r&b, hip hop, synthpop",0P3oVJBFOv3TDXlYRhGL7s,2015-08-28,14,album,4.03,2015,8
8,58,False,80,22396044,,5OZJflQcQCdZLQjtUudCin,2015-08-28,16,album,4.15,2015,8
14,70,False,80,22396044,,5OZJflQcQCdZLQjtUudCin,2015-08-28,16,album,3.57,2015,8
12,60,True,94,112995439,"r&b pop, alternative r&b, hip hop, synthpop",0P3oVJBFOv3TDXlYRhGL7s,2015-08-28,14,album,4.34,2015,8
9,74,True,94,112995439,"r&b pop, alternative r&b, hip hop, synthpop",0P3oVJBFOv3TDXlYRhGL7s,2015-08-28,14,album,4.62,2015,8
13,72,True,80,22392682,,5OZJflQcQCdZLQjtUudCin,2015-08-28,16,album,3.32,2015,8
10,72,True,94,112995439,"r&b pop, alternative r&b, hip hop, synthpop",0P3oVJBFOv3TDXlYRhGL7s,2015-08-28,14,album,3.92,2015,8
3,52,False,44,222178,,4y35I9OJ5QD3pvAOIffnmf,2015-08-28,13,album,3.37,2015,8
13,65,True,93,112918137,"r&b pop, alternative r&b, hip hop, synthpop",0P3oVJBFOv3TDXlYRhGL7s,2015-08-28,14,album,4.58,2015,8
1,58,True,94,112995439,"r&b pop, alternative r&b, hip hop, synthpop",0P3oVJBFOv3TDXlYRhGL7s,2015-08-28,14,album,3.72,2015,8
8,66,True,93,112918137,"r&b pop, alternative r&b, hip hop, synthpop",0P3oVJBFOv3TDXlYRhGL7s,2015-08-28,14,album,4.22,2015,8
3,77,False,72,2803036,dream pop,194CqC2Zi0kUFEPWedb3qr,2015-08-28,9,album,5.34,2015,8
6,73,True,94,113039308,"r&b pop, alternative r&b, hip hop, synthpop",0P3oVJBFOv3TDXlYRhGL7s,2015-08-28,14,album,5.81,2015,8
14,61,True,93,112918137,"r&b pop, alternative r&b, hip hop, synthpop",0P3oVJBFOv3TDXlYRhGL7s,2015-08-28,14,album,6.28,2015,8
11,65,True,94,113039308,"r&b pop, alternative r&b, hip hop, synthpop",0P3oVJBFOv3TDXlYRhGL7s,2015-08-28,14,album,5.67,2015,8
7,83,False,93,112918137,"r&b pop, alternative r&b, hip hop, synthpop",0P3oVJBFOv3TDXlYRhGL7s,2015-08-28,14,album,3.55,2015,8
1,65,False,80,22394475,,5OZJflQcQCdZLQjtUudCin,2015-08-28,16,album,4.62,2015,8
2,58,True,93,112918137,"r&b pop, alternative r&b, hip hop, synthpop",0P3oVJBFOv3TDXlYRhGL7s,2015-08-28,14,album,4.68,2015,8
1,48,False,47,52319,soundtrack,3ieHHrjkP4K1BDyz2sp6Te,2015-08-28,15,album,1.08,2015,8
4,80,True,93,112918137,"r&b pop, alternative r&b, hip hop, synthpop",0P3oVJBFOv3TDXlYRhGL7s,2015-08-28,14,album,4.15,2015,8
1,45,False,56,90200,"medieval, soundtrack",4dGa8MkOZcGsNz8gz440EI,2015-08-26,1,single,2.5,2015,8
15,55,False,56,90176,"medieval, soundtrack",6pYNEn4tMc6gdv5fIZf5yn,2015-08-26,55,album,2.58,2015,8
15,42,False,56,90075,"medieval, soundtrack",02re9DV48w3DBMwnCR6S3Q,2015-08-26,55,album,2.58,2015,8
45,51,False,52,23962,"medieval, soundtrack",6pYNEn4tMc6gdv5fIZf5yn,2015-08-26,55,album,2.58,2015,8
20,52,False,56,90200,"medieval, soundtrack",6pYNEn4tMc6gdv5fIZf5yn,2015-08-26,55,album,2.79,2015,8
21,46,False,49,64618,"medieval, folk metal",6pYNEn4tMc6gdv5fIZf5yn,2015-08-26,55,album,2.76,2015,8
25,45,False,48,64582,"medieval, folk metal",6pYNEn4tMc6gdv5fIZf5yn,2015-08-26,55,album,1.6,2015,8
2,52,False,56,90200,"medieval, soundtrack",6pYNEn4tMc6gdv5fIZf5yn,2015-08-26,55,album,2.36,2015,8
40,48,False,56,90075,"medieval, soundtrack",6pYNEn4tMc6gdv5fIZf5yn,2015-08-26,55,album,1.63,2015,8
26,50,False,52,23962,"medieval, soundtrack",6pYNEn4tMc6gdv5fIZf5yn,2015-08-26,55,album,1.51,2015,8
54,43,False,56,90200,"medieval, soundtrack",6pYNEn4tMc6gdv5fIZf5yn,2015-08-26,55,album,1.95,2015,8
38,46,False,56,90176,"medieval, soundtrack",6pYNEn4tMc6gdv5fIZf5yn,2015-08-26,55,album,2.68,2015,8
36,49,False,52,24092,"medieval, soundtrack",6pYNEn4tMc6gdv5fIZf5yn,2015-08-26,55,album,2.46,2015,8
8,55,False,52,24104,"medieval, soundtrack",6pYNEn4tMc6gdv5fIZf5yn,2015-08-26,55,album,3.09,2015,8
1,49,False,56,90176,"medieval, soundtrack",2sKdDVMut10naij46UtmX8,2015-08-26,1,single,3.3,2015,8
23,47,False,52,23962,"medieval, soundtrack",6pYNEn4tMc6gdv5fIZf5yn,2015-08-26,55,album,1.55,2015,8
2,47,True,39,18370,"emo rap, cloud rap",7eYCB0tCojtixDKoxHcnQi,2015-08-25,6,single,4.02,2015,8
1,52,False,79,25301942,"soft pop, pop",2xxwxdvN2zjplMH7gsy2QM,2015-08-21,1,single,3.2,2015,8
1,82,True,82,15684530,"emo rap, cloud rap",342nD5SIsD90lP8LxkLaLM,2015-08-17,1,single,2.36,2015,8
11,73,False,75,22219090,,5JpH5T1sCYnUyZD6TM0QaY,2015-08-14,16,album,3.66,2015,8
14,73,True,75,22219090,,5JpH5T1sCYnUyZD6TM0QaY,2015-08-14,16,album,2.99,2015,8
13,69,False,75,22219090,,5JpH5T1sCYnUyZD6TM0QaY,2015-08-14,16,album,3.35,2015,8
12,71,False,75,22220366,,5JpH5T1sCYnUyZD6TM0QaY,2015-08-14,16,album,3.62,2015,8
11,76,False,74,7649250,"metal, nu metal, alternative metal, rap metal, hard rock",3qFQ4XNQ15alZrAaj5oGJK,2015-08-14,13,album,4.14,2015,8
7,67,True,75,22220366,,5JpH5T1sCYnUyZD6TM0QaY,2015-08-14,16,album,3.42,2015,8
2,72,False,75,22219090,,5JpH5T1sCYnUyZD6TM0QaY,2015-08-14,16,album,3.86,2015,8
16,71,False,75,22219090,,5JpH5T1sCYnUyZD6TM0QaY,2015-08-14,16,album,3.32,2015,8
1,42,False,60,2069542,,7FqJvfHEUv3vbv9FZhpsgW,2015-08-09,1,single,3.15,2015,8
12,30,False,57,321245,"noise rock, industrial, witch house, industrial rock, industrial metal",2a5KZ4rwrXIm28LvcyjYz5,2015-08-07,12,album,3.87,2015,8
6,32,False,74,9407321,"country, acoustic country",2kUXqmlthYkv0yyW3N9cy8,2015-08-07,13,album,3.43,2015,8
2,40,False,57,320700,"noise rock, industrial, witch house, industrial rock, industrial metal",2a5KZ4rwrXIm28LvcyjYz5,2015-08-07,12,album,3.4,2015,8
3,38,False,74,9407321,"country, acoustic country",2kUXqmlthYkv0yyW3N9cy8,2015-08-07,13,album,4.02,2015,8
4,56,False,74,9406293,"country, acoustic country",0WtCqmpVN7rRGfDMSWSXBA,2015-08-07,16,album,3.17,2015,8
12,37,False,74,9407321,"country, acoustic country",2kUXqmlthYkv0yyW3N9cy8,2015-08-07,13,album,4.64,2015,8
1,37,False,74,9406293,"country, acoustic country",2kUXqmlthYkv0yyW3N9cy8,2015-08-07,13,album,3.17,2015,8
1,62,False,70,2044434,,28I1XWP7hYWdexJnuXE9HE,2015-08-07,1,single,3.65,2015,8
1,0,False,95,103039388,rap,19YQ10twgD5djBaBDUpH7o,2015-07-31,1,single,4.45,2015,7
5,0,False,59,542026,,5O4lpm2rHbk3JVZgGMPxmI,2015-07-24,10,album,2.6,2015,7
10,36,False,19,3230,,2vPThJkZW1E75mLySTAwA0,2015-07-17,12,album,3.13,2015,7
11,62,False,85,9517000,"neo-psychedelic, indie",79dL7FLiJFOO0EoehUHQBv,2015-07-17,13,album,4.2,2015,7
1,82,False,85,9523590,"neo-psychedelic, indie",79dL7FLiJFOO0EoehUHQBv,2015-07-17,13,album,7.79,2015,7
2,74,False,85,9523590,"neo-psychedelic, indie",79dL7FLiJFOO0EoehUHQBv,2015-07-17,13,album,1.79,2015,7
13,81,False,84,9509731,"neo-psychedelic, indie",79dL7FLiJFOO0EoehUHQBv,2015-07-17,13,album,6.05,2015,7
5,77,False,85,9523590,"neo-psychedelic, indie",79dL7FLiJFOO0EoehUHQBv,2015-07-17,13,album,5.3,2015,7
18,64,True,88,22682234,rap,0fUy6IdLHDpGNwavIlhEsl,2015-07-17,19,album,3.95,2015,7
1,76,False,84,23078238,edm,3cG32DOXJoYlOHMmJIaQsm,2015-07-17,1,single,3.54,2015,7
4,75,True,85,9523590,"neo-psychedelic, indie",79dL7FLiJFOO0EoehUHQBv,2015-07-17,13,album,4.51,2015,7
7,87,True,84,9509731,"neo-psychedelic, indie",79dL7FLiJFOO0EoehUHQBv,2015-07-17,13,album,3.6,2015,7
4,26,False,33,85324,,5mqv2wUjO0LcioZxtPz4Sw,2015-07-10,16,compilation,3.97,2015,7
16,20,False,35,67673,,5mqv2wUjO0LcioZxtPz4Sw,2015-07-10,16,compilation,2.94,2015,7
7,38,False,49,340030,,5mqv2wUjO0LcioZxtPz4Sw,2015-07-10,16,compilation,4.1,2015,7
8,31,False,63,770400,,5mqv2wUjO0LcioZxtPz4Sw,2015-07-10,16,compilation,3.43,2015,7
13,21,False,37,47757,,5mqv2wUjO0LcioZxtPz4Sw,2015-07-10,16,compilation,3.45,2015,7
15,0,False,58,1006099,indie rock,5mqv2wUjO0LcioZxtPz4Sw,2015-07-10,16,compilation,5.77,2015,7
9,28,False,68,3469694,,5mqv2wUjO0LcioZxtPz4Sw,2015-07-10,16,compilation,3.38,2015,7
3,32,False,35,12477,,5mqv2wUjO0LcioZxtPz4Sw,2015-07-10,16,compilation,3.8,2015,7
3,54,False,68,2041384,,50jDQcZjE2kdx5rn3AL0c8,2015-07-10,17,album,4.25,2015,7
10,0,False,65,1436277,,5mqv2wUjO0LcioZxtPz4Sw,2015-07-10,16,compilation,4.33,2015,7
5,24,False,74,3482109,folk pop,5mqv2wUjO0LcioZxtPz4Sw,2015-07-10,16,compilation,3.71,2015,7
1,74,False,59,258422,,6Unm4KKxYtjR08J1wEOnkc,2015-07-09,1,single,3.45,2015,7
4,73,False,69,3108097,,7A8fZ2jjiu5heq7wNCutKN,2015-06-30,20,album,3.22,2015,6
5,46,False,73,3164627,,6AGmGousDdMGevlVZO04LO,2015-06-30,11,album,3.52,2015,6
1,82,False,81,12075691,rap,5FXIqS1XqbpfOKNoi5VUwS,2015-06-30,1,single,3.82,2015,6
1,4,True,82,15695162,"emo rap, cloud rap",48dH5WaD1L379zPQt6LMDD,2015-06-30,1,single,2.36,2015,6
1,58,False,63,226501,,0iGMQyIMXpYm0N5IcRVq4Z,2015-06-29,1,single,3.78,2015,6
1,75,True,70,5124577,,0TyDTzG2zt2tg0wONT9wSU,2015-06-29,1,single,3.27,2015,6
1,3,False,76,8669911,tropical house,4JVCsRgCU1j17JcNGdwXNw,2015-06-24,1,single,4.56,2015,6
6,56,False,65,857859,indie,2L82g2rqAlNBcADFzayJBU,2015-06-22,12,album,4.06,2015,6
1,80,False,80,21359561,,2GFflENKz28RcMoSuulPZC,2015-06-16,1,single,3.77,2015,6
8,46,False,69,5042529,"country, classic country",7pul7RvuYLqryKehizOvsG,2015-06-16,36,compilation,3.78,2015,6
1,2,False,77,10911229,,6x3lObhgC3H0KpOfePojFG,2015-06-09,1,single,3.35,2015,6
3,0,False,63,430076,soundtrack,1p8dUadt79ZK0J5hx8GY7n,2015-06-09,24,album,2.14,2015,6
11,0,False,39,23473,,2WExKdk8bIm7qtIkLXrB50,2015-06-08,11,album,3.58,2015,6
4,76,False,68,3469806,,4QcXq4vTVN7dFb7bZa9jG2,2015-06-05,13,album,3.78,2015,6
2,69,True,71,5067710,,5cEJ9XTxsUKterwl1nAm2I,2015-06-02,5,single,3.45,2015,6
4,51,True,71,5067759,,5cEJ9XTxsUKterwl1nAm2I,2015-06-02,5,single,2.82,2015,6
4,2,False,73,6301986,moombahton,4b6Si351g8brcy6TtHFn13,2015-06-01,9,album,2.94,2015,6
1,76,False,76,12460618,,59eUYETmE1zi31ESb3SUkI,2015-05-29,11,album,3.46,2015,5
14,60,False,77,7228235,baroque pop,2jn2n5OkuHliOLKCqHnjXV,2015-05-29,16,album,4.32,2015,5
13,53,False,77,7222118,baroque pop,2jn2n5OkuHliOLKCqHnjXV,2015-05-29,16,album,4.02,2015,5
19,27,False,18,772,medieval,1VQm8gFQ0PDYhpwE1VgXNw,2015-05-22,24,compilation,1.94,2015,5
1,32,False,41,19900,,1VQm8gFQ0PDYhpwE1VgXNw,2015-05-22,24,compilation,1.57,2015,5
5,28,False,18,772,medieval,1VQm8gFQ0PDYhpwE1VgXNw,2015-05-22,24,compilation,2.32,2015,5
3,73,False,72,4034025,edm,0tRVSbmOwilUucqjzU0fQw,2015-05-22,14,album,3.5,2015,5
2,32,False,16,21869,,1VQm8gFQ0PDYhpwE1VgXNw,2015-05-22,24,compilation,4.81,2015,5
23,24,False,17,10611,folk metal,1VQm8gFQ0PDYhpwE1VgXNw,2015-05-22,24,compilation,4.59,2015,5
5,70,True,85,45777722,pop,6LtzdMGhOCh9s6sssWrpuD,2015-05-18,20,album,3.92,2015,5
11,54,False,66,1337454,"country, pop country",4smRLX0wglNhMXGyahWuUf,2015-05-18,12,album,3.24,2015,5
15,56,False,71,1063656,,4KXLjIEas8MTwwX3xpmAdC,2015-05-18,16,album,4.46,2015,5
1,72,False,85,45764832,pop,6LtzdMGhOCh9s6sssWrpuD,2015-05-18,20,album,3.16,2015,5
1,55,False,85,45764832,pop,4KXLjIEas8MTwwX3xpmAdC,2015-05-18,16,album,3.16,2015,5
1,65,False,100,145396321,"country, pop, indie, folk",1Tv3rrFNdXGtTeP1plX2xE,2015-05-17,1,single,3.33,2015,5
11,64,False,83,25762646,,3cQO7jp5S9qLBoIVtbkSM1,2015-05-15,14,album,4.0,2015,5
8,77,False,83,25761380,,3cQO7jp5S9qLBoIVtbkSM1,2015-05-15,14,album,3.19,2015,5
3,82,False,83,25759662,,3cQO7jp5S9qLBoIVtbkSM1,2015-05-15,14,album,3.57,2015,5
2,84,False,83,25761380,,3cQO7jp5S9qLBoIVtbkSM1,2015-05-15,14,album,3.37,2015,5
14,62,False,83,25762646,,3cQO7jp5S9qLBoIVtbkSM1,2015-05-15,14,album,3.94,2015,5
1,71,False,83,25759662,,3cQO7jp5S9qLBoIVtbkSM1,2015-05-15,14,album,3.91,2015,5
6,65,False,83,25761380,,3cQO7jp5S9qLBoIVtbkSM1,2015-05-15,14,album,4.21,2015,5
5,74,False,83,25759662,,3cQO7jp5S9qLBoIVtbkSM1,2015-05-15,14,album,3.14,2015,5
20,3,False,4,480,,63cxilqIeqcjd393SAiEGO,2015-05-08,32,compilation,2.52,2015,5
18,50,False,52,90530,"medieval, soundtrack",75Xg8NYCUQd131qcp1Q8Cd,2015-05-08,36,album,3.18,2015,5
8,68,False,82,30541347,,6FdNvoO5sF4EKwCX9je1MH,2015-05-04,20,album,4.28,2015,5
14,63,False,82,30550549,,6FdNvoO5sF4EKwCX9je1MH,2015-05-04,20,album,4.16,2015,5
9,33,False,45,120370,,3QvayMP1UBxoEpYc7uX8Ss,2015-05-04,14,album,4.66,2015,5
3,84,False,81,9020741,"country, outlaw country",7lxHnls3yQNl8B9bILmHj7,2015-05-04,14,album,4.88,2015,5
1,65,False,48,221937,,5nYi5TJ16E7Qt73zxOu6sP,2015-05-04,1,single,3.08,2015,5
2,0,False,73,6613930,"folk, indie folk, folk rock",6FRfKmRIKU2ofAnjJa6Lgp,2015-05-04,12,album,3.68,2015,5
1,70,False,82,30556621,,6FdNvoO5sF4EKwCX9je1MH,2015-05-04,20,album,3.6,2015,5
1,24,False,50,76720,classical,3Olo8Ksbw7gv0eEFviSG9T,2015-05-01,40,album,2.58,2015,5
3,47,False,50,50328,"japanese vgm, soundtrack",5nRwiGsiEtrFN847UULpzL,2015-04-22,25,album,3.58,2015,4
1,54,False,41,49248,,4zLvvZhL4dcEBW2wKRf9H1,2015-04-21,1,single,3.42,2015,4
1,74,False,58,562813,,05WTBdwkHAqk5Mg68ugD7L,2015-04-20,17,album,4.55,2015,4
9,34,False,48,261123,southern gothic,6GceR7waO0fdFRVMlT6VY0,2015-04-20,15,album,4.14,2015,4
14,73,False,81,45710657,,5Jov5724Nz13A302HM2eKG,2015-04-14,16,album,3.62,2015,4
2,84,False,81,45700057,,6sUOosXuYt0oUeczJRbedZ,2015-04-14,13,album,3.44,2015,4
10,34,False,65,728021,"anime, soundtrack",67H16vW2PEzBo2ZrTkWVHz,2015-04-08,25,album,2.15,2015,4
6,71,False,79,8973505,,5lkNnHVlnCCCV304t89wOH,2015-04-07,7,album,3.16,2015,4
14,80,False,76,2166012,,0Rfqw98N7kZ4qVPGWvt8Gn,2015-04-07,14,album,3.47,2015,4
2,76,False,79,8971415,,5lkNnHVlnCCCV304t89wOH,2015-04-07,7,album,3.2,2015,4
1,0,False,38,38848,french indie pop,0nkPogWokAlMaqEl4Ka6r1,2015-04-06,8,album,4.71,2015,4
14,89,False,76,2166950,,4sD1qg4jwTZR4mvR4Iflk5,2015-04-06,14,album,3.47,2015,4
1,57,False,80,7978695,"edm, trance, big room",4p3CULd5VeCSikL0PYkoP3,2015-04-03,1,single,3.61,2015,4
6,78,False,70,2360290,baroque pop,64xtjfsPHNHch0CZ7fPTjS,2015-03-31,11,album,4.65,2015,3
1,73,True,90,68997177,"pop, r&b",4S8F794ucXJcAtycwOZgR9,2015-03-26,1,single,3.65,2015,3
6,64,False,90,68997177,"pop, r&b",4jzv8VHqVBSt6wHCNHpWZv,2015-03-23,8,compilation,3.71,2015,3
3,65,False,67,4106519,,3G2kixP0Pi8L0KgmSYohb2,2015-03-23,15,album,4.34,2015,3
2,64,False,67,4106365,,3G2kixP0Pi8L0KgmSYohb2,2015-03-23,15,album,3.97,2015,3
3,70,False,67,4106519,,3GqsyMrJu3o8jLiGyBsBQW,2015-03-20,12,album,4.34,2015,3
1,57,False,76,8670063,tropical house,26bzHnyTkFBFHUFeRwFDn7,2015-03-16,1,single,3.71,2015,3
1,46,False,63,939937,"witch house, darkwave",2FQieUp8BxPN7OR8fE76TE,2015-03-10,10,album,3.48,2015,3
8,53,False,36,9166,,02XOS7ywtKYK3efy7IyLfu,2015-03-10,9,album,4.95,2015,3
1,2,False,81,12075691,rap,02tTjKlh9iQ5jlWYPbKLJZ,2015-03-10,1,single,3.82,2015,3
4,65,False,63,940315,"witch house, darkwave",2FQieUp8BxPN7OR8fE76TE,2015-03-10,10,album,3.47,2015,3
5,51,False,63,940315,"witch house, darkwave",2FQieUp8BxPN7OR8fE76TE,2015-03-10,10,album,4.0,2015,3
8,58,False,63,939535,"witch house, darkwave",2FQieUp8BxPN7OR8fE76TE,2015-03-10,10,album,3.66,2015,3
1,50,False,52,59849,soundtrack,7xPc1OsC2R0siZKMlzRBIo,2015-03-10,32,album,1.13,2015,3
3,0,False,63,940315,"witch house, darkwave",0RItfbXPf5eDzwdsgK9rKV,2015-03-10,10,album,4.11,2015,3
6,3,False,63,939937,"witch house, darkwave",0RItfbXPf5eDzwdsgK9rKV,2015-03-10,10,album,3.7,2015,3
3,39,False,45,213895,,4MkY7K5eyXl0Ts42KLCyir,2015-03-09,11,album,3.28,2015,3
1,80,True,83,10115734,"dark r&b, r&b, trap soul",4Oy8aMeS4lDCTK3Ukss3Dd,2015-03-08,2,single,2.45,2015,3
1,49,False,63,690311,,3CDIhRuL5iaenmrd95W3Ym,2015-03-06,1,single,3.03,2015,3
4,76,False,62,457277,"witch house, darkwave",0Iq6APTGuGPe875jV0rIw2,2015-03-05,14,album,3.45,2015,3
1,65,False,64,1266989,"melbourne bounce, electro house",1j4y4oErsQ2dIiZXClg1Zc,2015-03-03,1,single,3.53,2015,3
3,75,True,87,28305692,r&b,4neocSMt40stXKK2B8Sy2G,2015-02-24,16,album,3.75,2015,2
9,76,False,59,1081127,,6bfkwBrGYKJFk6Z4QVyjxd,2015-02-24,10,album,4.17,2015,2
4,74,True,74,11543082,,1j2x7FJXTgUT0X5hZ8TDXE,2015-02-23,12,album,4.73,2015,2
3,0,False,79,10462018,,4FdPaL1MvZtioq0Uf74Jau,2015-02-21,5,single,3.39,2015,2
5,4,False,79,10465301,,4FdPaL1MvZtioq0Uf74Jau,2015-02-21,5,single,3.83,2015,2
5,83,False,79,10462018,,4hZ8kmFKSmguXiWpGjUzcF,2015-02-21,5,single,3.83,2015,2
1,0,False,33,14768,soundtrack,1IamuMB8i2g2vEJKNv7NFC,2015-02-16,21,album,3.47,2015,2
6,73,True,71,5067759,,1TkwzY3l4LqAfrQwBAx45Q,2015-02-14,10,album,4.08,2015,2
2,75,False,63,670530,,0B4eikFaUJcf3hc6DaSVov,2015-02-13,12,album,3.36,2015,2
2,69,True,95,103039388,rap,0ptlfJfwGTy0Yvrk14JK1I,2015-02-12,17,album,3.03,2015,2
1,61,False,62,390914,"childrens music""""",3C81mDhWllB5q56pfvik3U,2015-02-10,24,compilation,2.13,2015,2
3,53,False,59,241502,"celtic, soundtrack",7IACcKsPaMrCJjwsZLjoJ3,2015-02-10,13,album,4.64,2015,2
4,46,False,59,241463,"celtic, soundtrack",7IACcKsPaMrCJjwsZLjoJ3,2015-02-10,13,album,5.63,2015,2
1,0,False,81,45700057,,2xSg14InGvgCs4WIpwjN6H,2015-02-10,1,single,3.44,2015,2
5,46,False,59,241463,"celtic, soundtrack",7IACcKsPaMrCJjwsZLjoJ3,2015-02-10,13,album,2.97,2015,2
5,58,False,78,13212719,,38WMYJ0LhCKAiRflk43Xt9,2015-02-10,13,compilation,4.17,2015,2
1,41,False,53,92288,soundtrack,2TFIk6uv7f4GUsZAm3FWNp,2015-02-10,15,album,1.63,2015,2
3,78,False,83,9469943,,6f5gAJpM85TE6aQ81h46T5,2015-02-04,9,album,3.48,2015,2
4,77,False,69,16220530,,0zAsh6hObeNmFgFPrUiFcP,2015-01-30,14,album,3.74,2015,1
16,13,False,61,868224,orchestral,3zr5yNF9sw5hzxHCA5Peul,2015-01-28,23,album,4.44,2015,1
1,76,False,90,69030894,"pop, r&b",7yBl4uFyJzH48Vy6tPieXL,2015-01-24,1,single,3.13,2015,1
5,46,False,41,71857,art pop,0MGNAatiEm1f9dTvLvNY6R,2015-01-23,12,album,3.92,2015,1
12,19,False,63,802820,,70n8zSGdTHmEnrqbNjE0TN,2015-01-22,12,album,3.81,2015,1
5,70,False,61,648181,,3adiBBrMeZHVsN9e8GxypZ,2015-01-20,6,single,3.77,2015,1
3,51,False,71,4969994,"industrial metal, industrial rock, industrial, metal, nu metal",0F9brQbQ3vLDYyTElx9f9n,2015-01-19,13,album,4.44,2015,1
9,43,True,71,4972305,"industrial metal, industrial rock, industrial, metal, nu metal",0F9brQbQ3vLDYyTElx9f9n,2015-01-19,13,album,4.98,2015,1
10,34,False,71,4971141,"industrial metal, industrial rock, industrial, metal, nu metal",0F9brQbQ3vLDYyTElx9f9n,2015-01-19,13,album,6.38,2015,1
8,43,False,48,71368,,2UGmdtMnIlUMiXryHZ8StP,2015-01-17,40,album,1.71,2015,1
3,81,False,77,11415609,"emo, pop punk",022DrG7Wp2PSCwzuD0bSzT,2015-01-16,11,album,3.8,2015,1
2,69,True,74,15743681,,5W98Ab4VvQEuFEE4TIe5fE,2015-01-12,15,album,3.13,2015,1
4,83,False,74,1294408,,3vLaOYCNCzngDf8QdBg2V1,2015-01-12,11,album,4.49,2015,1
6,72,False,73,15744271,,5W98Ab4VvQEuFEE4TIe5fE,2015-01-12,15,album,3.75,2015,1
11,64,False,73,15744271,,5W98Ab4VvQEuFEE4TIe5fE,2015-01-12,15,album,3.04,2015,1
1,1,False,72,10961941,christmas,5eKdMH1IZe0nGMYSDIdt6e,2015-01-12,1,single,3.31,2015,1
13,79,False,68,2980061,,0wfne2JijoxJm0qzJd3V5h,2015-01-11,15,album,3.27,2015,1
5,65,True,48,327550,,7IQvaeTZKibqE8OkOwicM0,2015-01-09,11,album,3.37,2015,1
1,0,False,78,13211271,,2YLHkrwyRBsjBgSAySg0es,2015-01-07,1,single,4.2,2015,1
10,69,True,69,7767429,,6eDx949ONWDCN0O22wFZf7,2015-01-06,11,album,3.33,2015,1
5,77,True,69,7767429,,6eDx949ONWDCN0O22wFZf7,2015-01-06,11,album,3.43,2015,1
6,71,True,69,7767068,,6eDx949ONWDCN0O22wFZf7,2015-01-06,11,album,3.54,2015,1
12,49,False,63,881054,"neoclassical, minimalism",3GmecFBWNs4fTi0PkLF7qR,2015-01-02,13,album,4.53,2015,1
5,62,False,77,27288825,,56yYgfX6M5FlpETfyZSHkn,2015-01-01,11,album,3.18,2015,1
1,37,False,59,241502,"celtic, soundtrack",0QC50e0EZ0MAYLbbbeit0M,2015-01-01,18,album,2.86,2015,1
2,77,True,77,27288825,,56yYgfX6M5FlpETfyZSHkn,2015-01-01,11,album,3.57,2015,1
4,72,False,73,4984665,"country, acoustic country, pop country",4ykbJPI8MPscFzROE8dqLy,2015-01-01,13,album,3.79,2015,1
3,33,False,69,5042529,"country, classic country",1965uFfUcMO2ITPjJDWsgQ,2015-01-01,14,album,3.55,2015,1
2,3,False,84,17373704,dream pop,4zBZX3bPIQkJMY0CaTGFKh,2015-01-01,2,single,3.88,2015,1
7,62,False,73,4983771,"country, acoustic country, pop country",4ykbJPI8MPscFzROE8dqLy,2015-01-01,13,album,3.79,2015,1
1,60,True,69,2858495,,5r0LVuUjx659ddoV15P5MI,2015-01-01,1,single,3.16,2015,1
1,77,False,79,10462018,,0EziSyfFiXUxfnfqwCCHD3,2014-12-25,1,single,3.39,2014,12
12,26,False,51,345078,,4R88Ml4Ecn7I94c4SyShcd,2014-12-25,21,album,3.34,2014,12
1,72,False,94,112995439,"r&b pop, alternative r&b, hip hop, synthpop",61Ba3txRZWfiX6ZTEZlFCV,2014-12-23,1,single,4.2,2014,12
13,50,True,84,34295707,,5qs8T6ZHSrnllnOuUk6muC,2014-12-15,23,album,3.79,2014,12
6,64,False,82,6315216,"hyperpop, art pop",5Ws5ktkIUJFpaIImvH3tYU,2014-12-15,15,album,2.83,2014,12
6,63,True,84,34293318,,5ooCuPIk58IwSo6DRr1JCu,2014-12-15,19,album,5.2,2014,12
13,71,True,84,34293318,,40XGTQ7FN6Y3dZXJhKBe96,2014-12-12,21,album,3.79,2014,12
3,80,True,82,27077429,rap,0UMMIkurRUmkruZ3KGBLtG,2014-12-09,13,album,3.98,2014,12
9,85,True,82,27077429,rap,0UMMIkurRUmkruZ3KGBLtG,2014-12-09,13,album,4.87,2014,12
3,60,False,65,2239954,,2bVVESepVYULITlO6mtmoy,2014-12-02,15,album,3.31,2014,12
2,69,True,71,1958141,"cloud rap, emo rap, horrorcore, trap metal, underground hip hop",2jgKK8iIX83mPrCyDhvEdf,2014-12-02,18,album,2.32,2014,12
1,87,False,69,1047913,,7ucm85tRsWk6EyVHaYAxe9,2014-11-28,1,single,2.67,2014,11
4,65,True,83,21591569,,2mKqHATk7WVbtazVkSe9w0,2014-11-28,16,album,4.45,2014,11
2,56,True,83,21606569,,2mKqHATk7WVbtazVkSe9w0,2014-11-28,16,album,3.57,2014,11
6,53,True,83,21591569,,2mKqHATk7WVbtazVkSe9w0,2014-11-28,16,album,3.6,2014,11
15,46,False,83,21598900,,2mKqHATk7WVbtazVkSe9w0,2014-11-28,16,album,3.88,2014,11
16,43,True,83,21591569,,2mKqHATk7WVbtazVkSe9w0,2014-11-28,16,album,2.36,2014,11
9,46,True,83,21606569,,2mKqHATk7WVbtazVkSe9w0,2014-11-28,16,album,2.4,2014,11
12,54,True,83,21614916,,2mKqHATk7WVbtazVkSe9w0,2014-11-28,16,album,3.57,2014,11
14,64,False,83,21591569,,2mKqHATk7WVbtazVkSe9w0,2014-11-28,16,album,2.44,2014,11
10,38,False,52,146628,,5T8HSCMkzbA8hCpSXTBwlr,2014-11-25,10,album,4.73,2014,11
6,56,False,52,146628,,5T8HSCMkzbA8hCpSXTBwlr,2014-11-25,10,album,5.75,2014,11
3,74,True,84,41172203,,2UJwKSBUz6rtW4QLK74kQu,2014-11-24,20,album,5.39,2014,11
3,79,False,84,11933906,,4EUf4YyNjuXypWY6W5wEDm,2014-11-24,11,album,3.93,2014,11
1,20,False,56,95952,soundtrack,3GG0ydkac19nz9tYGvdCnB,2014-11-24,19,album,4.16,2014,11
4,84,True,84,11939612,,4EUf4YyNjuXypWY6W5wEDm,2014-11-24,11,album,3.82,2014,11
4,64,False,62,3186602,,41QyJYx6N181E3QxWpC2FW,2014-11-24,25,album,3.73,2014,11
10,67,False,84,41176723,,2UJwKSBUz6rtW4QLK74kQu,2014-11-24,20,album,3.59,2014,11
3,70,True,88,104539036,"rap, hip hop",3CjuTytLZz3G9znXt2rJgU,2014-11-24,28,compilation,5.34,2014,11
2,74,True,84,41172203,,2UJwKSBUz6rtW4QLK74kQu,2014-11-24,20,album,6.15,2014,11
6,71,True,84,41172203,,2UJwKSBUz6rtW4QLK74kQu,2014-11-24,20,album,5.32,2014,11
1,74,False,90,107389514,pop,27MNgBEnLCKoafz1g2Zu97,2014-11-24,1,single,3.4,2014,11
1,71,False,73,3634221,,6bsCl6iS6dvC4xaiBlecPv,2014-11-23,4,single,4.79,2014,11
5,46,False,67,10379778,,78GeZ5IA1KSbI0MiR4bAhH,2014-11-21,15,compilation,3.25,2014,11
3,54,False,67,10379778,,78GeZ5IA1KSbI0MiR4bAhH,2014-11-21,15,compilation,3.14,2014,11
9,52,False,75,3098824,tropical house,68hGIvYM1p4wOVtsVzYcpM,2014-11-21,43,compilation,2.3,2014,11
2,0,False,77,4779199,soundtrack,7a78GiEowpaCa7ZJs44xUU,2014-11-18,16,album,2.11,2014,11
4,0,False,77,4777574,soundtrack,7a78GiEowpaCa7ZJs44xUU,2014-11-18,16,album,3.32,2014,11
8,0,False,77,4779199,soundtrack,7a78GiEowpaCa7ZJs44xUU,2014-11-18,16,album,3.65,2014,11
22,62,False,77,4780589,soundtrack,3B61kSKTxlY36cYgzvf3cP,2014-11-18,30,album,4.1,2014,11
14,64,False,69,2547411,french pop,67py9Fs3X4K451QuO5eCLI,2014-11-17,15,album,4.96,2014,11
7,86,False,83,40270893,,4gCNyS7pidfK3rKWhB3JOY,2014-11-17,16,album,3.77,2014,11
11,68,False,69,2545147,french pop,67py9Fs3X4K451QuO5eCLI,2014-11-17,15,album,3.57,2014,11
4,60,False,55,688032,"indie rock, indie",2pJdnCpeXm3KVUlyuNSeRX,2014-11-17,12,album,3.05,2014,11
1,0,False,52,90530,"medieval, soundtrack",7KwqcypmfvpVejdUyZTWMX,2014-11-17,39,album,2.86,2014,11
4,1,False,78,7849274,"post-grunge, rock",2mepXKJlgU28VBwkSXjWfY,2014-11-17,11,album,3.96,2014,11
1,82,False,83,40273571,,4gCNyS7pidfK3rKWhB3JOY,2014-11-17,16,album,3.8,2014,11
1,51,True,59,3280085,r&b,4Dg6r2i58ftPdj3229uDrl,2014-11-11,1,single,3.77,2014,11
4,73,False,78,11034315,,3I2KkX13lHXuYqfBjSOopo,2014-11-11,10,album,2.49,2014,11
1,59,True,50,1100826,,0sFq10gbnEw519SPeozbaY,2014-11-10,1,single,3.99,2014,11
2,54,False,87,27141717,edm,77UW17CZFyCaRLHdHeofZu,2014-11-10,18,album,3.45,2014,11
10,73,False,87,27141717,edm,77UW17CZFyCaRLHdHeofZu,2014-11-10,18,album,3.2,2014,11
10,61,False,87,27139342,edm,3UEEPh5wsdhP7SKC31yvhu,2014-11-10,18,album,3.2,2014,11
13,1,True,59,1134449,"ballroom vogue, hip house",6ptPMZzScoFqSVfzph6m9B,2014-11-07,16,album,2.8,2014,11
21,48,False,62,344387,soundtrack,2CsfKW5tze2DZKq49iARk1,2014-11-07,21,album,1.94,2014,11
1,57,False,62,344334,soundtrack,2CsfKW5tze2DZKq49iARk1,2014-11-07,21,album,2.61,2014,11
1,1,False,82,9112977,,6bcl0ZcPJWJtyuRsOyhvfv,2014-11-06,26,album,4.02,2014,11
24,58,False,60,313454,neoclassical,02VRifrsiTM73hPGjXduRQ,2014-11-04,27,album,1.14,2014,11
27,44,False,60,313556,neoclassical,02VRifrsiTM73hPGjXduRQ,2014-11-04,27,album,1.87,2014,11
17,56,False,60,313511,neoclassical,02VRifrsiTM73hPGjXduRQ,2014-11-04,27,album,1.31,2014,11
4,54,False,60,313454,neoclassical,02VRifrsiTM73hPGjXduRQ,2014-11-04,27,album,1.08,2014,11
3,80,False,84,23078931,edm,48zisMeiXniWLzOQghbPqS,2014-10-31,15,album,3.54,2014,10
12,39,False,36,11260,"medieval, celtic",7BvELdzrU8gN4V6fTB2Xq6,2014-10-31,14,album,2.05,2014,10
8,82,False,84,23078931,edm,48zisMeiXniWLzOQghbPqS,2014-10-31,15,album,3.7,2014,10
6,85,False,84,23078931,edm,48zisMeiXniWLzOQghbPqS,2014-10-31,15,album,3.78,2014,10
6,71,False,100,145396321,"country, pop, indie, folk",2QJmrSgbdM35R67eoGQo4j,2014-10-27,13,album,3.65,2014,10
5,58,False,100,145396321,"country, pop, indie, folk",2QJmrSgbdM35R67eoGQo4j,2014-10-27,13,album,3.22,2014,10
8,65,False,100,145396321,"country, pop, indie, folk",2QJmrSgbdM35R67eoGQo4j,2014-10-27,13,album,3.53,2014,10
2,74,False,100,145489371,"country, pop, indie, folk",2QJmrSgbdM35R67eoGQo4j,2014-10-27,13,album,3.86,2014,10
13,54,False,100,145443567,"country, pop, indie, folk",34OkZVpuzBa9y40DCy0LPR,2014-10-27,19,album,4.51,2014,10
7,38,False,65,2473717,"country, pop country",4zEF7OsSjtoehhC67vmUFJ,2014-10-27,10,album,3.76,2014,10
16,61,False,100,145396321,"country, pop, indie, folk",34OkZVpuzBa9y40DCy0LPR,2014-10-27,19,album,3.84,2014,10
3,73,False,100,145489371,"country, pop, indie, folk",2QJmrSgbdM35R67eoGQo4j,2014-10-27,13,album,3.85,2014,10
11,49,False,100,145396321,"country, pop, indie, folk",34OkZVpuzBa9y40DCy0LPR,2014-10-27,19,album,4.16,2014,10
10,55,False,100,145443567,"country, pop, indie, folk",34OkZVpuzBa9y40DCy0LPR,2014-10-27,19,album,4.12,2014,10
9,66,False,100,145443567,"country, pop, indie, folk",2QJmrSgbdM35R67eoGQo4j,2014-10-27,13,album,3.67,2014,10
9,50,False,100,145396321,"country, pop, indie, folk",34OkZVpuzBa9y40DCy0LPR,2014-10-27,19,album,3.67,2014,10
14,54,False,100,145443567,"country, pop, indie, folk",34OkZVpuzBa9y40DCy0LPR,2014-10-27,19,album,4.09,2014,10
15,54,False,100,145443567,"country, pop, indie, folk",34OkZVpuzBa9y40DCy0LPR,2014-10-27,19,album,4.45,2014,10
10,51,False,67,1405055,,0SPJ2DOCEtX6l3MkLA2fbQ,2014-10-24,35,compilation,4.06,2014,10
1,63,False,65,2473903,"country, pop country",0V7c0hnrLUFJyHNtjiAT2E,2014-10-24,10,album,4.06,2014,10
4,73,False,78,14078228,"nu metal, metal, alternative metal, rap metal, heavy metal",0ApKaazNHf0gzjAYZauexq,2014-10-15,16,album,5.71,2014,10
1,74,False,77,9281733,,6mQGo1a9mXHNUSJYwXi9Wd,2014-10-14,1,single,4.12,2014,10
10,56,False,70,5588772,"country, pop country, acoustic country",5NG7WZaCZZ12M5LJm0JcVc,2014-10-14,12,album,3.17,2014,10
4,60,False,70,5588772,"country, pop country, acoustic country",5NG7WZaCZZ12M5LJm0JcVc,2014-10-14,12,album,3.84,2014,10
4,81,False,71,12190846,,2rDIivxBafNKpgRqlzIRSb,2014-10-10,15,album,3.32,2014,10
8,32,False,47,6375,,5REFQTOTUzqGXmCXEc6M6t,2014-10-07,22,album,0.65,2014,10
4,58,False,75,7053393,"country, acoustic country",5i2qu2FGIYy2BMhHDKST43,2014-10-07,15,album,3.76,2014,10
14,59,False,75,7053393,"country, acoustic country",5i2qu2FGIYy2BMhHDKST43,2014-10-07,15,album,3.73,2014,10
1,48,False,74,5973844,,11vNLvl8x1ko03AYhyIMir,2014-10-06,1,single,3.66,2014,10
7,69,False,52,1235269,,3Yk19X5zgXDSrG8uqrPnXC,2014-10-06,13,album,3.08,2014,10
4,0,False,39,8803,"jazz, big band",6g42oKg0CnLrN7UWZAAj7K,2014-10-06,24,compilation,1.92,2014,10
6,46,False,62,1360190,,25GByci0DSiGXlPutZCPa7,2014-10-03,15,album,2.78,2014,10
52,0,False,33,6103,,3qkj4k4iM4PHvYs4OFxoWH,2014-10-02,60,compilation,1.34,2014,10
5,81,True,76,3083443,alternative r&b,6zXUDBGLbrB9Kgkw2Y3F7L,2014-10-01,18,album,3.78,2014,10
6,65,False,69,7507062,country,0daIqjuhsQqXoeII3pBSeT,2014-09-30,12,album,3.89,2014,9
1,60,False,80,10539134,,7sg5iqMiDrM2aJqLAmv83V,2014-09-30,1,single,3.87,2014,9
13,75,False,71,3676745,,5Z5O36p7BivXzkucc0PAfw,2014-09-24,18,album,3.48,2014,9
4,70,True,71,3676745,,5Z5O36p7BivXzkucc0PAfw,2014-09-24,18,album,3.97,2014,9
8,0,False,67,3424761,"indie, indie rock",6TbkWAqqY4nhQnYim61IU8,2014-09-22,14,album,4.99,2014,9
9,74,False,82,9114093,,0Uv83rRhY5QvHKkQoULRKk,2014-09-19,13,album,3.82,2014,9
3,59,False,82,9111905,,44zQnmrFcPCmPp6NLMfTuz,2014-09-19,26,album,4.44,2014,9
1,83,False,82,9112977,,0Uv83rRhY5QvHKkQoULRKk,2014-09-19,13,album,4.02,2014,9
1,79,False,82,9112977,,4Pv7m8D82A1Xun7xNCKZjJ,2014-09-19,15,album,4.02,2014,9
12,72,False,82,9111905,,44zQnmrFcPCmPp6NLMfTuz,2014-09-19,26,album,4.29,2014,9
1,29,False,38,10148,,4WzKTZo9S1lr8apQhRhr9N,2014-09-18,1,single,2.75,2014,9
3,79,True,87,28327351,r&b,3LByoNjO4gbuX5D0u26LDY,2014-09-16,22,album,4.41,2014,9
2,76,False,74,8809453,,6yd9yk8nFcHalXzy7mgaDx,2014-09-15,11,album,4.09,2014,9
1,43,False,47,52307,soundtrack,4HprkLzO577tGz5JFlg5uV,2014-09-15,21,album,2.83,2014,9
4,80,False,74,3482109,folk pop,6rIbiUMmZJfqJRnXhVxFvg,2014-09-08,13,album,3.4,2014,9
4,10,False,74,3482109,folk pop,5S9b8euumqMhQbMk0zzQdH,2014-09-08,15,album,3.4,2014,9
11,0,False,50,60303,,0UtYjU9MJ5VrgqEFpaYRYw,2014-09-08,12,album,3.97,2014,9
2,43,False,32,42600,,5pMbkSjNGEcKjnRwbF8kwv,2014-09-03,6,single,3.72,2014,9
2,81,False,85,45771951,pop,2Auw0pTT6EcQdvHNimhLQI,2014-09-02,12,album,3.85,2014,9
5,80,True,85,45764832,pop,2Auw0pTT6EcQdvHNimhLQI,2014-09-02,12,album,3.92,2014,9
1,84,False,85,45764832,pop,2Auw0pTT6EcQdvHNimhLQI,2014-09-02,12,album,3.16,2014,9
3,50,False,90,107374593,pop,4OmcwMXInfxtJ6YityvgWP,2014-08-25,15,album,3.28,2014,8
3,47,False,64,2898444,country,5jz1XHH4z5CegCDlAe9ujP,2014-08-25,15,album,3.91,2014,8
1,70,True,61,956325,,2LbrGt2oc08xV8IDJvLzYi,2014-08-25,1,single,4.33,2014,8
13,59,False,71,12190846,,6EVYTRG1drKdO8OnIQBeEj,2014-08-22,15,album,3.32,2014,8
6,66,False,90,107418606,pop,6EVYTRG1drKdO8OnIQBeEj,2014-08-22,15,album,3.89,2014,8
5,80,False,90,107389514,pop,6EVYTRG1drKdO8OnIQBeEj,2014-08-22,15,album,3.58,2014,8
10,61,False,90,107401919,pop,6EVYTRG1drKdO8OnIQBeEj,2014-08-22,15,album,3.87,2014,8
2,78,False,90,107401919,pop,6EVYTRG1drKdO8OnIQBeEj,2014-08-22,15,album,3.23,2014,8
9,83,False,90,107374593,pop,6EVYTRG1drKdO8OnIQBeEj,2014-08-22,15,album,3.93,2014,8
3,85,False,90,107374593,pop,6EVYTRG1drKdO8OnIQBeEj,2014-08-22,15,album,3.28,2014,8
18,57,True,56,1251973,"country, acoustic country",5lkRYpePZze7eng9Spx1Gq,2014-08-19,18,album,4.02,2014,8
1,0,False,31,53066,,4o2nfqXCqRhSHwwfzuFB2C,2014-08-19,12,album,3.8,2014,8
2,63,True,81,12078615,rap,2pl9PVgr8QFKRGY0HY69GI,2014-08-19,15,album,3.74,2014,8
8,55,False,56,1251973,"country, acoustic country",5lkRYpePZze7eng9Spx1Gq,2014-08-19,18,album,3.58,2014,8
14,0,False,40,71661,,4M50HUAUwNgNPVLODSQd0Y,2014-08-19,18,compilation,3.34,2014,8
2,51,False,60,1707968,"garage rock, rock",0BFzNaeaNv4mahOzwZFGHK,2014-08-18,10,album,2.89,2014,8
1,57,True,89,41107596,rap,54Y471E7GNBSOXjZtqONId,2014-08-18,12,album,3.34,2014,8
4,70,True,89,41107596,rap,54Y471E7GNBSOXjZtqONId,2014-08-18,12,album,3.47,2014,8
2,43,False,70,1605379,soundtrack,3xeo92ykCYWfe32si3I6zF,2014-08-18,28,compilation,3.71,2014,8
3,37,False,62,174783,"classical, chamber music",3xeo92ykCYWfe32si3I6zF,2014-08-18,28,compilation,3.52,2014,8
1,60,True,60,1708042,"garage rock, rock",0BFzNaeaNv4mahOzwZFGHK,2014-08-18,10,album,4.0,2014,8
3,62,False,49,247537,,1uxnZdfM0xoRUhaXy2Iez5,2014-08-14,18,album,3.1,2014,8
4,45,False,65,2473426,"country, pop country",6S2hLx1UnNcmBZUgqy66CQ,2014-08-12,4,single,3.86,2014,8
9,63,False,62,837453,"witch house, darkwave",0yeP5olfo8IIu6UBGfUWHo,2014-08-08,15,album,4.28,2014,8
1,39,False,61,837146,"witch house, darkwave",0yeP5olfo8IIu6UBGfUWHo,2014-08-08,15,album,3.56,2014,8
1,71,False,65,1334303,,7AGnFKaeMdOgRFazLNyBps,2014-08-05,16,album,3.32,2014,8
1,4,False,65,1334256,,0XUNG1cssmwHh22loRqKdJ,2014-08-05,11,album,3.32,2014,8
1,67,False,83,10103479,"dark r&b, r&b, trap soul",52SPzTxOUOS996NCHoGN0r,2014-07-29,12,album,2.88,2014,7
3,73,True,83,10103479,"dark r&b, r&b, trap soul",1xwhNJCfTwuRia7Cpo7IbJ,2014-07-29,12,album,3.82,2014,7
1,68,True,56,1603613,,5ptl9Sheh9eWaogxFOZ3PV,2014-07-25,1,single,3.24,2014,7
1,44,False,67,1738248,country,5khSHsmQhkTJ1iJr5FdAP8,2014-07-24,3,single,3.8,2014,7
7,46,False,62,2833512,k-pop,1xf4URVJ3DRX2uumI916w6,2014-07-22,16,compilation,3.78,2014,7
15,56,True,74,6294820,,6xVVfIRbs9yh3kWzff6HUR,2014-07-21,16,album,4.26,2014,7
1,81,False,82,30556621,,3xFSl9lIRaYXIYkIn3OIl9,2014-07-04,12,album,3.6,2014,7
8,77,False,82,30550549,,3xFSl9lIRaYXIYkIn3OIl9,2014-07-04,12,album,4.28,2014,7
1,45,False,47,115339,"sea shanties, medieval, celtic",2b0goUcHfPfYOfUdIdS2NP,2014-07-04,1,single,7.72,2014,7
2,47,False,43,77758,,2fKvStJ1UkXMkf5kzBp3DQ,2014-07-01,16,compilation,3.65,2014,7
3,64,False,69,7745199,r&b,00no0cywmc15sIIoys7kM9,2014-07-01,13,album,3.86,2014,7
9,0,False,30,49104,soundtrack,0MJwS1KqklO8tr95IJAcQA,2014-06-30,12,album,5.16,2014,6
3,0,False,52,406556,"darkwave, cold wave, post-punk, ebm, gothic rock, deathrock, synthpop",0U0KLShCpe3rWkcfOLJl9Y,2014-06-30,6,single,7.32,2014,6
2,56,False,57,218503,soundtrack,3V5GKKQDKrldly6W5hIwiv,2014-06-30,4,single,5.75,2014,6
2,0,False,29,2957,,3AObJcPDE4mPFLbjEtXrxd,2014-06-30,13,album,2.29,2014,6
2,78,False,61,573365,,6zXb9FQMzawvY2Au8Kxky3,2014-06-30,21,album,4.09,2014,6
1,36,False,42,35140,soundtrack,2H8DZbIIIzxXcWmX0XSs5W,2014-06-27,28,album,2.46,2014,6
1,69,False,76,10246566,,2LkWHNNHgD6BRNeZI2SL1L,2014-06-27,16,album,3.37,2014,6
1,83,False,66,1609417,,0RZ4Ct4vegYBmL9g88TBNi,2014-06-25,11,album,3.74,2014,6
2,0,True,60,644923,,5ici5ij38sJ0E2QdH15JIQ,2014-06-24,13,album,4.1,2014,6
3,59,True,61,644963,,7eEjlhwC1v5m2G790Y5zyM,2014-06-24,13,album,4.19,2014,6
12,56,False,88,122773292,soft pop,1xn54DMo2qIqBuMqHtUsFd,2014-06-21,16,album,5.23,2014,6
7,63,False,88,122773292,soft pop,1xn54DMo2qIqBuMqHtUsFd,2014-06-21,16,album,5.0,2014,6
6,86,False,88,122789460,soft pop,1xn54DMo2qIqBuMqHtUsFd,2014-06-21,16,album,4.31,2014,6
9,54,False,88,122802777,soft pop,1xn54DMo2qIqBuMqHtUsFd,2014-06-21,16,album,3.41,2014,6
14,49,False,88,122773292,soft pop,1xn54DMo2qIqBuMqHtUsFd,2014-06-21,16,album,3.17,2014,6
3,68,False,88,122802777,soft pop,1xn54DMo2qIqBuMqHtUsFd,2014-06-21,16,album,3.92,2014,6
4,71,False,88,122773292,soft pop,1xn54DMo2qIqBuMqHtUsFd,2014-06-21,16,album,3.66,2014,6
15,50,False,88,122773292,soft pop,1xn54DMo2qIqBuMqHtUsFd,2014-06-21,16,album,3.8,2014,6
5,53,False,88,122802777,soft pop,1xn54DMo2qIqBuMqHtUsFd,2014-06-21,16,album,3.75,2014,6
1,59,False,88,122802777,soft pop,1xn54DMo2qIqBuMqHtUsFd,2014-06-21,16,album,4.21,2014,6
16,1,False,88,122773292,soft pop,1xn54DMo2qIqBuMqHtUsFd,2014-06-21,16,album,4.98,2014,6
2,59,False,88,122773292,soft pop,1xn54DMo2qIqBuMqHtUsFd,2014-06-21,16,album,4.07,2014,6
13,49,False,88,122802777,soft pop,1xn54DMo2qIqBuMqHtUsFd,2014-06-21,16,album,3.47,2014,6
8,66,False,88,122789460,soft pop,1xn54DMo2qIqBuMqHtUsFd,2014-06-21,16,album,4.02,2014,6
10,49,False,88,122789460,soft pop,1xn54DMo2qIqBuMqHtUsFd,2014-06-21,16,album,4.17,2014,6
11,84,False,88,122802777,soft pop,1xn54DMo2qIqBuMqHtUsFd,2014-06-21,16,album,4.69,2014,6
1,29,False,12,190,,0gFAT49lxCPNmqELGIbzuG,2014-06-16,1,single,2.8,2014,6
2,39,False,64,301384,soundtrack,1VYM3uIZXGJGa7T8jGHG5z,2014-06-13,20,album,2.31,2014,6
15,45,False,64,301384,soundtrack,4nNsGBOX3Nscu7vkpkl3as,2014-06-10,19,album,3.78,2014,6
10,46,False,63,301146,soundtrack,4nNsGBOX3Nscu7vkpkl3as,2014-06-10,19,album,2.79,2014,6
4,55,True,49,764106,"groove metal, metal",3svczQXB77gdDAIse5qUoe,2014-06-10,12,album,4.85,2014,6
1,80,True,81,7319540,trap soul,3SHx7bBQFI4J8QRr6D5cOK,2014-06-10,1,single,4.04,2014,6
3,57,False,88,31785695,"nu metal, rap metal, rock, alternative metal",3XB2yloP7l00tEUmaODtVi,2014-06-09,12,album,5.91,2014,6
1,44,False,62,1819643,k-pop,1LZ6fdYr5t1xfCKhrHgTLb,2014-06-09,1,single,3.94,2014,6
4,66,False,79,12552680,,4Hai0uVzRbyTSaTPzxTY4e,2014-06-05,12,album,3.56,2014,6
7,78,False,79,12544566,,4Hai0uVzRbyTSaTPzxTY4e,2014-06-05,12,album,3.79,2014,6
3,69,False,80,12560191,,4Hai0uVzRbyTSaTPzxTY4e,2014-06-05,12,album,3.24,2014,6
9,86,False,80,12569270,,4Hai0uVzRbyTSaTPzxTY4e,2014-06-05,12,album,3.56,2014,6
8,61,False,79,12544566,,4Hai0uVzRbyTSaTPzxTY4e,2014-06-05,12,album,2.55,2014,6
4,68,False,73,4568462,,14IOe7ahxQPTwUYUQX3IFi,2014-06-03,11,album,4.82,2014,6
5,85,False,81,26272346,soft pop,08jWgM4vSkTose4blKBWov,2014-05-26,10,album,3.98,2014,5
10,75,False,81,26272346,soft pop,08jWgM4vSkTose4blKBWov,2014-05-26,10,album,4.22,2014,5
7,72,False,81,26278854,soft pop,08jWgM4vSkTose4blKBWov,2014-05-26,10,album,2.78,2014,5
3,82,False,81,26272346,soft pop,08jWgM4vSkTose4blKBWov,2014-05-26,10,album,2.87,2014,5
3,56,False,52,316990,,1r84Srqz3Ph0EPucaQQLLm,2014-05-20,9,album,4.86,2014,5
1,0,False,82,9114093,,60iWIaLVVZWS5YTirIaC1c,2014-05-20,17,album,4.02,2014,5
4,57,False,88,60804949,,2G4AUqfwxcV1UdQjm2ouYr,2014-05-16,9,album,4.1,2014,5
8,85,False,88,60804949,,2G4AUqfwxcV1UdQjm2ouYr,2014-05-16,9,album,4.46,2014,5
1,66,False,88,60804949,,2G4AUqfwxcV1UdQjm2ouYr,2014-05-16,9,album,3.61,2014,5
2,70,False,88,60818952,,2G4AUqfwxcV1UdQjm2ouYr,2014-05-16,9,album,4.75,2014,5
1,75,False,62,264457,french indie pop,6Ps0kbvAjuz75uK0uuZzWa,2014-05-16,2,single,3.15,2014,5
10,85,False,91,85034636,"pop, contemporary r&b",1rknZw4cyL9NInAqSwc8AA,2014-05-13,16,album,4.13,2014,5
5,34,False,56,510365,"french pop, chanson québécoise, variété française, chanson",2Gy2IQbKCWP3ax77OVQk3r,2014-05-13,18,album,2.07,2014,5
1,9,False,41,20833,,3ZdF1f49elvQVh4lsGHGbQ,2014-05-12,17,compilation,3.69,2014,5
17,75,False,85,37446069,,7pomP86PUhoJpY3fsC0WDQ,2014-05-09,17,album,4.1,2014,5
2,82,False,85,37446069,,7pomP86PUhoJpY3fsC0WDQ,2014-05-09,17,album,4.09,2014,5
9,52,False,68,4138541,"blues rock, garage rock, modern blues, rock",6TvxpBzf9c8H1fsrAaQ8t3,2014-05-06,11,album,3.55,2014,5
3,48,False,77,11932306,"latin pop, latin",078Dqpeg1UwDkT6KXxNmIA,2014-05-06,12,album,4.05,2014,5
14,49,False,72,2211843,,5Swr80WlTTC0PKExtoU4jU,2014-04-28,14,album,3.47,2014,4
1,63,True,80,10540190,,2vORXjfFzyQeExBayLpX1U,2014-04-24,1,single,6.06,2014,4
1,77,False,74,16646605,"reggaeton, latin",4JlzEvVJqpb62Xwc0EmOHr,2014-04-23,1,single,3.43,2014,4
4,31,True,71,5067710,,4nXtqtaVW7MmYM9L8fxXqh,2014-04-20,6,single,3.28,2014,4
11,23,False,68,3544284,alternative rock,5TuDqbxRPsSaZDXzQhETkP,2014-04-19,25,album,3.75,2014,4
1,70,False,68,3737128,,7DRvJhjucsH34zMXtEh0ER,2014-04-13,1,single,3.15,2014,4
9,82,False,79,7996784,"indie, lo-fi indie",2sij95QgjmgrhNv33achzn,2014-04-01,11,album,3.86,2014,4
4,64,False,71,4307803,soft pop,5JBSxkc72B8RhwhUvffc65,2014-03-28,13,album,4.17,2014,3
4,60,False,71,4307803,soft pop,74PXwYZw2Z5UF6keoLp8qH,2014-03-27,13,album,4.17,2014,3
13,24,False,85,39777995,latin pop,2gOSZzsO8EZJvtdmVOVtJE,2014-03-21,17,album,3.1,2014,3
17,26,False,85,39777995,latin pop,2gOSZzsO8EZJvtdmVOVtJE,2014-03-21,17,album,3.29,2014,3
16,29,False,85,39788275,latin pop,2gOSZzsO8EZJvtdmVOVtJE,2014-03-21,17,album,3.29,2014,3
12,22,False,85,39777995,latin pop,2gOSZzsO8EZJvtdmVOVtJE,2014-03-21,17,album,3.69,2014,3
8,22,False,85,39777995,latin pop,2gOSZzsO8EZJvtdmVOVtJE,2014-03-21,17,album,3.3,2014,3
11,25,False,85,39798156,latin pop,2gOSZzsO8EZJvtdmVOVtJE,2014-03-21,17,album,3.44,2014,3
5,23,False,85,39777995,latin pop,2gOSZzsO8EZJvtdmVOVtJE,2014-03-21,17,album,3.26,2014,3
1,51,False,85,39798156,latin pop,2gOSZzsO8EZJvtdmVOVtJE,2014-03-21,17,album,3.1,2014,3
3,37,False,85,39788275,latin pop,2gOSZzsO8EZJvtdmVOVtJE,2014-03-21,17,album,3.98,2014,3
4,24,False,85,39777995,latin pop,2gOSZzsO8EZJvtdmVOVtJE,2014-03-21,17,album,3.69,2014,3
9,22,False,85,39788275,latin pop,2gOSZzsO8EZJvtdmVOVtJE,2014-03-21,17,album,3.99,2014,3
7,21,False,85,39798156,latin pop,2gOSZzsO8EZJvtdmVOVtJE,2014-03-21,17,album,3.24,2014,3
2,52,False,85,39788275,latin pop,2gOSZzsO8EZJvtdmVOVtJE,2014-03-21,17,album,3.44,2014,3
14,21,False,85,39777995,latin pop,2gOSZzsO8EZJvtdmVOVtJE,2014-03-21,17,album,3.52,2014,3
6,22,False,85,39809584,latin pop,2gOSZzsO8EZJvtdmVOVtJE,2014-03-21,17,album,3.38,2014,3
15,25,False,85,39798156,latin pop,2gOSZzsO8EZJvtdmVOVtJE,2014-03-21,17,album,3.14,2014,3
10,21,False,85,39777995,latin pop,2gOSZzsO8EZJvtdmVOVtJE,2014-03-21,17,album,3.2,2014,3
3,56,False,59,1552511,,5cjJRrzeVRE79YXiTSCbVf,2014-03-17,12,album,3.74,2014,3
3,45,False,77,11932306,"latin pop, latin",2kZkiVn1m00XcgaWlLb2LD,2014-03-17,16,album,4.05,2014,3
2,2,False,85,39777995,latin pop,4nXeW6UwZGBnv6zops27k4,2014-03-14,15,album,3.44,2014,3
11,42,True,74,7528679,"dubstep, edm, electro, electronic",7rf1qZJ6hGSlPN7K9ShsVV,2014-03-14,11,album,5.68,2014,3
15,79,False,85,39777995,latin pop,5meb7aKE722LA66ssBhvfM,2014-03-13,15,album,3.44,2014,3
1,78,True,86,34748949,,3VZiexdNV9MFUGDg2gFakT,2014-03-11,1,single,3.35,2014,3
4,80,False,64,1499294,,3jRG3qOfsSSW3SBdeBiIfC,2014-03-10,24,album,3.88,2014,3
5,0,False,19,3154,,2Uqi1IC0VU1ptHPiAfx1lS,2014-03-04,7,album,2.63,2014,3
5,79,False,79,5315301,,0lrmy4pJINsFzycJvttX2W,2014-03-03,11,album,3.88,2014,3
8,46,False,64,2565362,"country, acoustic country",2mlPEYhK1KwDD45CCCWxaH,2014-02-18,12,album,3.91,2014,2
6,62,False,64,2565032,"country, acoustic country",2mlPEYhK1KwDD45CCCWxaH,2014-02-18,12,album,3.19,2014,2
2,74,False,69,967620,,2R2Cwe4kI8b2WObXZ90wOC,2014-02-18,11,album,3.78,2014,2
12,41,False,66,9676780,"egyptian pop, sholawat, khaleeji",5WxTKN6iN2qOySNMOsJrM6,2014-02-15,12,album,5.8,2014,2
5,36,False,66,9668759,"egyptian pop, sholawat, khaleeji",5WxTKN6iN2qOySNMOsJrM6,2014-02-15,12,album,3.76,2014,2
10,30,False,66,9668759,"egyptian pop, sholawat, khaleeji",5WxTKN6iN2qOySNMOsJrM6,2014-02-15,12,album,4.73,2014,2
1,54,False,66,9661696,"egyptian pop, sholawat, khaleeji",5WxTKN6iN2qOySNMOsJrM6,2014-02-15,12,album,4.52,2014,2
2,39,False,66,9661696,"egyptian pop, sholawat, khaleeji",5WxTKN6iN2qOySNMOsJrM6,2014-02-15,12,album,3.37,2014,2
9,41,False,66,9676780,"egyptian pop, sholawat, khaleeji",5WxTKN6iN2qOySNMOsJrM6,2014-02-15,12,album,3.32,2014,2
7,57,False,66,9661696,"egyptian pop, sholawat, khaleeji",5WxTKN6iN2qOySNMOsJrM6,2014-02-15,12,album,3.86,2014,2
6,39,False,66,9668759,"egyptian pop, sholawat, khaleeji",5WxTKN6iN2qOySNMOsJrM6,2014-02-15,12,album,3.57,2014,2
11,50,False,66,9661696,"egyptian pop, sholawat, khaleeji",5WxTKN6iN2qOySNMOsJrM6,2014-02-15,12,album,4.81,2014,2
4,63,False,66,9676780,"egyptian pop, sholawat, khaleeji",5WxTKN6iN2qOySNMOsJrM6,2014-02-15,12,album,4.98,2014,2
8,52,False,66,9668759,"egyptian pop, sholawat, khaleeji",5WxTKN6iN2qOySNMOsJrM6,2014-02-15,12,album,3.34,2014,2
3,51,False,66,9661696,"egyptian pop, sholawat, khaleeji",5WxTKN6iN2qOySNMOsJrM6,2014-02-15,12,album,4.14,2014,2
1,25,False,22,4480,,7p2Gv2DBfA9x44BN8ZQLB2,2014-02-11,2,single,6.16,2014,2
1,47,False,47,453184,gnawa,7BHJjxuGHgU4aFpBFCjFsw,2014-02-10,11,album,4.33,2014,2
1,78,False,64,354987,,29RpLEpfNr1mnrnmtbO620,2014-02-07,1,single,3.46,2014,2
3,43,False,37,104042,,2KHrrZCAkI8HOIJpOqLzET,2014-02-07,15,album,3.9,2014,2
25,36,False,63,394922,soundtrack,4NXjMFIEp6eJWM3ZRxWDoV,2014-02-07,25,album,3.92,2014,2
3,47,False,69,5042529,"country, classic country",3yWndEe8eqSlbp2b9dAFWU,2014-02-04,14,album,4.66,2014,2
2,0,False,59,241512,"celtic, soundtrack",5G8MABcElAXZGDL69qsxDQ,2014-01-28,21,album,2.18,2014,1
1,0,False,59,241512,"celtic, soundtrack",5G8MABcElAXZGDL69qsxDQ,2014-01-28,21,album,3.29,2014,1
11,0,False,59,241463,"celtic, soundtrack",5G8MABcElAXZGDL69qsxDQ,2014-01-28,21,album,2.31,2014,1
5,0,False,59,241502,"celtic, soundtrack",5G8MABcElAXZGDL69qsxDQ,2014-01-28,21,album,2.63,2014,1
1,33,True,41,78161,edm trap,14UsSz5akZVEjVdK9HB3y5,2014-01-28,1,single,5.08,2014,1
15,0,False,59,241512,"celtic, soundtrack",5G8MABcElAXZGDL69qsxDQ,2014-01-28,21,album,1.26,2014,1
7,0,False,59,241512,"celtic, soundtrack",5G8MABcElAXZGDL69qsxDQ,2014-01-28,21,album,1.95,2014,1
16,35,False,29,32152,,5RTZwP0qWeeHfppJsAujBm,2014-01-22,16,album,2.6,2014,1
1,56,False,61,573474,,1uaIXmroQAjO7DB6zZPcpV,2014-01-21,1,single,4.12,2014,1
13,70,False,57,649992,,1yOcLa4euMk9sV7rRJ89Dl,2014-01-20,13,album,3.82,2014,1
1,73,False,74,5975530,,4UB0J5V3JsZZtNR360pZ6r,2014-01-17,1,single,3.79,2014,1
5,70,False,65,1704555,,3cSzKBfylctgJwqorcNEo2,2014-01-17,13,album,4.07,2014,1
3,74,True,67,2967234,,6qBNm8dkdowRUUrN7uwR11,2014-01-06,18,album,3.63,2014,1
1,64,False,46,128961,,5gcn8qK6xElFNIP3mGed0M,2014-01-06,1,single,3.16,2014,1
7,75,True,88,51798111,"alternative pop, indie pop",1ORxRsK3MrSLvh7VQTF01F,2014-01-01,14,album,3.9,2014,1
6,78,False,88,51798111,"alternative pop, indie pop",1ORxRsK3MrSLvh7VQTF01F,2014-01-01,14,album,5.29,2014,1
3,67,False,88,51773650,"alternative pop, indie pop",1ORxRsK3MrSLvh7VQTF01F,2014-01-01,14,album,5.7,2014,1
6,80,False,100,145443567,"country, pop, indie, folk",1yGbNOtRIgdIiGHOEBaZWf,2014-01-01,19,album,3.65,2014,1
18,51,False,51,126704,,4p3vsVeyQh9bCHmAccRDL0,2014-01-01,27,compilation,3.18,2014,1
3,70,False,62,5912706,,12gXA8pXYzj9bycyyKSGAa,2014-01-01,15,album,3.08,2014,1
3,0,False,81,26278854,soft pop,1tA4JdOpNQUyutfQtmMesJ,2014-01-01,10,album,2.87,2014,1
2,47,False,50,88437,soundtrack,4p3vsVeyQh9bCHmAccRDL0,2014-01-01,27,compilation,3.08,2014,1
10,33,False,63,3029394,"country, country rock, country hip hop, acoustic country",2TRJMLAU1nVzGA7Zpvkl7L,2014-01-01,11,album,4.63,2014,1
7,66,False,71,4140524,"country, acoustic country",7Ad3sRoSJmRcjtd5Ce27Oj,2014-01-01,12,album,3.31,2014,1
3,77,False,69,2545147,french pop,1r7XjAgjwlakmXC2GbPXjH,2014-01-01,10,album,5.27,2014,1
8,64,False,88,51821190,"alternative pop, indie pop",1ORxRsK3MrSLvh7VQTF01F,2014-01-01,14,album,4.51,2014,1
7,0,True,71,3477960,,4F6GGyqtJoF4EOxDgsKzsB,2014-01-01,17,album,3.92,2014,1
16,64,False,100,145443567,"country, pop, indie, folk",1yGbNOtRIgdIiGHOEBaZWf,2014-01-01,19,album,3.84,2014,1
19,26,False,48,39163,soundtrack,0lEF3CVFjTMpohq2IbMFEm,2014-01-01,19,album,2.84,2014,1
10,67,False,88,51821190,"alternative pop, indie pop",1ORxRsK3MrSLvh7VQTF01F,2014-01-01,14,album,4.52,2014,1
4,63,False,100,145396321,"country, pop, indie, folk",1yGbNOtRIgdIiGHOEBaZWf,2014-01-01,19,album,3.93,2014,1
9,74,False,100,145443567,"country, pop, indie, folk",5fy0X0JmZRZnVa2UEicIOl,2014-01-01,13,album,3.67,2014,1
9,55,False,100,145396321,"country, pop, indie, folk",1yGbNOtRIgdIiGHOEBaZWf,2014-01-01,19,album,3.67,2014,1
14,56,False,100,145489371,"country, pop, indie, folk",1yGbNOtRIgdIiGHOEBaZWf,2014-01-01,19,album,4.09,2014,1
7,58,True,67,6619312,,3r51pg8BwnjazLJlW6dJIh,2014-01-01,12,album,3.71,2014,1
15,57,False,100,145396321,"country, pop, indie, folk",1yGbNOtRIgdIiGHOEBaZWf,2014-01-01,19,album,4.45,2014,1
3,82,False,100,145396321,"country, pop, indie, folk",1yGbNOtRIgdIiGHOEBaZWf,2014-01-01,19,album,3.85,2014,1
12,43,False,59,150256,"azonto, afrobeats, hiplife",3v9NqDh72DLPjhPVBo4oh1,2014-01-01,16,album,3.36,2014,1
1,72,False,81,53263844,,2iFTxCYwhF5oC1L8s1B0rI,2014-01-01,1,single,3.78,2014,1
6,32,False,62,344371,soundtrack,6IV7472Hni7A1ENilCManS,2014-01-01,32,compilation,2.29,2014,1
2,83,False,79,23434221,edm,0h2knr6qpiAq0tV5ri5JMF,2014-01-01,4,album,2.94,2014,1
11,75,False,88,51798111,"alternative pop, indie pop",1ORxRsK3MrSLvh7VQTF01F,2014-01-01,14,album,3.03,2014,1
11,54,False,100,145396321,"country, pop, indie, folk",1yGbNOtRIgdIiGHOEBaZWf,2014-01-01,19,album,4.16,2014,1
2,78,False,88,51798111,"alternative pop, indie pop",1ORxRsK3MrSLvh7VQTF01F,2014-01-01,14,album,4.19,2014,1
1,0,False,16,259,,6fqix3w6p7GKAJRwTKzazq,2014-01-01,1,single,3.34,2014,1
1,52,False,100,145396321,"country, pop, indie, folk",1yGbNOtRIgdIiGHOEBaZWf,2014-01-01,19,album,3.54,2014,1
5,60,False,88,51773650,"alternative pop, indie pop",78KtSyGocoTvmcgw1lUHp4,2014-01-01,15,album,4.27,2014,1
5,82,False,88,51798111,"alternative pop, indie pop",1ORxRsK3MrSLvh7VQTF01F,2014-01-01,14,album,4.27,2014,1
1,57,False,73,2338518,"country, acoustic country",06gZYBNkDbO8Rl36rbMvkW,2014-01-01,11,album,3.38,2014,1
5,51,False,100,145396321,"country, pop, indie, folk",1yGbNOtRIgdIiGHOEBaZWf,2014-01-01,19,album,3.22,2014,1
18,39,False,46,41379,soundtrack,4GBpwL8Q9iRbfhtzlkbrKC,2014-01-01,28,album,1.8,2014,1
8,53,False,100,145443567,"country, pop, indie, folk",1yGbNOtRIgdIiGHOEBaZWf,2014-01-01,19,album,3.53,2014,1
10,29,False,58,447612,,4pNKvzt158FrBurJrIjlEg,2014-01-01,12,album,3.38,2014,1
3,78,False,62,1646684,,0V4laGZGshNCpurfIdUhHv,2014-01-01,11,album,3.23,2014,1
12,69,False,88,51821190,"alternative pop, indie pop",1ORxRsK3MrSLvh7VQTF01F,2014-01-01,14,album,5.24,2014,1
10,66,True,67,6619051,,3r51pg8BwnjazLJlW6dJIh,2014-01-01,12,album,3.49,2014,1
2,59,False,100,145396321,"country, pop, indie, folk",5fy0X0JmZRZnVa2UEicIOl,2014-01-01,13,album,3.86,2014,1
2,83,False,100,145489371,"country, pop, indie, folk",1yGbNOtRIgdIiGHOEBaZWf,2014-01-01,19,album,3.86,2014,1
19,0,False,100,145443567,"country, pop, indie, folk",1yGbNOtRIgdIiGHOEBaZWf,2014-01-01,19,album,2.18,2014,1
3,73,False,68,2041343,,2dzxJbiJKhQo2aqUrtjZP0,2014-01-01,4,single,3.88,2014,1
4,82,True,88,51773650,"alternative pop, indie pop",1ORxRsK3MrSLvh7VQTF01F,2014-01-01,14,album,5.86,2014,1
4,62,False,62,5912557,,12gXA8pXYzj9bycyyKSGAa,2014-01-01,15,album,3.21,2014,1
13,57,False,100,145489371,"country, pop, indie, folk",1yGbNOtRIgdIiGHOEBaZWf,2014-01-01,19,album,4.51,2014,1
17,29,False,14,1525,doo-wop,4mkooloMVYpu4TGHejNiA7,2014-01-01,20,compilation,2.0,2014,1
1,73,False,81,18700851,soft pop,2bbhW5ifCwOYM8DMkqoYBF,2014-01-01,15,album,4.29,2014,1
1,62,True,88,51821190,"alternative pop, indie pop",1ORxRsK3MrSLvh7VQTF01F,2014-01-01,14,album,6.65,2014,1
8,58,False,59,150203,"azonto, afrobeats, hiplife",3v9NqDh72DLPjhPVBo4oh1,2014-01-01,16,album,3.92,2014,1
1,79,False,69,2545147,french pop,1r7XjAgjwlakmXC2GbPXjH,2014-01-01,10,album,3.55,2014,1
10,26,False,49,39183,soundtrack,0lEF3CVFjTMpohq2IbMFEm,2014-01-01,19,album,2.59,2014,1
5,67,True,67,6619312,,5kfo2COwQYeYR3cE69aSgx,2014-01-01,15,album,3.33,2014,1
14,64,False,88,51821190,"alternative pop, indie pop",1ORxRsK3MrSLvh7VQTF01F,2014-01-01,14,album,4.26,2014,1
9,63,True,88,51773650,"alternative pop, indie pop",1ORxRsK3MrSLvh7VQTF01F,2014-01-01,14,album,3.53,2014,1
13,58,False,88,51821190,"alternative pop, indie pop",1ORxRsK3MrSLvh7VQTF01F,2014-01-01,14,album,4.51,2014,1
13,76,False,72,3676957,,47C7w4o1resDhr7jvYEpxE,2014-01-01,16,album,3.48,2014,1
10,59,False,100,145396321,"country, pop, indie, folk",1yGbNOtRIgdIiGHOEBaZWf,2014-01-01,19,album,4.12,2014,1
12,53,False,100,145396321,"country, pop, indie, folk",1yGbNOtRIgdIiGHOEBaZWf,2014-01-01,19,album,3.26,2014,1
17,1,False,100,145489371,"country, pop, indie, folk",1yGbNOtRIgdIiGHOEBaZWf,2014-01-01,19,album,3.6,2014,1
7,55,False,100,145489371,"country, pop, indie, folk",1yGbNOtRIgdIiGHOEBaZWf,2014-01-01,19,album,3.45,2014,1
18,0,False,100,145443567,"country, pop, indie, folk",1yGbNOtRIgdIiGHOEBaZWf,2014-01-01,19,album,1.78,2014,1
5,0,False,81,26275803,soft pop,2Jg7JZ0ZXOGje1bkq7CVgK,2014-01-01,10,album,3.98,2014,1
1,70,False,77,9277034,,3zo0Hxh9rjJsdw2JAKReE3,2013-12-18,1,single,3.56,2013,12
19,39,False,57,218503,soundtrack,30KqtKSWR8OQe0mB4EdepA,2013-12-17,20,album,3.63,2013,12
1,53,False,83,21598900,,2RIzTjf0GcKm1I2FQV19zw,2013-12-10,3,compilation,4.22,2013,12
9,4,True,78,14559779,,62yjWIhnATHxPqGbgC9Lqr,2013-12-10,19,album,3.9,2013,12
1,1,False,66,342955,,6b4gKMVcGy22J8SGAOq1cO,2013-12-03,15,album,4.12,2013,12
3,21,False,17,363,sea shanties,7G0O4t6PMa6bcOLc3KgztU,2013-12-02,58,compilation,3.32,2013,12
5,27,False,17,363,sea shanties,7G0O4t6PMa6bcOLc3KgztU,2013-12-02,58,compilation,3.31,2013,12
2,64,False,67,3758862,folk pop,6WBDLlICqs6YmZPBQJKsKM,2013-11-29,20,album,4.21,2013,11
1,76,False,83,40270893,,7p1fX8aUySrBdx4WSYspOu,2013-11-25,18,album,3.33,2013,11
5,79,False,83,40275440,,7p1fX8aUySrBdx4WSYspOu,2013-11-25,18,album,3.96,2013,11
2,84,False,83,40270893,,7p1fX8aUySrBdx4WSYspOu,2013-11-25,18,album,4.09,2013,11
1,52,False,71,4307803,soft pop,2kvhrkMLDOMuoDYrQo0mzX,2013-11-18,1,single,4.17,2013,11
15,38,True,88,104559284,"rap, hip hop",3vOgbDjgsZBAPwV2M3bNOj,2013-11-05,16,album,5.71,2013,11
2,26,True,88,104517308,"rap, hip hop",3vOgbDjgsZBAPwV2M3bNOj,2013-11-05,16,album,0.92,2013,11
9,40,True,88,104539036,"rap, hip hop",3vOgbDjgsZBAPwV2M3bNOj,2013-11-05,16,album,6.05,2013,11
9,74,True,88,104517308,"rap, hip hop",6DN7GcZF1HywzrkGN6Eeqk,2013-11-05,21,album,6.05,2013,11
3,34,True,88,104559284,"rap, hip hop",3vOgbDjgsZBAPwV2M3bNOj,2013-11-05,16,album,5.02,2013,11
13,33,True,88,104517308,"rap, hip hop",3vOgbDjgsZBAPwV2M3bNOj,2013-11-05,16,album,5.29,2013,11
4,33,True,88,104584370,"rap, hip hop",3vOgbDjgsZBAPwV2M3bNOj,2013-11-05,16,album,4.35,2013,11
7,32,True,88,104517308,"rap, hip hop",3vOgbDjgsZBAPwV2M3bNOj,2013-11-05,16,album,4.81,2013,11
8,44,False,66,1475109,,5TTyDbaARm4YjXJ5OQVKwl,2013-11-05,16,album,3.79,2013,11
1,38,True,88,104517308,"rap, hip hop",3vOgbDjgsZBAPwV2M3bNOj,2013-11-05,16,album,7.23,2013,11
8,40,True,88,104539036,"rap, hip hop",3vOgbDjgsZBAPwV2M3bNOj,2013-11-05,16,album,3.97,2013,11
10,33,True,88,104539036,"rap, hip hop",3vOgbDjgsZBAPwV2M3bNOj,2013-11-05,16,album,4.77,2013,11
6,36,True,88,104559284,"rap, hip hop",3vOgbDjgsZBAPwV2M3bNOj,2013-11-05,16,album,4.93,2013,11
14,34,True,88,104517308,"rap, hip hop",3vOgbDjgsZBAPwV2M3bNOj,2013-11-05,16,album,4.94,2013,11
10,29,False,66,1475258,,5TTyDbaARm4YjXJ5OQVKwl,2013-11-05,16,album,2.98,2013,11
16,30,True,88,104517308,"rap, hip hop",3vOgbDjgsZBAPwV2M3bNOj,2013-11-05,16,album,7.56,2013,11
11,32,True,88,104517308,"rap, hip hop",3vOgbDjgsZBAPwV2M3bNOj,2013-11-05,16,album,5.6,2013,11
5,44,True,88,104539036,"rap, hip hop",3vOgbDjgsZBAPwV2M3bNOj,2013-11-05,16,album,4.54,2013,11
5,60,True,88,104584370,"rap, hip hop",6DN7GcZF1HywzrkGN6Eeqk,2013-11-05,21,album,4.54,2013,11
12,81,True,88,104517308,"rap, hip hop",3vOgbDjgsZBAPwV2M3bNOj,2013-11-05,16,album,4.16,2013,11
4,81,False,79,20852039,soft pop,029WUoBjWc7Js1QiPH3mw0,2013-11-04,18,album,3.49,2013,11
8,60,False,76,12004691,,7qjA5gbagHWVbqKUgVt49l,2013-11-01,16,album,3.27,2013,11
2,66,True,76,12006589,,7qjA5gbagHWVbqKUgVt49l,2013-11-01,16,album,3.57,2013,11
7,53,True,76,12008159,,7qjA5gbagHWVbqKUgVt49l,2013-11-01,16,album,2.91,2013,11
4,38,True,76,12004691,,7qjA5gbagHWVbqKUgVt49l,2013-11-01,16,album,3.5,2013,11
1,56,True,76,12004691,,7qjA5gbagHWVbqKUgVt49l,2013-11-01,16,album,3.44,2013,11
5,55,False,76,12008159,,7qjA5gbagHWVbqKUgVt49l,2013-11-01,16,album,4.46,2013,11
3,59,False,49,29176,sea shanties,2lMgz2BBwwzkc9ZfNB9zYi,2013-10-29,16,compilation,2.2,2013,10
4,19,False,83,21598900,,7aoR56Mf03N4pZBFOjx0Oh,2013-10-28,12,album,4.5,2013,10
11,19,False,83,21598900,,7aoR56Mf03N4pZBFOjx0Oh,2013-10-28,12,album,5.42,2013,10
12,18,False,83,21591569,,7aoR56Mf03N4pZBFOjx0Oh,2013-10-28,12,album,5.3,2013,10
6,74,False,83,38385499,pop,5MQBzs5YlZlE28mD9yUItn,2013-10-18,16,album,3.59,2013,10
12,40,False,83,38400585,pop,5MQBzs5YlZlE28mD9yUItn,2013-10-18,16,album,3.86,2013,10
9,45,False,83,38400585,pop,5MQBzs5YlZlE28mD9yUItn,2013-10-18,16,album,3.38,2013,10
2,48,False,83,38400585,pop,5MQBzs5YlZlE28mD9yUItn,2013-10-18,16,album,3.73,2013,10
10,45,False,83,38400585,pop,5MQBzs5YlZlE28mD9yUItn,2013-10-18,16,album,3.87,2013,10
8,42,False,83,38393243,pop,5MQBzs5YlZlE28mD9yUItn,2013-10-18,16,album,3.79,2013,10
15,41,False,83,38400585,pop,5MQBzs5YlZlE28mD9yUItn,2013-10-18,16,album,3.9,2013,10
3,61,False,83,38400585,pop,5MQBzs5YlZlE28mD9yUItn,2013-10-18,16,album,3.58,2013,10
13,40,False,83,38393243,pop,5MQBzs5YlZlE28mD9yUItn,2013-10-18,16,album,4.45,2013,10
16,37,False,83,38385499,pop,5MQBzs5YlZlE28mD9yUItn,2013-10-18,16,album,4.45,2013,10
7,56,False,83,38385499,pop,5MQBzs5YlZlE28mD9yUItn,2013-10-18,16,album,3.4,2013,10
11,39,False,83,38385499,pop,5MQBzs5YlZlE28mD9yUItn,2013-10-18,16,album,3.77,2013,10
5,57,False,83,38400585,pop,5MQBzs5YlZlE28mD9yUItn,2013-10-18,16,album,3.81,2013,10
4,45,False,83,38400585,pop,5MQBzs5YlZlE28mD9yUItn,2013-10-18,16,album,3.7,2013,10
1,72,False,83,38400585,pop,5MQBzs5YlZlE28mD9yUItn,2013-10-18,16,album,3.72,2013,10
14,38,False,83,38385499,pop,5MQBzs5YlZlE28mD9yUItn,2013-10-18,16,album,4.59,2013,10
3,79,False,66,1254937,,6WnfWrfsfu7T9TXbHIFHX9,2013-10-15,11,album,3.72,2013,10
1,54,False,56,218834,soundtrack,76Sa34PcsBjp52vsjOd0Tz,2013-10-14,34,album,2.22,2013,10
6,35,False,56,218901,soundtrack,76Sa34PcsBjp52vsjOd0Tz,2013-10-14,34,album,2.83,2013,10
28,25,False,56,218834,soundtrack,76Sa34PcsBjp52vsjOd0Tz,2013-10-14,34,album,3.6,2013,10
3,36,False,56,218834,soundtrack,76Sa34PcsBjp52vsjOd0Tz,2013-10-14,34,album,3.02,2013,10
2,42,False,56,218901,soundtrack,76Sa34PcsBjp52vsjOd0Tz,2013-10-14,34,album,3.27,2013,10
11,30,False,56,218901,soundtrack,76Sa34PcsBjp52vsjOd0Tz,2013-10-14,34,album,4.09,2013,10
5,32,False,56,218834,soundtrack,76Sa34PcsBjp52vsjOd0Tz,2013-10-14,34,album,1.96,2013,10
4,41,False,56,218882,soundtrack,76Sa34PcsBjp52vsjOd0Tz,2013-10-14,34,album,2.74,2013,10
1,63,False,66,1610608,,2Qm9AzJHWLG9vbJCeXRaAW,2013-10-11,1,single,3.74,2013,10
2,68,False,73,4297537,,5nJ9B1KiydXoYWAcyqlG76,2013-10-08,10,album,3.82,2013,10
3,72,False,55,606152,,1oHY6eQmEG8skElDvFgKz2,2013-10-04,14,album,3.96,2013,10
11,50,True,81,26561582,"country pop, rock, hip hop, experimental",3RDqXDc1bAETps54MSSOW0,2013-10-04,16,album,3.75,2013,10
9,49,False,81,26564677,"country pop, rock, hip hop, experimental",3RDqXDc1bAETps54MSSOW0,2013-10-04,16,album,4.25,2013,10
10,53,True,81,26564677,"country pop, rock, hip hop, experimental",3RDqXDc1bAETps54MSSOW0,2013-10-04,16,album,3.82,2013,10
14,43,False,81,26561582,"country pop, rock, hip hop, experimental",3RDqXDc1bAETps54MSSOW0,2013-10-04,16,album,3.33,2013,10
3,45,True,81,26558356,"country pop, rock, hip hop, experimental",3RDqXDc1bAETps54MSSOW0,2013-10-04,16,album,2.82,2013,10
13,49,False,81,26564677,"country pop, rock, hip hop, experimental",3RDqXDc1bAETps54MSSOW0,2013-10-04,16,album,4.8,2013,10
16,42,True,81,26561582,"country pop, rock, hip hop, experimental",3RDqXDc1bAETps54MSSOW0,2013-10-04,16,album,3.37,2013,10
8,44,True,81,26564677,"country pop, rock, hip hop, experimental",3RDqXDc1bAETps54MSSOW0,2013-10-04,16,album,4.41,2013,10
4,45,True,81,26564677,"country pop, rock, hip hop, experimental",3RDqXDc1bAETps54MSSOW0,2013-10-04,16,album,3.19,2013,10
1,77,False,81,26561582,"country pop, rock, hip hop, experimental",3RDqXDc1bAETps54MSSOW0,2013-10-04,16,album,4.64,2013,10
1,0,False,55,354566,,1bvAlOqMbnWLwTcp65kSAP,2013-10-04,20,album,2.08,2013,10
3,68,False,70,3298298,,4Sj9XfiPLf5byGh7u2ZU7g,2013-10-04,11,album,3.96,2013,10
2,79,False,81,26558356,"country pop, rock, hip hop, experimental",3RDqXDc1bAETps54MSSOW0,2013-10-04,16,album,3.85,2013,10
6,80,False,81,26558356,"country pop, rock, hip hop, experimental",3RDqXDc1bAETps54MSSOW0,2013-10-04,16,album,3.68,2013,10
7,42,True,81,26564677,"country pop, rock, hip hop, experimental",3RDqXDc1bAETps54MSSOW0,2013-10-04,16,album,3.66,2013,10
12,43,False,81,26561582,"country pop, rock, hip hop, experimental",3RDqXDc1bAETps54MSSOW0,2013-10-04,16,album,3.55,2013,10
5,44,True,81,26558356,"country pop, rock, hip hop, experimental",3RDqXDc1bAETps54MSSOW0,2013-10-04,16,album,4.05,2013,10
15,42,False,81,26561582,"country pop, rock, hip hop, experimental",3RDqXDc1bAETps54MSSOW0,2013-10-04,16,album,3.87,2013,10
12,59,False,62,646601,,0YfNZx0s2EdfINsSoxqDe8,2013-10-01,15,album,3.62,2013,10
14,40,True,74,3743667,,5JY8LOSVlqydub7b7W7MlE,2013-09-30,16,album,3.48,2013,9
7,57,False,58,926140,,011ifQyKbsMAWCUFDZiMaa,2013-09-30,11,album,5.88,2013,9
6,80,False,80,10539134,,0rmhjUgoVa17LZuS8xWQ3v,2013-09-27,10,album,3.21,2013,9
11,56,True,82,15826961,,5lYzReGzcSNF0Gx47wm6qU,2013-09-27,13,album,11.47,2013,9
4,84,False,80,10539134,,0rmhjUgoVa17LZuS8xWQ3v,2013-09-27,10,album,4.31,2013,9
3,79,False,80,10539134,,0rmhjUgoVa17LZuS8xWQ3v,2013-09-27,10,album,3.16,2013,9
10,70,False,80,10541250,,0rmhjUgoVa17LZuS8xWQ3v,2013-09-27,10,album,4.9,2013,9
5,77,False,80,10539134,,0rmhjUgoVa17LZuS8xWQ3v,2013-09-27,10,album,4.11,2013,9
1,0,False,42,66794,,63fPXLpTxvDR7LgSOZIaly,2013-09-24,18,compilation,2.57,2013,9
1,0,False,60,133348,"orchestral, classical",2Mq4p8nW2kBo9BfBUMoHIx,2013-09-24,15,album,3.16,2013,9
1,1,True,60,1406762,synthpop,5RXMsB6VV6NfaspYWsdPyD,2013-09-20,12,album,3.18,2013,9
24,33,False,29,1804,medieval,4HRx4rr8XaAYwNWYJzRdky,2013-09-20,40,album,2.06,2013,9
17,0,False,51,62853,"anime, soundtrack",2a9NHZwSyE5SAt6Z0V0zHF,2013-09-18,30,album,1.24,2013,9
4,72,False,79,23434221,edm,2H6i2CrWgXE1HookLu8Au0,2013-09-16,10,album,2.47,2013,9
1,67,True,76,12460242,,4PeZu0It7qVrTG40t3HM9A,2013-09-16,11,album,2.96,2013,9
8,62,False,76,12460874,,4PeZu0It7qVrTG40t3HM9A,2013-09-16,11,album,3.78,2013,9
1,58,False,76,12460242,,45WiY2DUJyqbIKfHnQo4lN,2013-09-16,18,album,3.78,2013,9
3,61,False,76,12460242,,4PeZu0It7qVrTG40t3HM9A,2013-09-16,11,album,3.62,2013,9
5,66,False,76,12460242,,1OdcBxCNY52OXH0r4odXqP,2013-09-16,11,album,3.62,2013,9
1,85,False,79,23434870,edm,2H6i2CrWgXE1HookLu8Au0,2013-09-16,10,album,4.12,2013,9
3,78,False,79,23434221,edm,2H6i2CrWgXE1HookLu8Au0,2013-09-16,10,album,4.25,2013,9
7,57,False,65,2918228,"country, acoustic country",3cyLH6iUGPjEsZIUFnJfd3,2013-09-16,11,album,3.19,2013,9
2,55,False,76,12460618,,4PeZu0It7qVrTG40t3HM9A,2013-09-16,11,album,3.22,2013,9
2,66,False,68,3737266,,0r94AFhRLvpfXvha7vx2dK,2013-09-16,13,album,4.2,2013,9
1,73,False,68,3737128,,6ig2k0oiH2AXm8MugikskB,2013-09-16,15,album,4.2,2013,9
3,4,False,79,23434221,edm,1s9tU91VJt4sU5owi29GD3,2013-09-13,12,album,4.25,2013,9
1,9,False,79,23434999,edm,1s9tU91VJt4sU5owi29GD3,2013-09-13,12,album,4.12,2013,9
10,56,False,93,112957721,"r&b pop, alternative r&b, hip hop, synthpop",3hhDpPtCFuQbppwYgsVhMO,2013-09-10,10,album,7.41,2013,9
3,38,False,67,5273567,country,1X3xa9xIsrOQi7SJ646xkN,2013-09-10,16,album,4.27,2013,9
1,86,False,84,32059138,"indie, garage rock",78bpIziExqiI9qztvNFlQu,2013-09-09,12,album,4.53,2013,9
6,86,False,84,32059138,"indie, garage rock",78bpIziExqiI9qztvNFlQu,2013-09-09,12,album,4.05,2013,9
2,80,False,84,32068481,"indie, garage rock",78bpIziExqiI9qztvNFlQu,2013-09-09,12,album,3.36,2013,9
12,91,False,84,32059138,"indie, garage rock",78bpIziExqiI9qztvNFlQu,2013-09-09,12,album,3.06,2013,9
11,75,False,84,32059138,"indie, garage rock",78bpIziExqiI9qztvNFlQu,2013-09-09,12,album,4.29,2013,9
4,75,False,84,32068481,"indie, garage rock",78bpIziExqiI9qztvNFlQu,2013-09-09,12,album,3.45,2013,9
9,84,False,84,32059138,"indie, garage rock",78bpIziExqiI9qztvNFlQu,2013-09-09,12,album,2.68,2013,9
23,0,False,77,4777574,soundtrack,3XUZWZK9bPq9rM9PxeHL1U,2013-09-06,24,album,6.27,2013,9
1,45,False,56,1105909,"country, acoustic country",3q3vQKnkRSqCjjTAc6I5ai,2013-09-03,12,album,3.31,2013,9
1,64,False,47,180681,,77QwsMRvonZJn7adV47V78,2013-09-02,1,single,3.56,2013,9
6,85,False,73,8072466,"soft pop, neo soul",4OTAx9un4e6NfoHuVRiOrC,2013-08-30,20,album,4.49,2013,8
1,75,True,66,778972,,59ZxtwIOD1wowkNvVHXqtP,2013-08-23,11,album,2.61,2013,8
8,65,True,68,4287336,rap,3smlfAmejcKMmAPg1G2Kki,2013-08-19,13,album,4.72,2013,8
1,2,False,79,23434870,edm,4c1UVOzAFB4mqGYZGadOru,2013-08-06,1,single,4.16,2013,8
2,55,False,54,763143,"idm, electronica",1udCeAJjxGO8BuhDbpvVJv,2013-08-05,11,album,4.38,2013,8
4,0,False,79,11039895,,6XIm98oFtEgIN0VPdzoKvu,2013-08-01,11,album,3.35,2013,8
9,0,False,78,11034315,,6XIm98oFtEgIN0VPdzoKvu,2013-08-01,11,album,1.83,2013,8
1,33,True,46,338978,"garage rock, surf rock, skate punk, indie punk",6livWQkkunodBq7xqlSodX,2013-07-25,15,album,2.36,2013,7
16,27,False,43,23528,,2LOLFpqUHrlQPAiqzLVJBN,2013-07-16,26,album,2.05,2013,7
5,25,False,43,23528,,2LOLFpqUHrlQPAiqzLVJBN,2013-07-16,26,album,4.32,2013,7
1,66,False,61,1987157,,7lpbyGc4fHsQkBTsfWVBhp,2013-07-16,12,album,3.67,2013,7
11,24,False,44,23557,,2LOLFpqUHrlQPAiqzLVJBN,2013-07-16,26,album,1.09,2013,7
24,31,False,43,23550,,2LOLFpqUHrlQPAiqzLVJBN,2013-07-16,26,album,5.26,2013,7
25,34,False,44,23565,,2LOLFpqUHrlQPAiqzLVJBN,2013-07-16,26,album,0.51,2013,7
1,21,False,43,23550,,2LOLFpqUHrlQPAiqzLVJBN,2013-07-16,26,album,1.3,2013,7
1,64,False,63,939937,"witch house, darkwave",230rGveNEYVpC6pqrXRZ71,2013-07-09,1,single,3.99,2013,7
3,63,False,69,7333933,,1ZhBKlFwsI2ppVo8LivPyG,2013-07-05,10,album,3.9,2013,7
1,48,False,59,1441574,anti-folk,5QOP3w3rOF5TBYgzjGep5Y,2013-07-05,1,single,3.15,2013,7
1,63,True,82,10371098,"hip hop, east coast hip hop, rap",4gbrbyveJFkuLH6B5w93JH,2013-07-04,16,album,5.64,2013,7
6,73,False,88,122773292,soft pop,6NoBzYmh5gUusGPCfg0pct,2013-06-30,24,album,4.31,2013,6
3,0,False,70,1605379,soundtrack,66M8IyI4QudajV6rYIzop1,2013-06-30,58,album,3.78,2013,6
1,13,False,65,996785,,3WrufJir7I61NkvkDwxero,2013-06-30,16,album,3.21,2013,6
7,75,True,82,17330082,rap,6rzMufuu8sLkIizM4q9c7J,2013-06-30,17,album,3.89,2013,6
10,80,True,82,17330082,rap,6rzMufuu8sLkIizM4q9c7J,2013-06-30,17,album,3.93,2013,6
2,19,False,6,773,,1bl46Iv5opb0JTrtnpHy9r,2013-06-30,12,album,3.58,2013,6
17,51,False,88,122802777,soft pop,6NoBzYmh5gUusGPCfg0pct,2013-06-30,24,album,3.95,2013,6
10,76,True,72,4278389,,2m1DkB7oqaZu8BzAAUfwlq,2013-06-25,16,album,3.98,2013,6
3,87,True,77,4310494,,0Gf1yE895FKK4YWVRuAeg8,2013-06-24,15,album,4.07,2013,6
10,29,False,52,90502,"medieval, soundtrack",1UsypHx21p4T5Osr6dIenT,2013-06-24,38,album,1.44,2013,6
13,75,False,77,4311492,,0Gf1yE895FKK4YWVRuAeg8,2013-06-24,15,album,3.21,2013,6
1,0,False,0,2285,,1UsypHx21p4T5Osr6dIenT,2013-06-24,38,album,3.79,2013,6
16,26,False,52,90530,"medieval, soundtrack",1UsypHx21p4T5Osr6dIenT,2013-06-24,38,album,1.7,2013,6
4,79,True,82,27073781,rap,5FP9keIJnlSCKnkdVOf623,2013-06-18,21,album,4.01,2013,6
8,73,True,82,27073781,rap,5FP9keIJnlSCKnkdVOf623,2013-06-18,21,album,4.94,2013,6
10,81,True,89,31045858,rap,7D2NdGvBHIavgLhmcwhluK,2013-06-18,10,album,3.81,2013,6
4,6,False,79,5315301,,5l3zEmMrOhOzG8d8s83GOL,2013-06-18,24,compilation,3.88,2013,6
4,63,False,65,3183603,,1ttGpGzOEi6JDDOHO4qD1y,2013-06-17,15,album,3.83,2013,6
2,79,False,66,3183968,,1ttGpGzOEi6JDDOHO4qD1y,2013-06-17,15,album,5.09,2013,6
2,66,False,74,15121577,"edm, progressive house, electronica",4Xs4NI3J2Nf9eSUqvW7GBn,2013-06-17,2,single,2.93,2013,6
3,65,True,76,4309419,,0KGBW1MQtC2aFPCDUdAkdJ,2013-06-17,10,album,4.07,2013,6
4,1,True,82,27069939,rap,1NfrmcXk8xNennyxQ57JcW,2013-06-14,21,album,4.01,2013,6
16,61,False,77,4779199,soundtrack,2rgInD5nZNONheZwqir4Xg,2013-06-11,18,album,4.3,2013,6
11,52,False,63,394210,soundtrack,2GFFxj8aR2XpwIMYanOPjh,2013-06-07,30,album,1.7,2013,6
3,61,False,63,394210,soundtrack,2GFFxj8aR2XpwIMYanOPjh,2013-06-07,30,album,3.05,2013,6
1,39,False,25,4758,anime,0VUB5ezRYUG7OYkT2FqXBF,2013-06-05,1,single,4.93,2013,6
2,0,False,65,718418,soundtrack,4BeqCe1wUbHgAQTZmLebed,2013-06-04,19,album,2.84,2013,6
3,53,False,73,2343115,house,0v5BqH7RQlIuJIWfQCl1Bp,2013-06-03,18,album,4.26,2013,6
3,67,False,74,2343253,house,1lM5IfaqcIsXd6UCV3aDSs,2013-06-03,16,album,4.26,2013,6
5,48,False,73,2342918,house,1lM5IfaqcIsXd6UCV3aDSs,2013-06-03,16,album,4.62,2013,6
8,77,False,81,10874504,"french house, electronic, electro",4m2880jivSbbyEGAKfITCa,2013-05-20,13,album,6.16,2013,5
3,0,False,64,430400,soundtrack,1hYK0EYX5CZPVSCXFnDSzS,2013-05-17,15,album,2.39,2013,5
1,59,False,65,487869,,34Yus9CESN9GnpRWZU00Pw,2013-05-08,5,single,5.08,2013,5
1,68,False,65,1009778,,6yhvsasMsZ1ZMuTk8qIHx0,2013-05-07,12,album,3.48,2013,5
5,79,False,65,1363182,"slowcore, lo-fi indie",10WzRaNWnFUQNrW2FpqQSQ,2013-05-06,13,album,2.69,2013,5
10,75,False,65,1363006,"slowcore, lo-fi indie",10WzRaNWnFUQNrW2FpqQSQ,2013-05-06,13,album,1.41,2013,5
2,72,False,73,4533003,"trance, progressive trance, progressive house, electronica",5ZsK5SUsZilbAJ4B0vRVxF,2013-05-03,15,album,3.4,2013,5
4,58,False,83,21591569,,742rc3IvCNtvhEZIsjLfyu,2013-04-23,11,album,5.01,2013,4
7,41,True,83,21591569,,5n7S9xN6tYY8aGJU3kE0Va,2013-04-23,15,album,4.32,2013,4
7,28,True,83,21606569,,742rc3IvCNtvhEZIsjLfyu,2013-04-23,11,album,4.83,2013,4
12,75,False,83,21598900,,5n7S9xN6tYY8aGJU3kE0Va,2013-04-23,15,album,3.49,2013,4
2,38,True,83,21591569,,742rc3IvCNtvhEZIsjLfyu,2013-04-23,11,album,4.74,2013,4
6,37,True,83,21591569,,5n7S9xN6tYY8aGJU3kE0Va,2013-04-23,15,album,4.46,2013,4
6,23,True,83,21606569,,742rc3IvCNtvhEZIsjLfyu,2013-04-23,11,album,4.76,2013,4
3,23,False,83,21606569,,742rc3IvCNtvhEZIsjLfyu,2013-04-23,11,album,4.33,2013,4
9,36,False,83,21591569,,5n7S9xN6tYY8aGJU3kE0Va,2013-04-23,15,album,3.49,2013,4
9,21,False,83,21591569,,742rc3IvCNtvhEZIsjLfyu,2013-04-23,11,album,3.86,2013,4
8,27,True,83,21591569,,742rc3IvCNtvhEZIsjLfyu,2013-04-23,11,album,4.61,2013,4
11,35,False,83,21606569,,5n7S9xN6tYY8aGJU3kE0Va,2013-04-23,15,album,4.35,2013,4
11,21,False,83,21591569,,742rc3IvCNtvhEZIsjLfyu,2013-04-23,11,album,5.1,2013,4
1,37,False,83,21591569,,5n7S9xN6tYY8aGJU3kE0Va,2013-04-23,15,album,5.24,2013,4
1,25,False,83,21606569,,742rc3IvCNtvhEZIsjLfyu,2013-04-23,11,album,5.62,2013,4
10,22,False,83,21606569,,742rc3IvCNtvhEZIsjLfyu,2013-04-23,11,album,4.81,2013,4
5,36,False,83,21591569,,5n7S9xN6tYY8aGJU3kE0Va,2013-04-23,15,album,3.28,2013,4
5,22,False,83,21606569,,742rc3IvCNtvhEZIsjLfyu,2013-04-23,11,album,3.54,2013,4
2,76,True,83,21591569,,4xkM0BwLM9H2IUcbYzpcBI,2013-04-22,11,album,4.18,2013,4
4,91,False,83,21606569,,4xkM0BwLM9H2IUcbYzpcBI,2013-04-22,11,album,4.0,2013,4
7,66,True,83,21591569,,4xkM0BwLM9H2IUcbYzpcBI,2013-04-22,11,album,4.32,2013,4
8,68,True,83,21598900,,4xkM0BwLM9H2IUcbYzpcBI,2013-04-22,11,album,4.1,2013,4
1,80,False,81,10874504,"french house, electronic, electro",2ePFIvZKMe8zefATp9ofFA,2013-04-19,1,single,4.14,2013,4
4,69,False,83,21591569,,6iu2XwoDlKg0VYte9qAbnr,2013-04-19,12,album,4.0,2013,4
1,31,False,34,15457,,503D6gtBm18LlJQRSUbZ6f,2013-04-16,13,compilation,3.11,2013,4
2,61,False,77,11415072,"emo, pop punk",0EVJX4RlYKuApsAN5CaDa3,2013-04-12,11,album,3.11,2013,4
2,64,False,73,6893994,christmas,4Yf5LJfqpjgl1a4TBiCi07,2013-04-11,14,album,3.32,2013,4
24,39,False,79,9792848,"pop punk, emo",7J2hXOVq8FZ367dTczV7oH,2013-04-09,29,album,4.65,2013,4
11,44,False,67,1409881,,6RM05aDNmbqF7AV1xwubac,2013-04-05,15,album,4.87,2013,4
6,76,False,79,9795296,"pop punk, emo",4sgYpkIASM1jVlNC8Wp9oF,2013-04-05,17,album,4.94,2013,4
7,74,False,62,453018,"shoegaze, post-grunge",6JLO3HVtVEKLHqbgs6ujdw,2013-04-05,12,album,4.15,2013,4
9,82,False,79,9792848,"pop punk, emo",4sgYpkIASM1jVlNC8Wp9oF,2013-04-05,17,album,3.6,2013,4
3,21,True,38,158060,"dubstep, drumstep",7I3HJ2n5XmsDrQse9oobfg,2013-03-27,5,single,8.13,2013,3
9,59,False,69,7506632,country,6MzrSTAQdDR92tHLLAhYp0,2013-03-26,14,album,3.99,2013,3
2,56,False,69,7506632,country,6MzrSTAQdDR92tHLLAhYp0,2013-03-26,14,album,3.59,2013,3
2,68,True,82,15830822,,0O82niJ0NpcptYRxogeEZu,2013-03-15,12,album,5.43,2013,3
9,83,False,82,15826961,,0O82niJ0NpcptYRxogeEZu,2013-03-15,12,album,8.06,2013,3
2,78,False,60,261492,,5yuGLsbL0XTjON5tewyApa,2013-03-11,3,single,3.08,2013,3
2,1,False,67,3758140,folk pop,0yWveEIgWbV3oPq4ZA6BAj,2013-02-17,20,album,4.21,2013,2
1,63,False,81,15823760,,28GWVLkctSuSWQ1EUIxZ8m,2013-02-11,1,single,4.62,2013,2
1,46,True,72,4278389,,06oKL6rtXNlQxlPyZQeb1i,2013-02-05,1,single,4.26,2013,2
1,74,False,88,51773650,"alternative pop, indie pop",1fXwOvaqIdkhp5F3fiFbCv,2013-02-01,1,single,3.58,2013,2
33,56,False,65,189178,"medieval, soundtrack",25r7pEf31viAbsoVHC6bQ4,2013-01-31,53,album,3.82,2013,1
17,65,False,64,189122,"medieval, soundtrack",25r7pEf31viAbsoVHC6bQ4,2013-01-31,53,album,2.05,2013,1
3,60,False,65,189122,"medieval, soundtrack",25r7pEf31viAbsoVHC6bQ4,2013-01-31,53,album,5.06,2013,1
5,51,False,52,409620,"trip hop, downtempo, chillstep",5UBtUeQ9d4Vgf5qCZVw5fm,2013-01-29,10,album,5.42,2013,1
9,66,False,57,1104788,"country, acoustic country",6p9LqWLWDOuW2WiUt9YKUZ,2013-01-22,15,album,3.09,2013,1
1,39,False,83,25759662,,14onjcwGXJFQnTmmCnTUfQ,2013-01-08,16,album,5.13,2013,1
1,68,False,52,316990,,3okCOhHlfrEPaHZIIUo04l,2013-01-04,1,single,5.91,2013,1
6,0,False,69,1761438,lo-fi indie,2hwXntoP4IIoi7yxHbH7aL,2013-01-02,10,album,3.24,2013,1
3,0,False,69,1761438,lo-fi indie,2hwXntoP4IIoi7yxHbH7aL,2013-01-02,10,album,2.6,2013,1
8,71,False,90,107374593,pop,5xSvNPstcxHtR4ap2vvN8A,2013-01-01,12,album,3.78,2013,1
5,72,True,75,9617522,r&b,73TNMu44lT0m1h1Nn6Bfiq,2013-01-01,7,album,4.24,2013,1
12,69,False,70,5589145,"country, pop country, acoustic country",0uqAyKT7oMZDFMyteJOJWI,2013-01-01,17,album,3.68,2013,1
3,59,False,73,4427316,,0VWYRbEcvJcPrqMGJirO6q,2013-01-01,18,album,4.65,2013,1
1,0,False,65,487734,,4dKPxlyACwA9N3BBYTDjm2,2013-01-01,4,single,5.08,2013,1
5,77,False,83,38400585,pop,3jB9yFDwRe3KhtGnHXJntk,2013-01-01,13,album,3.81,2013,1
3,78,False,66,2773747,country,6cowf7fdb5dgKoglTekOK8,2013-01-01,12,album,4.97,2013,1
1,6,False,79,23434999,edm,02h9kO2oLKnLtycgbElKsw,2013-01-01,12,album,4.12,2013,1
18,69,False,74,8304470,"rap, southern hip hop",35KyVKa5AMTaOBxSzjSBbK,2013-01-01,18,album,3.79,2013,1
3,1,False,60,1139141,folk pop,773GsAWk3z8mGgMDeR7n1A,2013-01-01,18,album,3.49,2013,1
1,48,False,41,23039,,6W2M5GFSwZhywRsRiwVzRK,2013-01-01,1,single,0.69,2013,1
1,80,False,77,27288825,,6Kssm2LosQ0WyLukFZkEG5,2013-01-01,13,album,3.51,2013,1
8,34,False,54,640655,,0DucmDrdJM4evPXMbFJXBS,2013-01-01,14,album,4.25,2013,1
8,73,False,95,103094105,rap,1XslIirSxfAhhxRdn4Li9t,2013-01-01,13,album,3.79,2013,1
8,76,False,95,103094105,rap,2ZUFSbIkmFkGag000RWOpA,2013-01-01,16,album,3.79,2013,1
2,1,False,60,1139139,folk pop,773GsAWk3z8mGgMDeR7n1A,2013-01-01,18,album,3.5,2013,1
1,42,False,39,17317,,7rkJhtjwAElptOD9CkQyKB,2013-01-01,29,compilation,1.83,2013,1
5,39,False,54,640544,,0DucmDrdJM4evPXMbFJXBS,2013-01-01,14,album,3.95,2013,1
10,36,False,54,640544,,0DucmDrdJM4evPXMbFJXBS,2013-01-01,14,album,3.3,2013,1
1,52,False,56,218901,soundtrack,7x6etI9jQ2ePxZUOQaPrbi,2013-01-01,20,album,2.39,2013,1
9,28,False,54,640544,,0DucmDrdJM4evPXMbFJXBS,2013-01-01,14,album,2.65,2013,1
1,68,False,62,415464,,7L2vCH0rBeI5pKefCgWcV9,2013-01-01,5,single,3.67,2013,1
5,70,False,81,53260584,,3cGKAHAUhAaTTezK4GbBhQ,2013-01-01,13,album,3.86,2013,1
1,87,False,81,18703625,soft pop,20lOt6G8MHv8ZO7ViOmiP7,2013-01-01,12,album,4.28,2013,1
3,66,False,74,9408174,"country, acoustic country",5M8gr5RV2eR6UkztC69ogB,2013-01-01,13,album,3.91,2013,1
17,56,False,70,5588772,"country, pop country, acoustic country",0uqAyKT7oMZDFMyteJOJWI,2013-01-01,17,album,3.47,2013,1
7,67,False,90,107401919,pop,6czdbbMtGbAkZ6ud2OMTcg,2013-01-01,12,album,3.52,2013,1
13,46,False,74,9407321,"country, acoustic country",5M8gr5RV2eR6UkztC69ogB,2013-01-01,13,album,3.51,2013,1
13,63,False,54,640612,,0DucmDrdJM4evPXMbFJXBS,2013-01-01,14,album,4.16,2013,1
12,56,False,75,9919919,"grunge, rock, post-grunge",01WEcEzoa9mfh8fIDhvV1M,2013-01-01,12,album,4.38,2013,1
5,76,False,68,570812,musicals,7lZs5r4oQV2nutddffLrg0,2013-01-01,59,compilation,3.73,2013,1
11,1,True,86,17933500,"rap, hip hop",4rhNBjL39LW5tuZgRShtnx,2013-01-01,17,album,4.22,2013,1
2,65,False,68,820966,,7ybleSrN0ZT3bci5WZ6puk,2013-01-01,12,album,3.99,2013,1
12,35,False,54,640655,,0DucmDrdJM4evPXMbFJXBS,2013-01-01,14,album,3.66,2013,1
4,36,False,54,640655,,0DucmDrdJM4evPXMbFJXBS,2013-01-01,14,album,4.09,2013,1
1,0,False,56,218901,soundtrack,24kyacpyGz1gfbIoTgLl9B,2013-01-01,12,compilation,5.44,2013,1
8,41,False,72,5647181,,64fQ94AVziavTPdnkCS6Nj,2013-01-01,15,album,3.27,2013,1
9,67,False,73,4427758,,0VWYRbEcvJcPrqMGJirO6q,2013-01-01,18,album,4.65,2013,1
1,70,True,63,1655889,,5r7L8DlTsIKoDwSSiRf5M7,2013-01-01,1,single,4.2,2013,1
3,45,False,54,640544,,0DucmDrdJM4evPXMbFJXBS,2013-01-01,14,album,4.06,2013,1
3,65,False,60,304362,"drum and bass, liquid funk",5BetJhjCEWc6GFfqSPupUB,2013-01-01,13,album,3.75,2013,1
1,54,False,88,42256604,"art pop, pop",63malDixGPiTk7xpdbRGYm,2013-01-01,1,single,3.54,2013,1
2,48,False,90,107389514,pop,5xSvNPstcxHtR4ap2vvN8A,2013-01-01,12,album,3.29,2013,1
8,72,False,66,1475109,,3dAxXNscIj0p53lBMEziYR,2013-01-01,15,album,3.79,2013,1
1,56,False,63,1976402,,2qVN3yVtkrPT9YL7djTNwt,2013-01-01,1,single,4.38,2013,1
1,78,True,63,1976419,,1eHyfkrIOVLGVnt5E4MD2j,2013-01-01,14,album,4.39,2013,1
1,37,False,54,640612,,0DucmDrdJM4evPXMbFJXBS,2013-01-01,14,album,4.66,2013,1
14,57,False,78,13209377,,3KVeczHxWg5YFKb0gS62f2,2013-01-01,21,album,3.85,2013,1
5,0,False,80,10541250,,6rnzvZhe3PA57xKcKLRtJ6,2013-01-01,15,album,4.11,2013,1
14,45,False,61,2444220,,4kOQZmvSBepp9AUhc65Tgf,2013-01-01,19,album,3.25,2013,1
4,62,False,76,7959873,,33ZqJmmqFE8Z7Ak1Lxbnfb,2013-01-01,16,album,3.74,2013,1
2,0,False,52,231400,baroque pop,42bbf1IdwyoIY0SaseTntI,2013-01-01,2,single,4.22,2013,1
6,57,True,73,3771062,"metal, hard rock",32CbQps06lUasiux6N8tP3,2013-01-01,10,album,5.83,2013,1
1,87,False,88,51773650,"alternative pop, indie pop",1D92WOHWUI2AGQCCdplcXL,2013-01-01,1,single,3.93,2013,1
1,74,False,72,5647181,,5G6oMu9zNW2acdV0lqzI3L,2013-01-01,25,album,3.56,2013,1
1,70,False,72,5647181,,64fQ94AVziavTPdnkCS6Nj,2013-01-01,15,album,3.56,2013,1
3,41,False,60,1035402,"synthwave, french house",3bRM4GQgoFjBRRzhp87Ugb,2013-01-01,13,album,3.42,2013,1
8,68,False,77,27288825,,6Kssm2LosQ0WyLukFZkEG5,2013-01-01,13,album,3.36,2013,1
1,68,False,67,1009832,edm,2UgmfoJF7x7cQmWADnoQdG,2013-01-01,1,single,3.68,2013,1
3,51,False,90,107374593,pop,5xSvNPstcxHtR4ap2vvN8A,2013-01-01,12,album,4.11,2013,1
1,78,False,83,38385499,pop,3jB9yFDwRe3KhtGnHXJntk,2013-01-01,13,album,3.72,2013,1
1,49,False,83,38400585,pop,7tl8VkZBE0bSMaMcqscnCk,2013-01-01,1,single,3.71,2013,1
10,72,False,76,7959873,,6Z1zv6Hw9bdvSoxI5uYk2h,2013-01-01,16,album,4.24,2013,1
4,63,False,74,9408174,"country, acoustic country",5M8gr5RV2eR6UkztC69ogB,2013-01-01,13,album,4.31,2013,1
3,1,False,80,10541250,,3Ywlsvgu3H6L3q9NHydNR3,2013-01-01,10,album,3.16,2013,1
2,73,False,63,894945,,7oRzNo0PkoRJlvI9Eocyf2,2013-01-01,14,album,3.55,2013,1
4,79,True,73,4428244,,6edYDxspt9uQj21mbAfFIb,2013-01-01,15,album,4.72,2013,1
5,60,True,76,7961145,,6Z1zv6Hw9bdvSoxI5uYk2h,2013-01-01,16,album,3.45,2013,1
1,54,False,61,444144,,1BBqa3UQfVawVGQN0aIcs4,2013-01-01,8,single,3.93,2013,1
14,50,False,63,430076,soundtrack,0dst3z0HnOCF0pdU05AZ4b,2013-01-01,14,album,3.42,2013,1
3,63,True,95,103039388,rap,1XslIirSxfAhhxRdn4Li9t,2013-01-01,13,album,2.9,2013,1
3,64,True,95,103039388,rap,2ZUFSbIkmFkGag000RWOpA,2013-01-01,16,album,2.9,2013,1
1,65,False,79,23434221,edm,0sOrbRnJcNod63r49kmGVb,2012-12-26,5,single,3.47,2012,12
2,70,False,83,21598900,,5MOCeDoizSpQ4FnpX8VFky,2012-12-18,2,single,3.49,2012,12
2,39,False,47,171819,"celtic, medieval",4bc12QynMKKIcmnu4Q2sJr,2012-12-12,23,album,3.33,2012,12
13,23,True,38,158042,"dubstep, drumstep",6aIvDKKKlpLaviDkMn6LDQ,2012-12-12,22,album,6.19,2012,12
4,69,True,90,68997177,"pop, r&b",5pLlGJrxuQO3jMoQe1XxZY,2012-12-11,17,album,2.68,2012,12
9,75,False,90,69030894,"pop, r&b",5pLlGJrxuQO3jMoQe1XxZY,2012-12-11,17,album,4.01,2012,12
2,53,False,90,68997177,"pop, r&b",4eddbruVtOqw8khwxSH6H2,2012-12-11,17,album,3.75,2012,12
5,77,True,90,69030894,"pop, r&b",5pLlGJrxuQO3jMoQe1XxZY,2012-12-11,17,album,4.27,2012,12
6,0,False,49,9507,,78al1cFOvo6eGowGidkRG5,2012-12-11,32,compilation,1.71,2012,12
10,69,True,90,69014420,"pop, r&b",5pLlGJrxuQO3jMoQe1XxZY,2012-12-11,17,album,3.6,2012,12
2,56,False,90,68997177,"pop, r&b",1ciAVKFdlpLi2eGDlXv6Bo,2012-12-10,17,album,3.75,2012,12
2,0,False,90,68997177,"pop, r&b",1jlYso6n0IxsGTLIvZOXUn,2012-12-10,14,album,3.75,2012,12
4,80,True,90,75474551,,58ufpQsJ1DS5kq4hhzQDiI,2012-12-07,10,album,2.97,2012,12
2,88,False,89,75455093,,58ufpQsJ1DS5kq4hhzQDiI,2012-12-07,10,album,3.89,2012,12
6,87,False,89,75455093,,58ufpQsJ1DS5kq4hhzQDiI,2012-12-07,10,album,3.56,2012,12
6,54,False,90,75492598,,4xWulj18AGahlyuZPulaGe,2012-12-05,10,album,3.56,2012,12
2,54,False,90,75474551,,4xWulj18AGahlyuZPulaGe,2012-12-05,10,album,3.89,2012,12
2,37,False,64,1441913,"art pop, alternative r&b",44keDDETPLFK48WCykPKit,2012-12-04,4,single,5.0,2012,12
4,36,False,63,1441722,"art pop, alternative r&b",44keDDETPLFK48WCykPKit,2012-12-04,4,single,2.98,2012,12
2,3,False,78,9156883,,0gT5HL6RnvHBxJ2gY7lidR,2012-11-30,16,album,3.53,2012,11
2,79,False,78,9154839,,5ZQB1ZQ2Yx9YT3nZlR2Pgu,2012-11-30,24,album,3.53,2012,11
5,21,True,23,19323,,04LtjwWwtcJsjsZdihJk3q,2012-11-27,8,single,3.31,2012,11
4,57,False,62,3186602,,5kU9rWhYr4MmPmaGYP5z4v,2012-11-26,24,album,3.43,2012,11
6,53,False,78,12898539,"r&b, neo soul",3qqhNVbjLFNdLviBFrFwCa,2012-11-26,13,album,4.51,2012,11
2,74,False,62,3186182,,5kU9rWhYr4MmPmaGYP5z4v,2012-11-26,24,album,3.09,2012,11
1,76,False,78,12898539,"r&b, neo soul",3zZSz5VOYSu0jE4MkPCOvN,2012-11-18,4,single,3.74,2012,11
7,55,False,94,112995439,"r&b pop, alternative r&b, hip hop, synthpop",2XGEyGU76kj55OdHWynX0S,2012-11-13,30,album,4.92,2012,11
1,52,False,93,112957721,"r&b pop, alternative r&b, hip hop, synthpop",5EbpxRwbbpCJUepbqVTZ1U,2012-11-13,30,album,4.59,2012,11
9,45,False,94,112995439,"r&b pop, alternative r&b, hip hop, synthpop",2XGEyGU76kj55OdHWynX0S,2012-11-13,30,album,3.99,2012,11
7,48,True,93,112918137,"r&b pop, alternative r&b, hip hop, synthpop",2XGEyGU76kj55OdHWynX0S,2012-11-13,30,album,8.1,2012,11
9,45,False,93,112918137,"r&b pop, alternative r&b, hip hop, synthpop",2XGEyGU76kj55OdHWynX0S,2012-11-13,30,album,5.89,2012,11
1,52,False,93,112957721,"r&b pop, alternative r&b, hip hop, synthpop",2XGEyGU76kj55OdHWynX0S,2012-11-13,30,album,4.15,2012,11
3,73,True,93,112957721,"r&b pop, alternative r&b, hip hop, synthpop",5EbpxRwbbpCJUepbqVTZ1U,2012-11-13,30,album,6.75,2012,11
5,45,True,93,112918137,"r&b pop, alternative r&b, hip hop, synthpop",2XGEyGU76kj55OdHWynX0S,2012-11-13,30,album,4.34,2012,11
3,46,True,94,112995439,"r&b pop, alternative r&b, hip hop, synthpop",2XGEyGU76kj55OdHWynX0S,2012-11-13,30,album,4.31,2012,11
8,48,True,94,112995439,"r&b pop, alternative r&b, hip hop, synthpop",2XGEyGU76kj55OdHWynX0S,2012-11-13,30,album,3.84,2012,11
6,47,True,93,112918137,"r&b pop, alternative r&b, hip hop, synthpop",2XGEyGU76kj55OdHWynX0S,2012-11-13,30,album,5.2,2012,11
2,51,False,93,112918137,"r&b pop, alternative r&b, hip hop, synthpop",2XGEyGU76kj55OdHWynX0S,2012-11-13,30,album,4.93,2012,11
8,50,True,94,112995439,"r&b pop, alternative r&b, hip hop, synthpop",2XGEyGU76kj55OdHWynX0S,2012-11-13,30,album,6.05,2012,11
1,51,True,93,112918137,"r&b pop, alternative r&b, hip hop, synthpop",2XGEyGU76kj55OdHWynX0S,2012-11-13,30,album,5.81,2012,11
2,49,False,93,112957721,"r&b pop, alternative r&b, hip hop, synthpop",2XGEyGU76kj55OdHWynX0S,2012-11-13,30,album,4.17,2012,11
8,47,False,93,112918137,"r&b pop, alternative r&b, hip hop, synthpop",2XGEyGU76kj55OdHWynX0S,2012-11-13,30,album,6.02,2012,11
5,54,False,94,113039308,"r&b pop, alternative r&b, hip hop, synthpop",2XGEyGU76kj55OdHWynX0S,2012-11-13,30,album,3.57,2012,11
6,56,True,93,112957721,"r&b pop, alternative r&b, hip hop, synthpop",2XGEyGU76kj55OdHWynX0S,2012-11-13,30,album,5.84,2012,11
7,45,False,93,112918137,"r&b pop, alternative r&b, hip hop, synthpop",2XGEyGU76kj55OdHWynX0S,2012-11-13,30,album,5.75,2012,11
9,50,False,94,112995439,"r&b pop, alternative r&b, hip hop, synthpop",2XGEyGU76kj55OdHWynX0S,2012-11-13,30,album,5.71,2012,11
4,67,True,93,112957721,"r&b pop, alternative r&b, hip hop, synthpop",5EbpxRwbbpCJUepbqVTZ1U,2012-11-13,30,album,5.2,2012,11
6,56,True,94,112995439,"r&b pop, alternative r&b, hip hop, synthpop",2XGEyGU76kj55OdHWynX0S,2012-11-13,30,album,7.66,2012,11
4,53,True,93,112957721,"r&b pop, alternative r&b, hip hop, synthpop",2XGEyGU76kj55OdHWynX0S,2012-11-13,30,album,6.96,2012,11
3,48,False,94,112995439,"r&b pop, alternative r&b, hip hop, synthpop",2XGEyGU76kj55OdHWynX0S,2012-11-13,30,album,5.33,2012,11
10,55,False,94,113039308,"r&b pop, alternative r&b, hip hop, synthpop",2XGEyGU76kj55OdHWynX0S,2012-11-13,30,album,5.32,2012,11
10,60,True,93,112957721,"r&b pop, alternative r&b, hip hop, synthpop",2XGEyGU76kj55OdHWynX0S,2012-11-13,30,album,4.3,2012,11
10,57,False,93,112918137,"r&b pop, alternative r&b, hip hop, synthpop",2XGEyGU76kj55OdHWynX0S,2012-11-13,30,album,4.77,2012,11
2,52,False,93,112918137,"r&b pop, alternative r&b, hip hop, synthpop",2XGEyGU76kj55OdHWynX0S,2012-11-13,30,album,3.44,2012,11
5,55,True,93,112918137,"r&b pop, alternative r&b, hip hop, synthpop",2XGEyGU76kj55OdHWynX0S,2012-11-13,30,album,5.42,2012,11
4,49,True,94,112995439,"r&b pop, alternative r&b, hip hop, synthpop",2XGEyGU76kj55OdHWynX0S,2012-11-13,30,album,7.4,2012,11
3,51,True,88,51773650,"alternative pop, indie pop",5PW8nAtvf2HV8RYZFd4IrX,2012-11-12,23,album,4.34,2012,11
11,65,False,88,51773650,"alternative pop, indie pop",5PW8nAtvf2HV8RYZFd4IrX,2012-11-12,23,album,4.42,2012,11
3,71,False,83,40270893,,2sWX3HYnZjPZ9MrH6MFsBt,2012-11-12,20,album,3.65,2012,11
1,73,False,83,40273571,,2sWX3HYnZjPZ9MrH6MFsBt,2012-11-12,20,album,3.33,2012,11
2,41,False,37,3549,"christmas, choral",0EN1gAz91UMiqqBYj1NqC6,2012-11-06,17,album,5.26,2012,11
2,3,False,67,3758140,folk pop,2mylGx7w2Q3yhUyN8iEWOF,2012-11-05,20,album,4.21,2012,11
11,0,True,74,3541646,,2oySU2ZiKIgyER4jX7HVYl,2012-11-05,16,album,3.29,2012,11
17,48,False,56,95995,soundtrack,23aWOneOrCl1KBfDCo2pFy,2012-10-30,25,album,2.08,2012,10
1,49,False,56,95952,soundtrack,23aWOneOrCl1KBfDCo2pFy,2012-10-30,25,album,3.11,2012,10
20,30,False,56,95952,soundtrack,23aWOneOrCl1KBfDCo2pFy,2012-10-30,25,album,1.18,2012,10
11,58,False,40,23482,southern gothic,0ZuL0j8jVfNydM5P4Zzxix,2012-10-29,11,album,3.08,2012,10
8,76,False,84,23078931,edm,7w19PFbxAjwZ7UVNp9z0uT,2012-10-29,15,album,3.9,2012,10
3,81,False,84,23078931,edm,7w19PFbxAjwZ7UVNp9z0uT,2012-10-29,15,album,3.44,2012,10
10,77,False,84,23078931,edm,7w19PFbxAjwZ7UVNp9z0uT,2012-10-29,15,album,3.54,2012,10
15,68,False,84,23078931,edm,7w19PFbxAjwZ7UVNp9z0uT,2012-10-29,15,album,4.13,2012,10
4,3,False,84,23079295,edm,7w19PFbxAjwZ7UVNp9z0uT,2012-10-29,15,album,3.59,2012,10
10,48,False,100,145542136,"country, pop, indie, folk",1KVKqWeRuXsJDLTW0VuD29,2012-10-22,22,album,4.98,2012,10
13,44,False,100,145443567,"country, pop, indie, folk",1KVKqWeRuXsJDLTW0VuD29,2012-10-22,22,album,4.0,2012,10
17,44,False,100,145396321,"country, pop, indie, folk",1KVKqWeRuXsJDLTW0VuD29,2012-10-22,22,album,4.77,2012,10
3,46,False,100,145489371,"country, pop, indie, folk",1KVKqWeRuXsJDLTW0VuD29,2012-10-22,22,album,4.04,2012,10
20,38,False,100,145396321,"country, pop, indie, folk",1KlU96Hw9nlvqpBPlSqcTV,2012-10-22,22,album,3.99,2012,10
8,0,False,100,145489371,"country, pop, indie, folk",5FerdPFXSHSnCVq4OBy4Ey,2012-10-22,22,album,3.21,2012,10
16,69,False,100,145489371,"country, pop, indie, folk",4jTYApZPMapg56gRycOn0D,2012-10-22,32,album,3.21,2012,10
8,58,False,100,145396321,"country, pop, indie, folk",1KVKqWeRuXsJDLTW0VuD29,2012-10-22,22,album,3.21,2012,10
6,0,False,100,145489371,"country, pop, indie, folk",5FerdPFXSHSnCVq4OBy4Ey,2012-10-22,22,album,3.86,2012,10
12,64,False,100,145489371,"country, pop, indie, folk",4jTYApZPMapg56gRycOn0D,2012-10-22,32,album,3.86,2012,10
6,59,False,100,145489371,"country, pop, indie, folk",1KVKqWeRuXsJDLTW0VuD29,2012-10-22,22,album,3.86,2012,10
5,56,False,100,145396321,"country, pop, indie, folk",1KVKqWeRuXsJDLTW0VuD29,2012-10-22,22,album,5.48,2012,10
16,49,False,100,145396321,"country, pop, indie, folk",1KVKqWeRuXsJDLTW0VuD29,2012-10-22,22,album,3.99,2012,10
2,57,False,100,145489371,"country, pop, indie, folk",1KVKqWeRuXsJDLTW0VuD29,2012-10-22,22,album,3.71,2012,10
21,41,False,100,145396321,"country, pop, indie, folk",1KVKqWeRuXsJDLTW0VuD29,2012-10-22,22,album,3.78,2012,10
12,46,False,100,145443567,"country, pop, indie, folk",1KVKqWeRuXsJDLTW0VuD29,2012-10-22,22,album,4.74,2012,10
15,45,False,100,145396321,"country, pop, indie, folk",1KVKqWeRuXsJDLTW0VuD29,2012-10-22,22,album,3.67,2012,10
1,49,False,100,145489371,"country, pop, indie, folk",1KVKqWeRuXsJDLTW0VuD29,2012-10-22,22,album,4.92,2012,10
22,42,False,100,145443567,"country, pop, indie, folk",1KVKqWeRuXsJDLTW0VuD29,2012-10-22,22,album,5.38,2012,10
9,45,False,100,145396321,"country, pop, indie, folk",1KVKqWeRuXsJDLTW0VuD29,2012-10-22,22,album,3.43,2012,10
18,48,False,100,145489371,"country, pop, indie, folk",1KVKqWeRuXsJDLTW0VuD29,2012-10-22,22,album,3.73,2012,10
28,62,False,100,145396321,"country, pop, indie, folk",4jTYApZPMapg56gRycOn0D,2012-10-22,32,album,4.09,2012,10
14,54,False,100,145489371,"country, pop, indie, folk",1KVKqWeRuXsJDLTW0VuD29,2012-10-22,22,album,4.09,2012,10
19,44,False,100,145443567,"country, pop, indie, folk",1KVKqWeRuXsJDLTW0VuD29,2012-10-22,22,album,3.68,2012,10
11,47,False,100,145443567,"country, pop, indie, folk",1KVKqWeRuXsJDLTW0VuD29,2012-10-22,22,album,3.38,2012,10
7,46,False,100,145443567,"country, pop, indie, folk",1KVKqWeRuXsJDLTW0VuD29,2012-10-22,22,album,4.07,2012,10
4,73,False,100,145489371,"country, pop, indie, folk",1EoDsNmgTLtmwe1BDAVxV5,2012-10-22,16,album,3.63,2012,10
8,76,False,100,145396321,"country, pop, indie, folk",4jTYApZPMapg56gRycOn0D,2012-10-22,32,album,3.66,2012,10
4,64,False,100,145443567,"country, pop, indie, folk",1KVKqWeRuXsJDLTW0VuD29,2012-10-22,22,album,3.66,2012,10
2,40,False,46,2228312,k-pop,3VeAhTrnrIzZTJ6qEsByAg,2012-10-21,5,single,3.26,2012,10
8,82,False,79,7996784,"indie, lo-fi indie",2XgBQwGRxr4P7cHLDYiqrO,2012-10-16,11,album,3.18,2012,10
9,67,False,75,7053393,"country, acoustic country",1WYrLHpLwOSCQ4n5kNeZa6,2012-10-16,15,album,3.87,2012,10
1,75,False,78,13211271,,1gKVOJVxDTqw9IaCbKaYd4,2012-10-12,31,album,3.85,2012,10
3,2,True,69,2671075,,6XO9dbsH9zhuQgFGH0hUrb,2012-10-10,15,album,3.92,2012,10
3,77,True,69,2671075,,5QWHes9ODwn42DHTifGkXd,2012-10-09,15,album,3.92,2012,10
2,82,False,74,2828747,,5QWHes9ODwn42DHTifGkXd,2012-10-09,15,album,4.3,2012,10
12,40,False,41,16826,,30LcobDusMVZc6mKgXNEH3,2012-10-09,13,compilation,5.55,2012,10
5,59,False,61,18410,,76FXHQhTuT4QMIxfL09gX8,2012-10-09,15,album,5.3,2012,10
1,85,False,83,66705650,soft pop,6TwN6Lq9glwnG8kNp6chHY,2012-10-04,1,single,4.77,2012,10
1,0,False,83,40270893,,2DsqRdeNGtz9Qk5pGnhQeD,2012-09-28,4,single,3.31,2012,9
6,58,False,59,345962,,65Z3hZGZsiNcpOAT2U0Inn,2012-09-28,14,album,3.74,2012,9
1,70,False,78,6130984,r&b,21XMv0TCsnhWPt7MNVvkzD,2012-09-28,11,album,3.21,2012,9
3,46,False,50,264691,"texas country, red dirt, country",0wtJWsEyT3NBGC1Qqr4Xl8,2012-09-25,4,single,4.46,2012,9
3,2,False,73,6613930,"folk, indie folk, folk rock",4Blt0T4LKGdWreILkYZre3,2012-09-25,15,album,4.61,2012,9
4,82,False,78,18203604,,2Q9oTK48eb85waX1fFJsvj,2012-09-18,17,album,4.04,2012,9
2,65,True,78,18203604,,2Q9oTK48eb85waX1fFJsvj,2012-09-18,17,album,4.25,2012,9
7,46,True,78,18203604,,2Q9oTK48eb85waX1fFJsvj,2012-09-18,17,album,3.69,2012,9
10,75,False,85,37446069,,24TAupSNVWSAHL0R7n71vm,2012-09-18,24,album,4.29,2012,9
2,70,False,84,37431031,,24TAupSNVWSAHL0R7n71vm,2012-09-18,24,album,4.96,2012,9
5,66,True,78,18205037,,2Q9oTK48eb85waX1fFJsvj,2012-09-18,17,album,3.84,2012,9
3,81,False,78,18203604,,2Q9oTK48eb85waX1fFJsvj,2012-09-18,17,album,4.13,2012,9
2,0,True,78,18205037,,2rBb9rAEuMC8VH9uk7js3e,2012-09-17,13,album,4.25,2012,9
1,81,False,75,3948613,edm,3RKhRsifs4RWrqvWV1YpPY,2012-09-14,4,single,3.54,2012,9
3,67,False,74,8811891,,63eaHsLLsW1e5ISNf7ISZy,2012-09-10,10,album,3.37,2012,9
3,80,False,74,8809453,,7JOCOjZTcLysDMkZGWlcIj,2012-09-10,17,album,3.37,2012,9
3,66,False,85,58364373,,6htgf3qv7vGcsdxLCDxKp8,2012-09-04,12,album,3.96,2012,9
4,72,False,85,58375520,,6htgf3qv7vGcsdxLCDxKp8,2012-09-04,12,album,2.92,2012,9
4,4,False,85,58375520,,1vAEF8F0HoRFGiYOEeJXHW,2012-09-04,20,album,2.92,2012,9
1,1,False,78,12900561,"r&b, neo soul",7sG2gH4SFp1GszxOkBZdZR,2012-09-04,1,single,3.74,2012,9
5,67,False,85,58364373,,1rzDtYMpZDhRgKNigB467r,2012-09-04,16,album,3.16,2012,9
1,71,False,85,58364373,,6htgf3qv7vGcsdxLCDxKp8,2012-09-04,12,album,3.11,2012,9
1,64,False,85,58364373,,1rzDtYMpZDhRgKNigB467r,2012-09-04,16,album,3.11,2012,9
1,53,False,46,149399,"synthwave, vaporwave",3abxvJVn04QbKlIiL28YTa,2012-09-01,4,single,5.04,2012,9
11,1,False,77,4777574,soundtrack,3sGDniFo4e5r0bwmSL2upZ,2012-08-29,15,album,2.04,2012,8
2,73,False,67,3758862,folk pop,52ukyDfkPmF4X6EcSYVfVJ,2012-08-28,12,album,4.21,2012,8
1,48,False,34,20953,,6vGrlVBMilC17KYggStDfp,2012-08-28,20,album,1.26,2012,8
7,76,False,66,2503055,,7gTFf2EWBONpjKVjpWbs5p,2012-08-17,11,album,3.43,2012,8
9,0,False,54,195974,,79zUXfErg2kVJQxQ7ypEZ8,2012-08-14,10,album,5.35,2012,8
1,11,False,47,55542,soundtrack,6KSEbYGfGCxrI4Kpbj75o8,2012-08-13,17,album,1.54,2012,8
2,63,False,83,21606569,,64uUQtKfndQguejYmA40lL,2012-08-07,5,single,3.39,2012,8
30,0,False,19,868,southern gothic,4zgdTFD8CwYXKaEV87wJzM,2012-08-07,34,album,2.05,2012,8
3,48,False,83,21598900,,64uUQtKfndQguejYmA40lL,2012-08-07,5,single,3.78,2012,8
1,67,False,58,447958,,6ZtATnsRYU8ZP4JD0dH0fs,2012-08-03,3,single,3.58,2012,8
9,48,False,52,603022,"witch house, chillstep",7nuxFL8lYQTIlpEEPEMpN8,2012-07-23,11,album,3.49,2012,7
1,7,False,83,17365648,dream pop,12UGkXT4z3ajgq6xheCGDk,2012-07-21,4,single,4.77,2012,7
4,78,True,76,3928705,"emo, screamo, post-hardcore",661Hz0qJK8WIp7vAWsqKvk,2012-07-17,12,album,3.93,2012,7
1,55,False,64,699445,,6J3GsYAKAAf1VRDD693py7,2012-07-13,15,album,3.49,2012,7
10,78,True,84,20287929,,392p3shh2jkxUxY2VHvlH8,2012-07-10,17,album,9.88,2012,7
11,2,True,84,20293960,,623Ef2ZEB3Njklix4PC0Rs,2012-07-10,17,album,3.9,2012,7
13,62,False,87,28305692,r&b,4AGQTp6rk7v8fPbFu739l7,2012-07-03,22,album,3.7,2012,7
3,0,False,35,50222,,27TfaSWFwThSHdh73lrmyG,2012-07-02,3,single,8.13,2012,7
2,79,False,62,1101988,,5IenxFp0vpnXBUxPcwJtbE,2012-06-30,11,album,2.92,2012,6
2,69,False,84,11939612,,2F7tejLHzTqFq2XLol9ZGy,2012-06-30,17,album,3.43,2012,6
3,79,False,84,11936949,,2F7tejLHzTqFq2XLol9ZGy,2012-06-30,17,album,3.82,2012,6
13,82,False,84,11936949,,2F7tejLHzTqFq2XLol9ZGy,2012-06-30,17,album,3.4,2012,6
1,50,False,47,55550,soundtrack,5fEkyTeRzYV32RcT8c5tTn,2012-06-30,18,album,1.78,2012,6
2,0,False,67,3758140,folk pop,2sRnJq6dfXdqhIflBk0ve1,2012-06-29,16,album,4.21,2012,6
13,0,False,87,28327351,r&b,6sAeDMYVsr4YUFA8aWk4yj,2012-06-29,19,album,3.7,2012,6
2,37,False,63,350647,soundtrack,60IT8AganbZfiCpoJbiEnU,2012-06-27,20,album,4.27,2012,6
4,79,False,79,8972549,,7eLwoxxWs6lfkVYJGkGNbk,2012-06-22,10,album,4.13,2012,6
8,72,False,79,8971415,,7eLwoxxWs6lfkVYJGkGNbk,2012-06-22,10,album,3.73,2012,6
1,78,False,79,8971415,,7eLwoxxWs6lfkVYJGkGNbk,2012-06-22,10,album,3.74,2012,6
2,80,False,79,8972549,,7eLwoxxWs6lfkVYJGkGNbk,2012-06-22,10,album,3.88,2012,6
6,76,False,88,31806929,"nu metal, rap metal, rock, alternative metal",4XHIjbhjRmqWlosjj5rqSI,2012-06-19,12,album,3.42,2012,6
1,65,True,66,778810,,5hf74KpfuwSJXVs85k3dVI,2012-06-19,1,single,2.58,2012,6
1,69,False,66,1555597,,7lh3v8GsuH6TKFQcTimkji,2012-06-18,2,single,4.26,2012,6
3,67,False,91,85050158,"pop, contemporary r&b",70f70xLCpH7wHaVvB2oZT9,2012-06-15,17,album,3.82,2012,6
10,78,False,91,85008100,"pop, contemporary r&b",70f70xLCpH7wHaVvB2oZT9,2012-06-15,17,album,3.79,2012,6
1,54,False,52,1330307,k-pop,7LVMjDwcyhVhDTHddKPjIs,2012-06-10,6,single,3.28,2012,6
2,1,False,80,13753493,r&b,4YPSP5Mi5C0vdbgLTaYucB,2012-06-08,18,album,3.91,2012,6
1,0,False,54,347877,swedish pop,2TpIDrAOhls3jONfQesTG8,2012-05-30,1,single,3.43,2012,5
23,0,False,57,321082,"noise rock, industrial, witch house, industrial rock, industrial metal",3UVyUHogFcjirdS5AsmXzG,2012-05-29,25,album,3.51,2012,5
9,0,False,67,3424761,"indie, indie rock",01WnXszeMvaUaEp3NaQGFt,2012-05-28,14,album,3.97,2012,5
10,0,False,67,3424618,"indie, indie rock",01WnXszeMvaUaEp3NaQGFt,2012-05-28,14,album,3.65,2012,5
10,55,False,83,40270893,,6cunQQ7YZisYOoiFu2ywIq,2012-05-25,18,album,3.62,2012,5
15,60,False,83,40270893,,6cunQQ7YZisYOoiFu2ywIq,2012-05-25,18,album,4.37,2012,5
4,63,False,83,40270893,,6cunQQ7YZisYOoiFu2ywIq,2012-05-25,18,album,3.81,2012,5
17,57,False,83,40270893,,6cunQQ7YZisYOoiFu2ywIq,2012-05-25,18,album,3.09,2012,5
3,75,False,83,40275440,,6cunQQ7YZisYOoiFu2ywIq,2012-05-25,18,album,3.29,2012,5
11,56,False,83,40270893,,6cunQQ7YZisYOoiFu2ywIq,2012-05-25,18,album,3.64,2012,5
12,54,False,83,40275440,,6cunQQ7YZisYOoiFu2ywIq,2012-05-25,18,album,3.43,2012,5
14,57,False,83,40270893,,6cunQQ7YZisYOoiFu2ywIq,2012-05-25,18,album,2.91,2012,5
13,57,False,83,40270893,,6cunQQ7YZisYOoiFu2ywIq,2012-05-25,18,album,3.42,2012,5
16,53,False,83,40270893,,6cunQQ7YZisYOoiFu2ywIq,2012-05-25,18,album,3.39,2012,5
2,62,False,83,40273571,,6cunQQ7YZisYOoiFu2ywIq,2012-05-25,18,album,4.07,2012,5
18,57,False,83,40270893,,6cunQQ7YZisYOoiFu2ywIq,2012-05-25,18,album,3.59,2012,5
9,57,False,83,40273571,,6cunQQ7YZisYOoiFu2ywIq,2012-05-25,18,album,2.89,2012,5
6,59,False,83,40275440,,6cunQQ7YZisYOoiFu2ywIq,2012-05-25,18,album,3.61,2012,5
8,58,False,83,40273571,,6cunQQ7YZisYOoiFu2ywIq,2012-05-25,18,album,3.96,2012,5
7,56,False,83,40273571,,6cunQQ7YZisYOoiFu2ywIq,2012-05-25,18,album,3.3,2012,5
5,62,False,83,40270893,,6cunQQ7YZisYOoiFu2ywIq,2012-05-25,18,album,3.24,2012,5
1,4,False,83,40273571,,53DrBEDi1AvhWOtCdljUiu,2012-05-25,13,album,3.3,2012,5
6,28,False,72,2804746,dream pop,0AL7olZ75pi55q9p1eHaD8,2012-05-15,10,album,4.92,2012,5
2,36,False,71,4969994,"industrial metal, industrial rock, industrial, metal, nu metal",3LHOep5q4yGo96ui8fpSST,2012-04-29,14,album,4.6,2012,4
14,37,False,71,4968982,"industrial metal, industrial rock, industrial, metal, nu metal",3LHOep5q4yGo96ui8fpSST,2012-04-29,14,album,4.03,2012,4
4,26,True,71,4971141,"industrial metal, industrial rock, industrial, metal, nu metal",3LHOep5q4yGo96ui8fpSST,2012-04-29,14,album,5.31,2012,4
3,31,True,71,4968982,"industrial metal, industrial rock, industrial, metal, nu metal",3LHOep5q4yGo96ui8fpSST,2012-04-29,14,album,4.17,2012,4
2,74,False,72,6113786,,49kf7gWWtReFwPcCNsvyUf,2012-04-27,17,album,3.68,2012,4
6,63,False,74,2265465,,7qqCw47pAWFzhwTpVRd0zE,2012-04-27,15,album,3.55,2012,4
3,51,False,72,6113786,,49kf7gWWtReFwPcCNsvyUf,2012-04-27,17,album,3.77,2012,4
9,65,False,72,6113786,,49kf7gWWtReFwPcCNsvyUf,2012-04-27,17,album,4.24,2012,4
4,51,False,72,6115364,,49kf7gWWtReFwPcCNsvyUf,2012-04-27,17,album,3.37,2012,4
1,78,True,72,6114655,,49kf7gWWtReFwPcCNsvyUf,2012-04-27,17,album,2.57,2012,4
4,37,False,38,20220,,0lDs9co9ZUzZcjT0KB9n6k,2012-04-24,10,album,3.78,2012,4
1,52,False,79,8971415,,355RqMyXhDoOD0l4qMUxeT,2012-04-24,1,single,3.75,2012,4
1,45,False,32,1321,,4rT8GYDjkpJsaM0PuMSAiK,2012-04-23,1,single,3.96,2012,4
3,62,False,60,1106316,"electro swing, swing music, nu jazz",7p72vm3axkMsrAMBwl7d3T,2012-04-20,13,album,3.29,2012,4
2,77,False,70,4516207,soft pop,5zseibu9WEsPaZmkJUMkz1,2012-04-17,11,album,3.26,2012,4
4,70,False,71,7312588,"soft pop, acoustic pop",64SChsjQBiEe3aVTFYnW1b,2012-04-13,18,album,4.0,2012,4
5,5,False,76,5903211,"folk pop, indie folk",6NWYmlHxAME5KXtxrTlUxW,2012-04-03,11,album,2.71,2012,4
7,36,False,62,412983,soundtrack,6PH1qpo8wXTJnhZHnQi8YT,2012-03-26,18,album,1.98,2012,3
9,23,False,23,35207,dream pop,58EkMis977ahUiScKdBkb9,2012-03-18,10,album,3.16,2012,3
1,0,False,0,5769,,1ub61owIR4GAX9CwpVClra,2012-03-13,19,album,0.67,2012,3
2,0,False,0,5770,,1ub61owIR4GAX9CwpVClra,2012-03-13,19,album,3.68,2012,3
1,62,False,83,38393243,pop,5BvgP623rtvlc0HDcpzquz,2012-03-12,19,album,3.79,2012,3
7,73,False,83,38393243,pop,5BvgP623rtvlc0HDcpzquz,2012-03-12,19,album,3.78,2012,3
13,62,False,83,38400585,pop,5BvgP623rtvlc0HDcpzquz,2012-03-12,19,album,4.31,2012,3
3,70,False,67,2625044,art pop,7aPolrSqVawIhC7iTo2b5F,2012-03-12,13,album,4.18,2012,3
2,74,False,83,38385499,pop,5BvgP623rtvlc0HDcpzquz,2012-03-12,19,album,3.84,2012,3
14,73,False,83,38385499,pop,5BvgP623rtvlc0HDcpzquz,2012-03-12,19,album,3.6,2012,3
17,68,False,83,38400585,pop,5BvgP623rtvlc0HDcpzquz,2012-03-12,19,album,3.82,2012,3
4,70,False,83,38400585,pop,5BvgP623rtvlc0HDcpzquz,2012-03-12,19,album,3.79,2012,3
8,46,False,67,2626020,art pop,7aPolrSqVawIhC7iTo2b5F,2012-03-12,13,album,4.34,2012,3
3,74,False,83,38409786,pop,5BvgP623rtvlc0HDcpzquz,2012-03-12,19,album,3.91,2012,3
15,75,False,83,38385499,pop,5BvgP623rtvlc0HDcpzquz,2012-03-12,19,album,3.68,2012,3
1,59,False,50,181181,"sea shanties, celtic, celtic rock, celtic punk",5iyQuCFO65zkVXaqtBYFuo,2012-02-22,14,album,2.94,2012,2
2,0,False,67,2625505,art pop,48a7rOjTzpD1zzJAteeveE,2012-02-21,13,album,4.25,2012,2
3,74,False,66,3051516,,7iycyHwOW2plljYIK6I1Zo,2012-02-21,12,album,4.17,2012,2
2,68,True,66,3051567,,7iycyHwOW2plljYIK6I1Zo,2012-02-21,12,album,4.61,2012,2
1,60,False,67,2625044,art pop,3wPVo6bp9caXRV4d9wDL9a,2012-02-20,1,single,4.25,2012,2
3,78,False,66,3051567,,7m7F7SQ3BXvIpvOgjW51Gp,2012-02-14,11,album,4.17,2012,2
4,41,False,43,65561,"witch house, darkwave, cold wave",0Yn5Yc4qK1wZMhjAJO0uQz,2012-02-07,4,single,4.69,2012,2
7,43,False,60,1163792,"reggae, roots reggae, reggae rock",4CQ5J1MG2KEFVnJgjushrB,2012-01-31,13,album,3.97,2012,1
9,54,False,60,1163792,"reggae, roots reggae, reggae rock",4CQ5J1MG2KEFVnJgjushrB,2012-01-31,13,album,4.22,2012,1
6,38,False,88,51798111,"alternative pop, indie pop",5h5XOo9ZoMhKA4uu0NXiD7,2012-01-30,12,album,3.84,2012,1
4,53,False,88,51821190,"alternative pop, indie pop",5h5XOo9ZoMhKA4uu0NXiD7,2012-01-30,12,album,4.69,2012,1
5,49,False,88,51798111,"alternative pop, indie pop",5h5XOo9ZoMhKA4uu0NXiD7,2012-01-30,12,album,3.71,2012,1
6,0,False,50,62798,"anime, soundtrack",2Dw87Ob66XprXiHKbhifJB,2012-01-25,37,album,1.41,2012,1
11,0,False,51,62853,"anime, soundtrack",2Dw87Ob66XprXiHKbhifJB,2012-01-25,37,album,1.11,2012,1
12,0,False,50,62798,"anime, soundtrack",2Dw87Ob66XprXiHKbhifJB,2012-01-25,37,album,1.82,2012,1
4,0,False,50,62798,"anime, soundtrack",2Dw87Ob66XprXiHKbhifJB,2012-01-25,37,album,1.48,2012,1
3,0,False,50,62798,"anime, soundtrack",2Dw87Ob66XprXiHKbhifJB,2012-01-25,37,album,2.12,2012,1
5,0,False,51,62853,"anime, soundtrack",2Dw87Ob66XprXiHKbhifJB,2012-01-25,37,album,1.52,2012,1
14,0,False,50,62821,"anime, soundtrack",2Dw87Ob66XprXiHKbhifJB,2012-01-25,37,album,1.18,2012,1
2,59,False,81,5276981,dancehall,1k0mWVc1YrJibQ6c1dZAGd,2012-01-24,12,album,3.79,2012,1
1,0,False,70,4516207,soft pop,4IjfVRMzE8yNH84Q6UZSV6,2012-01-10,1,single,3.27,2012,1
5,78,False,73,6111556,edm,7juWTdmjo0vYywWu8HiQxs,2012-01-01,10,album,4.52,2012,1
2,62,True,89,31038851,rap,0bcOGgwJpwBjfFBTApoqSn,2012-01-01,12,compilation,4.89,2012,1
3,64,True,88,51798111,"alternative pop, indie pop",5VoeRuTrGhTbKelUfwymwu,2012-01-01,23,album,4.34,2012,1
1,55,False,70,5588772,"country, pop country, acoustic country",2GSU4IGtDcY5kCXnCJbfNT,2012-01-01,11,album,3.48,2012,1
7,71,False,88,51773650,"alternative pop, indie pop",5VoeRuTrGhTbKelUfwymwu,2012-01-01,23,album,4.05,2012,1
7,65,False,88,51798111,"alternative pop, indie pop",0Dt3FbpMQwjoT5KNAw0IXR,2012-01-01,24,album,4.05,2012,1
3,64,False,85,45764832,pop,7i1Ej2Ix9aIiLKqhNwAB2l,2012-01-01,15,album,3.75,2012,1
2,72,False,90,69014420,"pop, r&b",0T23GvNaBUGtMKxZko8LQG,2012-01-01,14,album,3.75,2012,1
5,77,False,88,51773650,"alternative pop, indie pop",5VoeRuTrGhTbKelUfwymwu,2012-01-01,23,album,3.71,2012,1
3,78,True,64,1284296,,0uRFz92JmjwDbZbB7hEBIr,2012-01-01,11,album,2.95,2012,1
4,44,False,55,97039,soundtrack,7vSvdmI0szfMcn7LyVjp0R,2012-01-01,20,compilation,4.28,2012,1
20,24,False,57,320700,"noise rock, industrial, witch house, industrial rock, industrial metal",5WWosyWLObT7BowuLqcnar,2012-01-01,25,album,4.69,2012,1
1,75,False,62,1819643,k-pop,0ZjxizLeMyFEjR27JIvD99,2012-01-01,1,single,3.65,2012,1
1,59,False,61,2444220,,0NN3zv0dQ73NkBd8tM7wFj,2012-01-01,10,album,3.3,2012,1
2,54,False,88,51773650,"alternative pop, indie pop",5VoeRuTrGhTbKelUfwymwu,2012-01-01,23,album,4.14,2012,1
10,83,False,91,85008100,"pop, contemporary r&b",5cxMa6oLINJzmZ8lF7wWQN,2012-01-01,13,album,3.79,2012,1
8,54,False,88,51773650,"alternative pop, indie pop",5VoeRuTrGhTbKelUfwymwu,2012-01-01,23,album,3.96,2012,1
3,66,True,88,51773650,"alternative pop, indie pop",5VoeRuTrGhTbKelUfwymwu,2012-01-01,23,album,3.49,2012,1
5,52,False,88,51773650,"alternative pop, indie pop",5VoeRuTrGhTbKelUfwymwu,2012-01-01,23,album,2.64,2012,1
4,54,False,88,51821190,"alternative pop, indie pop",5VoeRuTrGhTbKelUfwymwu,2012-01-01,23,album,3.89,2012,1
4,48,False,88,51821190,"alternative pop, indie pop",0Dt3FbpMQwjoT5KNAw0IXR,2012-01-01,24,album,3.89,2012,1
1,77,False,88,51773650,"alternative pop, indie pop",5VoeRuTrGhTbKelUfwymwu,2012-01-01,23,album,4.75,2012,1
2,1,False,91,85008100,"pop, contemporary r&b",6eknhm96vRigjwfcl49xKb,2012-01-01,13,album,2.85,2012,1
9,60,False,88,51798111,"alternative pop, indie pop",0Dt3FbpMQwjoT5KNAw0IXR,2012-01-01,24,album,3.85,2012,1
3,81,False,70,5139846,,6SSSF9Y6MiPdQoxqBptrR2,2012-01-01,17,album,3.22,2012,1
3,72,False,70,5140332,,29blfJv8AddJrjuG3DpE13,2012-01-01,15,album,3.22,2012,1
9,61,False,88,51773650,"alternative pop, indie pop",5VoeRuTrGhTbKelUfwymwu,2012-01-01,23,album,4.14,2012,1
9,41,False,88,51773650,"alternative pop, indie pop",4F5dVhgk569Du5cLfal3t5,2012-01-01,15,album,4.14,2012,1
3,69,False,80,10217787,,4HPdvrPf9RGfJ2hNYrODpC,2012-01-01,17,album,4.19,2012,1
6,81,False,69,3615053,folk pop,4p9dVvZDaZliSjTCbFRhJy,2012-01-01,12,album,4.44,2012,1
14,58,False,88,51773650,"alternative pop, indie pop",5VoeRuTrGhTbKelUfwymwu,2012-01-01,23,album,3.66,2012,1
6,63,False,85,45771951,pop,7i1Ej2Ix9aIiLKqhNwAB2l,2012-01-01,15,album,3.83,2012,1
15,53,False,88,51821190,"alternative pop, indie pop",5VoeRuTrGhTbKelUfwymwu,2012-01-01,23,album,3.75,2012,1
1,69,True,89,31052119,rap,0hmFRR0pDSZIAvoJqEFSKv,2012-01-01,1,single,5.48,2012,1
20,31,False,55,97014,soundtrack,3ywdCjvMj2iL372ajvu3Xx,2012-01-01,23,compilation,1.53,2012,1
10,62,False,88,51773650,"alternative pop, indie pop",5VoeRuTrGhTbKelUfwymwu,2012-01-01,23,album,3.85,2012,1
10,43,False,88,51773650,"alternative pop, indie pop",4F5dVhgk569Du5cLfal3t5,2012-01-01,15,album,3.83,2012,1
6,67,False,88,51773650,"alternative pop, indie pop",5VoeRuTrGhTbKelUfwymwu,2012-01-01,23,album,3.84,2012,1
16,50,False,47,8182,musicals,7vSvdmI0szfMcn7LyVjp0R,2012-01-01,20,compilation,2.6,2012,1
2,61,False,88,51847587,"alternative pop, indie pop",5VoeRuTrGhTbKelUfwymwu,2012-01-01,23,album,4.99,2012,1
2,55,False,88,51773650,"alternative pop, indie pop",0Dt3FbpMQwjoT5KNAw0IXR,2012-01-01,24,album,4.99,2012,1
1,74,False,85,45764832,pop,2pjfMmH52fryXVQuWTWOgP,2012-01-01,15,album,3.65,2012,1
2,79,False,85,45764832,pop,6ijGiBcBfUwkoyHn5VUHU2,2012-01-01,33,album,3.65,2012,1
6,59,True,88,51773650,"alternative pop, indie pop",5VoeRuTrGhTbKelUfwymwu,2012-01-01,23,album,3.96,2012,1
6,54,True,88,51798111,"alternative pop, indie pop",0Dt3FbpMQwjoT5KNAw0IXR,2012-01-01,24,album,3.96,2012,1
2,70,False,60,1139108,folk pop,0zIb6xazDd72sVT8OtPX3E,2012-01-01,12,album,3.5,2012,1
1,51,True,59,1552159,,3kmNYIfWTasgAPLrAY3YBM,2012-01-01,1,single,3.79,2012,1
1,0,True,85,45771951,pop,3MLzYyjkFBMPTgsso73O36,2012-01-01,1,single,3.85,2012,1
11,63,True,84,34295707,,6fABwONLawdFjkDpLx41j8,2012-01-01,21,album,3.42,2012,1
11,2,True,78,7315854,,3KHamR7LZmFT0xqPA1Hyob,2012-01-01,21,album,3.38,2012,1
8,72,True,88,51847587,"alternative pop, indie pop",5VoeRuTrGhTbKelUfwymwu,2012-01-01,23,album,3.57,2012,1
8,65,True,0,0,,0Dt3FbpMQwjoT5KNAw0IXR,2012-01-01,24,album,3.57,2012,1
1,68,False,59,1320576,,114sumrk5wTeMWHVin86QC,2012-01-01,12,album,3.34,2012,1
1,68,True,88,51773650,"alternative pop, indie pop",5VoeRuTrGhTbKelUfwymwu,2012-01-01,23,album,4.81,2012,1
10,57,True,84,34293318,,6fABwONLawdFjkDpLx41j8,2012-01-01,21,album,3.51,2012,1
10,78,True,84,34293318,,22F5ZYY1sxoJjk6HzZfmC1,2012-01-01,27,album,3.51,2012,1
9,74,False,90,68997177,"pop, r&b",0T23GvNaBUGtMKxZko8LQG,2012-01-01,14,album,4.01,2012,1
11,83,False,88,51798111,"alternative pop, indie pop",5VoeRuTrGhTbKelUfwymwu,2012-01-01,23,album,4.42,2012,1
24,45,False,57,321245,"noise rock, industrial, witch house, industrial rock, industrial metal",5WWosyWLObT7BowuLqcnar,2012-01-01,25,album,4.29,2012,1
18,61,False,57,327242,soundtrack,3wvpIkfl4oOgZLMaQBWadf,2012-01-01,18,album,2.05,2012,1
12,58,False,88,51847587,"alternative pop, indie pop",5VoeRuTrGhTbKelUfwymwu,2012-01-01,23,album,3.97,2012,1
4,78,False,88,51773650,"alternative pop, indie pop",5VoeRuTrGhTbKelUfwymwu,2012-01-01,23,album,4.69,2012,1
4,73,False,88,51773650,"alternative pop, indie pop",0Dt3FbpMQwjoT5KNAw0IXR,2012-01-01,24,album,4.69,2012,1
9,47,False,69,3290296,"witch house, electroclash, new rave, alternative dance",2KYBzzK8L9yvBe0k5GeoD8,2012-01-01,12,album,4.36,2012,1
19,32,False,55,97044,soundtrack,7vSvdmI0szfMcn7LyVjp0R,2012-01-01,20,compilation,5.5,2012,1
13,59,False,88,51821190,"alternative pop, indie pop",5VoeRuTrGhTbKelUfwymwu,2012-01-01,23,album,3.82,2012,1
7,52,False,88,51773650,"alternative pop, indie pop",5VoeRuTrGhTbKelUfwymwu,2012-01-01,23,album,5.35,2012,1
7,57,False,74,7528373,"dubstep, edm, electro, electronic",5XJ2NeBxZP3HFM8VoBQEUe,2011-12-27,8,single,6.23,2011,12
1,68,False,68,4138562,"blues rock, garage rock, modern blues, rock",5DLhV9yOvZ7IxVmljMXtNm,2011-12-06,11,album,3.22,2011,12
2,29,False,85,39788275,latin pop,0qE6Dd97eQiywwpbrhb5fX,2011-12-05,19,album,2.81,2011,12
2,54,False,46,149366,"synthwave, vaporwave",2uZgEjcV233xNRmvqvQyup,2011-11-27,4,single,4.82,2011,11
3,56,False,46,149331,"synthwave, vaporwave",2uZgEjcV233xNRmvqvQyup,2011-11-27,4,single,4.82,2011,11
2,67,False,51,558316,,0UkgnXc0w7qiRE2X086BdN,2011-11-25,11,album,3.34,2011,11
1,45,False,58,1408571,,5ulBhwiazCORb2YO8s2dXr,2011-11-21,4,single,4.31,2011,11
4,72,True,90,68997177,"pop, r&b",1Kw1bVd07oRqcjrcjQKC8T,2011-11-19,11,album,3.49,2011,11
3,79,False,90,69030894,"pop, r&b",1Kw1bVd07oRqcjrcjQKC8T,2011-11-19,11,album,3.58,2011,11
2,78,False,90,69030894,"pop, r&b",1Kw1bVd07oRqcjrcjQKC8T,2011-11-19,11,album,4.04,2011,11
1,76,True,90,69030894,"pop, r&b",1Kw1bVd07oRqcjrcjQKC8T,2011-11-19,11,album,3.33,2011,11
2,83,False,90,68997177,"pop, r&b",2g1EakEaW7fPTZC6vBmBCn,2011-11-18,11,album,4.04,2011,11
6,36,False,47,61813,,3bBCofH4VxHokZ6fRCgbGx,2011-11-18,21,album,4.2,2011,11
7,42,False,37,9476,soundtrack,3bBCofH4VxHokZ6fRCgbGx,2011-11-18,21,album,1.87,2011,11
3,83,False,90,68997177,"pop, r&b",2g1EakEaW7fPTZC6vBmBCn,2011-11-18,11,album,3.58,2011,11
4,32,False,35,20991,,3bBCofH4VxHokZ6fRCgbGx,2011-11-18,21,album,3.28,2011,11
13,41,False,65,189122,"medieval, soundtrack",3bBCofH4VxHokZ6fRCgbGx,2011-11-18,21,album,1.87,2011,11
1,76,False,60,432466,europop,5K3ZT6CPpaPXanq1lKyRuL,2011-11-16,13,album,3.25,2011,11
8,8,True,78,14561716,,2nkHPk6e7TgemWh07yFHxh,2011-11-15,13,album,5.28,2011,11
5,76,True,95,103067383,rap,6X1x82kppWZmDzlXXK3y3q,2011-11-15,19,album,4.62,2011,11
19,73,True,95,103039388,rap,6X1x82kppWZmDzlXXK3y3q,2011-11-15,19,album,3.02,2011,11
3,85,True,95,103094105,rap,6X1x82kppWZmDzlXXK3y3q,2011-11-15,19,album,3.93,2011,11
6,1,True,78,14561716,,32KdoFFhgjCLdU0DWL71tx,2011-11-15,13,album,4.49,2011,11
17,78,True,95,103067383,rap,6X1x82kppWZmDzlXXK3y3q,2011-11-15,19,album,3.96,2011,11
4,50,False,67,1671796,,30AG0X0C5Gl5zrm5TsAqlH,2011-11-15,13,album,3.51,2011,11
4,82,False,67,1672769,,2mumCpGmuE9iDeOvMx6XrB,2011-11-11,11,album,3.51,2011,11
1,0,False,44,29307,"blues rock, modern blues",60IwyXp7T0zwmRsK2JoE01,2011-11-11,10,album,3.68,2011,11
7,63,True,67,1672769,,2mumCpGmuE9iDeOvMx6XrB,2011-11-11,11,album,3.7,2011,11
4,64,False,73,8602427,"hard rock, glam metal, rock",4vQ96yyyYbaeTQujH3iTtd,2011-11-07,13,album,4.25,2011,11
3,70,False,68,3737235,,1WGjSVIw0TVfbp5KrOFiP0,2011-11-04,11,album,4.27,2011,11
2,57,False,68,3737128,,2dpWqqBl9Faf0Bfo8q4F5u,2011-11-04,12,album,3.35,2011,11
6,66,False,71,4307803,soft pop,2lkbTVYUYHXoXt17WXIAVc,2011-11-04,18,compilation,4.75,2011,11
3,74,False,90,75513910,,1iGIqDBXm5HpTqHCvdc4QP,2011-11-04,19,compilation,4.29,2011,11
1,74,False,79,23434999,edm,1OEGfToF7QbjUgyxMAnGXg,2011-10-28,4,single,3.33,2011,10
1,45,False,72,10960422,christmas,1MNvMtEmMMdBXZBDcFNcWj,2011-10-24,17,album,3.87,2011,10
3,84,False,88,60804949,,2R7iJz5uaHjLEVnMkloO18,2011-10-24,14,album,4.64,2011,10
2,74,False,72,10961941,christmas,0VmE95pr5TSpZWucfyhO5e,2011-10-24,17,album,3.69,2011,10
5,56,False,88,60830643,,2R7iJz5uaHjLEVnMkloO18,2011-10-24,14,album,3.99,2011,10
4,70,False,88,60830643,,2R7iJz5uaHjLEVnMkloO18,2011-10-24,14,album,4.75,2011,10
7,70,False,88,60804949,,2R7iJz5uaHjLEVnMkloO18,2011-10-24,14,album,4.01,2011,10
5,47,False,87,27139342,edm,4m9qpy3ZPfQd8OUOqDDCnS,2011-10-21,5,single,3.47,2011,10
1,83,False,71,4308713,soft pop,15yvc643iYfQtb6zh9NEJo,2011-10-18,1,single,4.75,2011,10
10,26,False,57,679831,"progressive rock, new age",7acG1oGopEiWktj4wPYk4z,2011-10-18,20,album,3.52,2011,10
6,46,False,58,374516,dream pop,7jD6Vz4DvhpjJ6x16oWv1y,2011-10-11,10,album,4.14,2011,10
1,74,True,80,15695279,"g-funk, west coast hip hop, gangster rap, hip hop, old school hip hop, rap",11Bkx3E99vf0IlYPND61LJ,2011-10-11,1,single,3.45,2011,10
1,84,False,90,75474551,,4A0vJtV9ok7vmr9ursSKj8,2011-09-28,1,single,4.29,2011,9
16,79,True,82,27069939,rap,0fhmJYVhW0e4i33pCLPA5i,2011-09-27,16,album,3.92,2011,9
2,63,False,58,1257429,,2zVRgW8bXd7ukXRZSWw81j,2011-09-19,10,album,3.64,2011,9
1,63,False,76,12460618,,31tCg5RXhY5jpagfCPcQa2,2011-09-16,14,album,3.43,2011,9
11,66,False,72,3832095,"aor, classic rock",2PkF7dq9jpgTbSN4y3AHdN,2011-09-13,23,album,4.76,2011,9
11,65,False,88,122802777,soft pop,02pi98kE0nra0yBqCStzbC,2011-09-09,16,album,4.68,2011,9
12,69,False,88,122789460,soft pop,02pi98kE0nra0yBqCStzbC,2011-09-09,16,album,8.77,2011,9
1,75,False,88,122802777,soft pop,0W5GGnapMz0VwemQvJDqa7,2011-09-09,12,album,4.3,2011,9
15,34,False,40,64972,soundtrack,3fKas0iq7DWAylIQxGEIQW,2011-09-06,19,compilation,1.51,2011,9
3,0,False,46,120141,synthwave,3fKas0iq7DWAylIQxGEIQW,2011-09-06,19,compilation,4.46,2011,9
8,37,False,40,64974,soundtrack,3fKas0iq7DWAylIQxGEIQW,2011-09-06,19,compilation,1.61,2011,9
7,42,False,40,64974,soundtrack,3fKas0iq7DWAylIQxGEIQW,2011-09-06,19,compilation,2.05,2011,9
2,77,False,60,1255113,indie,3oylWMc9TTC6Nx4I6U3axc,2011-09-02,12,album,3.63,2011,9
13,56,False,87,27139342,edm,08DAekBeqPRCsn3XHDwj6b,2011-08-31,13,album,4.08,2011,8
1,46,True,87,27141717,edm,08DAekBeqPRCsn3XHDwj6b,2011-08-31,13,album,3.5,2011,8
5,45,False,87,27139342,edm,08DAekBeqPRCsn3XHDwj6b,2011-08-31,13,album,3.46,2011,8
2,72,False,58,520711,,5gXDrzBIzmAhiE0dNKwy0i,2011-08-29,10,album,3.59,2011,8
1,55,False,79,8971415,,19JqA8H10co29VVwazL2Gw,2011-08-29,1,single,4.13,2011,8
10,60,True,87,27141717,edm,1fAn5gw4Q5HN8Wpx2neYd2,2011-08-24,30,album,3.24,2011,8
4,69,False,87,27141717,edm,5aprcHwM1KJhaY9Kbxkfkn,2011-08-24,23,album,3.46,2011,8
6,64,False,87,27139342,edm,5aprcHwM1KJhaY9Kbxkfkn,2011-08-24,23,album,3.35,2011,8
1,71,False,87,27139342,edm,5aprcHwM1KJhaY9Kbxkfkn,2011-08-24,23,album,4.08,2011,8
2,64,False,87,27141717,edm,5aprcHwM1KJhaY9Kbxkfkn,2011-08-24,23,album,3.32,2011,8
3,0,False,68,2256471,,6ZoZzRBB86PzA3ay5IetcS,2011-08-19,12,album,4.09,2011,8
8,0,False,41,9786,medieval,0BawDoh2xMnec8hK6XkQ2L,2011-08-18,24,album,2.06,2011,8
16,32,False,28,11135,,04wngi30Qap95fjcdn7SbC,2011-08-11,24,album,2.09,2011,8
5,36,False,41,9782,medieval,04wngi30Qap95fjcdn7SbC,2011-08-11,24,album,2.14,2011,8
1,36,False,41,9782,medieval,04wngi30Qap95fjcdn7SbC,2011-08-11,24,album,2.62,2011,8
13,44,False,41,9779,medieval,04wngi30Qap95fjcdn7SbC,2011-08-11,24,album,1.99,2011,8
3,48,False,41,9779,medieval,04wngi30Qap95fjcdn7SbC,2011-08-11,24,album,2.01,2011,8
10,44,False,41,9786,medieval,04wngi30Qap95fjcdn7SbC,2011-08-11,24,album,2.26,2011,8
12,1,True,82,10380063,"hip hop, east coast hip hop, rap",2P2Xwvh2xWXIZ1OWY9S9o5,2011-08-08,16,album,3.35,2011,8
3,81,True,82,10376731,"hip hop, east coast hip hop, rap",0OcMap99vLEeGkBCfCwRwS,2011-08-08,12,album,3.65,2011,8
3,14,True,82,10376731,"hip hop, east coast hip hop, rap",2P2Xwvh2xWXIZ1OWY9S9o5,2011-08-08,16,album,3.65,2011,8
1,75,True,82,10371098,"hip hop, east coast hip hop, rap",0OcMap99vLEeGkBCfCwRwS,2011-08-08,12,album,4.54,2011,8
10,78,False,71,1339928,art pop,5LMfBxAyFy41CavxGAykHR,2011-08-08,10,album,4.87,2011,8
12,40,False,54,117882,soundtrack,2r4a3PREYIRF2QdbcPnrEO,2011-08-05,22,album,2.75,2011,8
3,36,False,54,117914,soundtrack,2r4a3PREYIRF2QdbcPnrEO,2011-08-05,22,album,2.94,2011,8
3,61,False,69,7506632,country,1WXCjIDp84rJN6Sa1Um9kJ,2011-07-12,13,album,3.82,2011,7
3,62,False,65,2918228,"country, acoustic country",4yYep1aU3lXRaONTWu2X23,2011-07-12,10,album,3.66,2011,7
9,0,False,62,344387,soundtrack,17DN6CeS678qOfZKlRPJoP,2011-07-04,25,compilation,2.37,2011,7
1,0,False,62,344334,soundtrack,17DN6CeS678qOfZKlRPJoP,2011-07-04,25,compilation,2.48,2011,7
4,59,False,51,502300,,074KCx8WkMnCKCpfaRiRlt,2011-06-30,11,album,4.27,2011,6
2,63,False,53,1214595,country,5hVo5O3pGkc1VibXveW8gx,2011-06-30,17,album,3.81,2011,6
10,5,False,60,2060831,,6dMfMvS3hyk3ZCl4yljEDD,2011-06-30,32,album,4.31,2011,6
1,51,False,74,7646449,"metal, nu metal, alternative metal, rap metal, hard rock",0BBC9CJOAvXVmUs7txm8cY,2011-06-30,16,album,4.25,2011,6
11,65,False,67,1948341,,2eEnzl61veDi3zQylslIap,2011-06-30,11,album,4.66,2011,6
4,57,False,47,198507,,2HtT4gawEGgOvAPUO7tiU2,2011-06-30,12,album,3.42,2011,6
12,67,False,84,41172203,,1gIC63gC3B7o7FfpPACZQJ,2011-06-24,14,album,4.22,2011,6
11,70,False,84,41172203,,1gIC63gC3B7o7FfpPACZQJ,2011-06-24,14,album,3.93,2011,6
15,40,False,84,11933906,,4rG0MhkU6UojACJxkMHIXB,2011-06-17,16,album,2.93,2011,6
5,42,False,84,11936949,,4rG0MhkU6UojACJxkMHIXB,2011-06-17,16,album,3.0,2011,6
3,76,False,84,11933906,,4rG0MhkU6UojACJxkMHIXB,2011-06-17,16,album,3.85,2011,6
7,62,False,84,11939612,,4rG0MhkU6UojACJxkMHIXB,2011-06-17,16,album,3.58,2011,6
14,50,False,84,11933906,,4rG0MhkU6UojACJxkMHIXB,2011-06-17,16,album,4.2,2011,6
12,33,False,84,11939612,,4rG0MhkU6UojACJxkMHIXB,2011-06-17,16,album,3.06,2011,6
4,79,False,84,11939612,,4rG0MhkU6UojACJxkMHIXB,2011-06-17,16,album,3.9,2011,6
8,81,False,84,11939612,,4rG0MhkU6UojACJxkMHIXB,2011-06-17,16,album,3.78,2011,6
13,47,False,84,11936949,,4rG0MhkU6UojACJxkMHIXB,2011-06-17,16,album,3.12,2011,6
1,44,True,84,11939612,,4rG0MhkU6UojACJxkMHIXB,2011-06-17,16,album,1.4,2011,6
16,29,True,84,11933906,,4rG0MhkU6UojACJxkMHIXB,2011-06-17,16,album,3.67,2011,6
6,39,False,84,11939612,,4rG0MhkU6UojACJxkMHIXB,2011-06-17,16,album,3.83,2011,6
2,87,False,84,11939612,,4rG0MhkU6UojACJxkMHIXB,2011-06-17,16,album,4.2,2011,6
9,35,True,84,11933906,,4rG0MhkU6UojACJxkMHIXB,2011-06-17,16,album,3.8,2011,6
10,36,True,84,11933906,,4rG0MhkU6UojACJxkMHIXB,2011-06-17,16,album,4.48,2011,6
11,37,True,84,11933906,,4rG0MhkU6UojACJxkMHIXB,2011-06-17,16,album,3.84,2011,6
1,37,False,63,699402,,6G3gBUvVjaWTJXjYBln3K0,2011-06-13,4,single,3.05,2011,6
14,11,False,61,2246231,"big beat, alternative dance, electronic, breakbeat",6c9QsrjjmWTjOgS6OqrQDY,2011-06-10,20,album,1.77,2011,6
2,25,False,61,2246231,"big beat, alternative dance, electronic, breakbeat",6c9QsrjjmWTjOgS6OqrQDY,2011-06-10,20,album,5.26,2011,6
17,16,False,61,2246627,"big beat, alternative dance, electronic, breakbeat",6c9QsrjjmWTjOgS6OqrQDY,2011-06-10,20,album,3.35,2011,6
12,13,False,61,2246627,"big beat, alternative dance, electronic, breakbeat",6c9QsrjjmWTjOgS6OqrQDY,2011-06-10,20,album,4.97,2011,6
7,53,False,48,151680,,2RUxofdTrjaWmYVnstbP5r,2011-06-07,14,album,4.33,2011,6
5,58,False,84,32059138,"indie, garage rock",2ym2jcqckXqWeTDoxz3Kst,2011-06-06,12,album,3.05,2011,6
11,42,False,39,43554,,5z547vNPv9ce16zYQINMAD,2011-06-01,12,album,4.7,2011,6
11,31,False,53,92243,soundtrack,14jwLvbmFd60gtCScp5pcc,2011-05-30,20,album,4.44,2011,5
20,40,False,53,92242,soundtrack,14jwLvbmFd60gtCScp5pcc,2011-05-30,20,album,1.87,2011,5
1,51,False,53,92242,soundtrack,14jwLvbmFd60gtCScp5pcc,2011-05-30,20,album,3.33,2011,5
2,84,False,70,4025612,,7Kmmw7Z5D2UD5MVwdm10sT,2011-05-23,10,album,3.99,2011,5
8,77,False,88,42237551,"art pop, pop",6LY3AerY6KNGOPsNPL63Kk,2011-05-23,23,album,4.07,2011,5
3,67,False,89,42275793,"art pop, pop",6LY3AerY6KNGOPsNPL63Kk,2011-05-23,23,album,4.23,2011,5
4,81,False,88,42256604,"art pop, pop",6LY3AerY6KNGOPsNPL63Kk,2011-05-23,23,album,4.15,2011,5
32,33,False,19,387,,0afkOxN5LzmMr3slmUhi6F,2011-05-19,100,compilation,3.37,2011,5
5,74,False,71,4308239,soft pop,3XNK8vPk3O1rjhDZyOMJ6n,2011-05-10,13,album,4.1,2011,5
2,30,False,74,13710072,,3sysiYphqNRQw7VKLCg1yE,2011-04-29,17,album,4.07,2011,4
12,35,False,74,13709065,,3sysiYphqNRQw7VKLCg1yE,2011-04-29,17,album,3.59,2011,4
3,62,False,74,13709065,,3sysiYphqNRQw7VKLCg1yE,2011-04-29,17,album,3.33,2011,4
9,31,False,74,13709065,,3sysiYphqNRQw7VKLCg1yE,2011-04-29,17,album,3.34,2011,4
13,23,False,74,13710072,,3sysiYphqNRQw7VKLCg1yE,2011-04-29,17,album,3.46,2011,4
15,21,False,74,13708054,,3sysiYphqNRQw7VKLCg1yE,2011-04-29,17,album,2.94,2011,4
7,30,False,74,13710072,,3sysiYphqNRQw7VKLCg1yE,2011-04-29,17,album,3.87,2011,4
10,25,False,74,13710072,,3sysiYphqNRQw7VKLCg1yE,2011-04-29,17,album,4.06,2011,4
4,37,False,74,13710072,,3sysiYphqNRQw7VKLCg1yE,2011-04-29,17,album,4.44,2011,4
14,25,False,74,13708054,,3sysiYphqNRQw7VKLCg1yE,2011-04-29,17,album,3.97,2011,4
1,81,False,74,13708054,,3sysiYphqNRQw7VKLCg1yE,2011-04-29,17,album,4.74,2011,4
17,29,False,74,13708054,,3sysiYphqNRQw7VKLCg1yE,2011-04-29,17,album,3.85,2011,4
16,44,False,74,13708054,,3sysiYphqNRQw7VKLCg1yE,2011-04-29,17,album,4.86,2011,4
8,28,False,74,13710072,,3sysiYphqNRQw7VKLCg1yE,2011-04-29,17,album,3.9,2011,4
6,62,False,74,13708054,,3sysiYphqNRQw7VKLCg1yE,2011-04-29,17,album,3.72,2011,4
5,28,False,74,13711146,,3sysiYphqNRQw7VKLCg1yE,2011-04-29,17,album,3.92,2011,4
11,26,False,74,13710072,,3sysiYphqNRQw7VKLCg1yE,2011-04-29,17,album,4.03,2011,4
6,63,False,70,1615872,,6tWuVzqiVt0EpyVoHbLz2j,2011-04-26,27,album,1.74,2011,4
4,30,False,0,0,,1Cog6aZ6NwnJiuINc0LQEU,2011-04-18,5,single,4.26,2011,4
1,43,False,51,159177,"surf rock, exotica",7cg1QwdVEU1iHS4RIkiA4m,2011-04-04,20,compilation,2.16,2011,4
4,0,False,45,226303,southern gothic,0wEUibNMYKz5fbadNEDzUm,2011-04-04,10,album,5.99,2011,4
3,77,True,81,12075691,rap,6ZOXiVL8rmk2ATHJiFJhiD,2011-03-29,14,album,3.62,2011,3
1,65,False,81,17766757,pop,0oFBaXLFsUVa2gEmJf4FcJ,2011-03-28,16,album,3.96,2011,3
4,71,False,81,17755451,pop,0oFBaXLFsUVa2gEmJf4FcJ,2011-03-28,16,album,3.5,2011,3
1,73,True,87,28316378,r&b,6df0qvkMXoyHGt9J8cujZb,2011-03-22,18,album,4.6,2011,3
7,0,True,87,28316378,r&b,4bnq4LgObdAxU8mR9wvoi7,2011-03-22,13,album,4.02,2011,3
7,68,True,87,28305692,r&b,6df0qvkMXoyHGt9J8cujZb,2011-03-22,18,album,4.02,2011,3
4,72,True,87,28338976,r&b,6df0qvkMXoyHGt9J8cujZb,2011-03-22,18,album,3.7,2011,3
3,79,True,93,112918137,"r&b pop, alternative r&b, hip hop, synthpop",7zCODUHkfuRxsUjtuzNqbd,2011-03-21,9,album,6.78,2011,3
4,76,True,93,112957721,"r&b pop, alternative r&b, hip hop, synthpop",7zCODUHkfuRxsUjtuzNqbd,2011-03-21,9,album,5.23,2011,3
6,77,True,93,112918137,"r&b pop, alternative r&b, hip hop, synthpop",7zCODUHkfuRxsUjtuzNqbd,2011-03-21,9,album,7.66,2011,3
10,74,False,60,2060915,,1fag8cnc5p4Umu4tRMAsLv,2011-03-15,14,album,4.31,2011,3
9,40,False,76,12004691,,1COPJyU2PpM2Itcob3vhFF,2011-03-08,21,album,4.31,2011,3
10,41,False,76,12004691,,1COPJyU2PpM2Itcob3vhFF,2011-03-08,21,album,3.47,2011,3
2,75,False,76,12004691,,1COPJyU2PpM2Itcob3vhFF,2011-03-08,21,album,3.67,2011,3
11,39,False,76,12004691,,1COPJyU2PpM2Itcob3vhFF,2011-03-08,21,album,3.84,2011,3
1,47,False,48,410069,french indie pop,7CDvibYA9VE63MYupv4lMi,2011-03-07,13,album,3.7,2011,3
6,71,True,66,1984424,,1j0apvEvaWbTmlZpKsfr2D,2011-03-04,12,album,3.99,2011,3
2,0,False,76,12004691,,3SUtKkjatUCubbgOC8OP4o,2011-03-04,14,album,3.67,2011,3
19,36,False,18,437,,426K86O7YGUVVyfkHzjuCo,2011-03-01,20,compilation,2.79,2011,3
10,36,False,27,1248,,426K86O7YGUVVyfkHzjuCo,2011-03-01,20,compilation,0.84,2011,3
20,40,False,57,197592,roots rock,426K86O7YGUVVyfkHzjuCo,2011-03-01,20,compilation,3.49,2011,3
12,0,False,7,49,,3LuapnpLMnood0tCUtBsbz,2011-02-25,14,album,3.88,2011,2
2,73,False,65,443204,christmas,3vLFWR3fLqfY82WGvaLuyV,2011-02-22,18,compilation,2.68,2011,2
1,73,False,74,13709065,,543NK5YT3RjGmP7nFzWJPm,2011-02-18,1,single,3.84,2011,2
3,0,False,41,18176,,7BlmsWarEnuuSsF8jdjHs7,2011-02-11,18,album,2.97,2011,2
1,49,False,57,56368,,5iIo9PaIwnmuhKWVaoU2WY,2011-01-25,17,album,1.63,2011,1
4,72,False,83,66720643,soft pop,5duyQokC4FMcWPYTV9Gpf9,2011-01-24,11,album,4.05,2011,1
4,24,False,38,97548,,08YrnMXwpyjBOOvIu8kvBY,2011-01-24,10,album,7.86,2011,1
10,65,False,83,66720643,soft pop,5duyQokC4FMcWPYTV9Gpf9,2011-01-24,11,album,5.27,2011,1
9,62,False,83,66705650,soft pop,5duyQokC4FMcWPYTV9Gpf9,2011-01-24,11,album,5.8,2011,1
6,57,False,83,66720643,soft pop,5duyQokC4FMcWPYTV9Gpf9,2011-01-24,11,album,4.63,2011,1
8,53,False,83,66705650,soft pop,5duyQokC4FMcWPYTV9Gpf9,2011-01-24,11,album,4.02,2011,1
7,54,False,83,66705650,soft pop,5duyQokC4FMcWPYTV9Gpf9,2011-01-24,11,album,3.8,2011,1
3,67,False,83,66720643,soft pop,5duyQokC4FMcWPYTV9Gpf9,2011-01-24,11,album,4.16,2011,1
1,79,False,83,66705650,soft pop,5duyQokC4FMcWPYTV9Gpf9,2011-01-24,11,album,3.8,2011,1
2,66,False,83,66720643,soft pop,5duyQokC4FMcWPYTV9Gpf9,2011-01-24,11,album,3.72,2011,1
5,82,False,83,66720643,soft pop,5duyQokC4FMcWPYTV9Gpf9,2011-01-24,11,album,4.04,2011,1
11,81,False,83,66720643,soft pop,5duyQokC4FMcWPYTV9Gpf9,2011-01-24,11,album,4.75,2011,1
1,4,False,83,66720643,soft pop,1azUkThwd2HfUDdeNeT147,2011-01-19,11,album,3.8,2011,1
5,2,False,83,66734917,soft pop,1azUkThwd2HfUDdeNeT147,2011-01-19,11,album,4.02,2011,1
11,2,False,83,66720643,soft pop,1azUkThwd2HfUDdeNeT147,2011-01-19,11,album,4.75,2011,1
16,26,False,36,64675,,4YOwE5Aubq66OwnmtPQkp1,2011-01-19,30,album,2.41,2011,1
2,62,True,74,8810761,,2oc73A20I1FTQiWGCkLeVP,2011-01-18,12,album,4.21,2011,1
1,23,False,39,132386,,1VSNOi4dAvNc5sT9R0U6ZQ,2011-01-17,10,album,2.67,2011,1
4,16,False,4,98,,7zgCMWwWjurZjOQjuGyokE,2011-01-13,29,compilation,3.2,2011,1
6,40,False,72,5161216,"country, classic country, traditional country, honky tonk",2syxP3j7sO6A5NiRPt37H3,2011-01-01,22,compilation,3.31,2011,1
7,62,False,71,5154748,"alternative metal, post-grunge, rock, hard rock",68pVw4aHEP73HmIufK0gvP,2011-01-01,15,compilation,3.33,2011,1
14,63,False,88,42256604,"art pop, pop",2KkMVsxymoNR7hRmBcMttd,2011-01-01,14,album,5.34,2011,1
5,43,False,65,718418,soundtrack,5P9JZJW0itEaDK5RfWiSuZ,2011-01-01,29,album,3.56,2011,1
18,12,False,63,430076,soundtrack,28zG92eGhA3FVyzhzj3uVh,2011-01-01,33,compilation,1.68,2011,1
3,61,False,90,68997177,"pop, r&b",16ySsalaP2FiKVDlYCWnYh,2011-01-01,11,album,3.58,2011,1
7,0,False,77,4779199,soundtrack,0mcN3TijKQM80kirrSUhLG,2011-01-01,18,album,3.1,2011,1
7,47,False,77,4777574,soundtrack,2RkWo1xomg2mBR8ydABsab,2011-01-01,18,compilation,3.07,2011,1
3,69,False,66,4430911,,1MbBSfcqLg2OjkeZ1RMSIq,2011-01-01,10,album,4.36,2011,1
1,64,False,71,12192383,,3ga4adzUpLaS2LDcoqfs2r,2011-01-01,16,album,3.71,2011,1
8,47,True,88,51773650,"alternative pop, indie pop",0W4ETIlyIonfCfAykj3K59,2011-01-01,15,album,3.57,2011,1
4,39,False,66,4430911,,1MbBSfcqLg2OjkeZ1RMSIq,2011-01-01,10,album,3.32,2011,1
4,64,False,66,4430911,,5EuNq3rYUESwy6Vcsz2PZe,2011-01-01,14,album,3.32,2011,1
6,1,True,86,17928214,"rap, hip hop",1uuSC0RCJB3dSp8Mb6GflZ,2011-01-01,18,album,5.09,2011,1
6,78,True,86,17938214,"rap, hip hop",2YL3ddwHuiBGumvzcGHyjT,2011-01-01,15,album,5.09,2011,1
3,81,False,68,2256813,,4G2rJNhsKOE6iHgtUqZ0Ye,2011-01-01,12,album,4.08,2011,1
6,0,False,47,462893,,0mcN3TijKQM80kirrSUhLG,2011-01-01,18,album,5.81,2011,1
9,78,False,71,4140524,"country, acoustic country",5dtw6CoMhbrSj01YUvdQOF,2011-01-01,11,album,4.38,2011,1
10,74,True,84,34293318,,6OfCOPtcPuhlAovGJ52uZO,2011-01-01,19,album,3.51,2011,1
7,68,True,58,1858826,,5abCMGtyHwpOr9cEbwfP1P,2011-01-01,11,album,5.06,2011,1
1,82,False,67,10381965,,49yHvRh1cOfLcEKukEP7Ox,2011-01-01,12,album,3.14,2011,1
1,0,False,67,10379778,,3acnMNG6Um5zdLJgUOAKz8,2011-01-01,20,album,3.13,2011,1
7,46,False,43,47996,synthwave,4atwagTKLpazdKchxdJEnI,2011-01-01,12,album,4.55,2011,1
1,61,False,65,718358,soundtrack,5P9JZJW0itEaDK5RfWiSuZ,2011-01-01,29,album,1.77,2011,1
3,54,False,47,357081,christian rock,034rIpQ6gBG6lASW3nnuNT,2011-01-01,11,album,3.06,2011,1
1,62,False,68,3726318,,36BtNkS3gaPXlxSxzWcnLJ,2011-01-01,1,single,3.85,2011,1
6,42,False,88,51798111,"alternative pop, indie pop",0W4ETIlyIonfCfAykj3K59,2011-01-01,15,album,3.84,2011,1
4,71,False,77,7222118,baroque pop,19J2iqK89BCrNG4El2FRi5,2011-01-01,24,album,4.51,2011,1
1,76,False,91,85022258,"pop, contemporary r&b",0wZJCeyfJ0LVrrtH4CwQYw,2011-01-01,7,album,3.79,2011,1
1,81,True,83,20280852,,3RYdEXhGHojkTILUdtnRVJ,2011-01-01,1,single,5.03,2011,1
10,37,False,77,4779199,soundtrack,2RkWo1xomg2mBR8ydABsab,2011-01-01,18,compilation,2.7,2011,1
1,2,False,74,13708054,,2EKXoS58MiZRrNXz3DKxv3,2011-01-01,1,single,3.84,2011,1
4,4,True,86,17938214,"rap, hip hop",1uuSC0RCJB3dSp8Mb6GflZ,2011-01-01,18,album,4.14,2011,1
1,60,False,63,715689,,2uHUZLZ8AJ7KjtUb3ogQt1,2011-01-01,12,compilation,3.95,2011,1
2,52,False,44,938275,,1suhybVPY2Yfm71xoDgW6X,2011-01-01,20,album,3.1,2011,1
2,0,False,77,4780589,soundtrack,0mcN3TijKQM80kirrSUhLG,2011-01-01,18,album,4.29,2011,1
9,39,False,47,462875,,2RkWo1xomg2mBR8ydABsab,2011-01-01,18,compilation,5.53,2011,1
15,42,False,77,7220459,baroque pop,19J2iqK89BCrNG4El2FRi5,2011-01-01,24,album,3.04,2011,1
3,40,True,88,51821190,"alternative pop, indie pop",0W4ETIlyIonfCfAykj3K59,2011-01-01,15,album,3.49,2011,1
1,46,False,81,9553224,,5qf9TEgsN87fxwEKsJP2vu,2011-01-01,20,compilation,4.19,2011,1
2,68,False,88,42237551,"art pop, pop",5maeycU97NHBgwRr2h2A4O,2011-01-01,22,album,4.33,2011,1
9,54,False,50,52929,,6Vsml6sziVKBHxbMEp5wgQ,2011-01-01,10,album,3.45,2011,1
25,46,False,57,327300,soundtrack,0La1Tskamjd6akysepE8r5,2011-01-01,26,compilation,1.1,2011,1
1,75,False,74,9406293,"country, acoustic country",5IyIjKnGkQbYGVpWenblSe,2011-01-01,13,album,3.75,2011,1
13,60,True,74,11542638,,2fRLnox9PQ9nos2YYdcYwE,2011-01-01,13,album,3.67,2011,1
7,31,False,88,51798111,"alternative pop, indie pop",0W4ETIlyIonfCfAykj3K59,2011-01-01,15,album,4.05,2011,1
4,63,False,50,52929,,6Vsml6sziVKBHxbMEp5wgQ,2011-01-01,10,album,3.3,2011,1
5,53,False,88,51773650,"alternative pop, indie pop",7dOavETswy5TKZBQGDqqu4,2011-01-01,13,album,3.71,2011,1
14,67,False,71,12192383,,3ga4adzUpLaS2LDcoqfs2r,2011-01-01,16,album,3.86,2011,1
2,73,False,71,4140524,"country, acoustic country",5dtw6CoMhbrSj01YUvdQOF,2011-01-01,11,album,3.18,2011,1
3,68,False,74,9407321,"country, acoustic country",5IyIjKnGkQbYGVpWenblSe,2011-01-01,13,album,3.55,2011,1
11,0,False,77,4780589,soundtrack,0mcN3TijKQM80kirrSUhLG,2011-01-01,18,album,1.99,2011,1
1,64,False,65,615439,"europop, eurodance",2jYO6IuvdX7qTbUIQCX3Bs,2011-01-01,26,album,3.31,2011,1
9,45,False,72,5158411,"country, classic country, traditional country, honky tonk",2syxP3j7sO6A5NiRPt37H3,2011-01-01,22,compilation,3.48,2011,1
10,72,False,78,27289223,,1ypH0eU9RcE6wngSGSqmeY,2011-01-01,15,album,3.42,2011,1
1,76,False,61,2444259,,2hnaJ8ktG2FSP1EthsCo6N,2011-01-01,15,album,3.29,2011,1
1,1,False,61,2444287,,2ZmXUoLcHfK4Y7WctcYk60,2011-01-01,1,single,3.3,2011,1
2,61,False,90,69014420,"pop, r&b",16ySsalaP2FiKVDlYCWnYh,2011-01-01,11,album,4.04,2011,1
3,57,False,65,718254,soundtrack,5P9JZJW0itEaDK5RfWiSuZ,2011-01-01,29,album,3.12,2011,1
1,0,False,77,4777574,soundtrack,0mcN3TijKQM80kirrSUhLG,2011-01-01,18,album,1.7,2011,1
12,0,False,86,17933500,"rap, hip hop",1uuSC0RCJB3dSp8Mb6GflZ,2011-01-01,18,album,4.0,2011,1
1,72,True,73,12343335,,7FyxsUO4kVqRfo2ne1aUOg,2011-01-01,12,album,4.93,2011,1
2,0,False,66,3720791,"country, pop country",77qMEqlvpP3A9birVl9bjn,2011-01-01,12,album,3.64,2011,1
2,67,False,74,9406293,"country, acoustic country",5IyIjKnGkQbYGVpWenblSe,2011-01-01,13,album,3.38,2011,1
3,50,False,74,7528620,"dubstep, edm, electro, electronic",6HbNEBza64W10MQxUFq6QL,2010-12-21,11,album,4.96,2010,12
10,34,False,74,7528679,"dubstep, edm, electro, electronic",6HbNEBza64W10MQxUFq6QL,2010-12-21,11,album,4.75,2010,12
1,51,True,74,7528373,"dubstep, edm, electro, electronic",6HbNEBza64W10MQxUFq6QL,2010-12-21,11,album,4.73,2010,12
2,57,False,74,7528373,"dubstep, edm, electro, electronic",6HbNEBza64W10MQxUFq6QL,2010-12-21,11,album,4.06,2010,12
6,39,False,74,7528620,"dubstep, edm, electro, electronic",6HbNEBza64W10MQxUFq6QL,2010-12-21,11,album,6.48,2010,12
4,40,False,74,7528679,"dubstep, edm, electro, electronic",6HbNEBza64W10MQxUFq6QL,2010-12-21,11,album,5.67,2010,12
1,2,False,62,497497,"reggae, roots reggae",0zLd8jpRt4m6FWCu81Fb9n,2010-12-14,13,album,3.82,2010,12
2,81,False,70,4516207,soft pop,1CwXS6MAz8Wo7K4TzW9iuR,2010-12-01,19,album,3.61,2010,12
3,62,False,66,4431588,,6g2Ig47IgyqyatDpj7UpHo,2010-12-01,16,album,4.36,2010,12
1,84,False,78,6132588,r&b,493HYe7N5pleudEZRyhE7R,2010-11-26,13,album,3.25,2010,11
7,80,False,79,8973505,,1TwNATuAqnNjTd5BSvFZlS,2010-11-24,8,album,3.9,2010,11
8,78,True,89,31052119,rap,20r762YmB5HeofjMCiPMLv,2010-11-22,13,album,5.86,2010,11
9,50,True,82,10376731,"hip hop, east coast hip hop, rap",0z3nweFUGrzH2UZ0pohPAn,2010-11-22,19,compilation,4.61,2010,11
3,78,True,89,31059657,rap,20r762YmB5HeofjMCiPMLv,2010-11-22,13,album,4.86,2010,11
2,44,True,82,10371098,"hip hop, east coast hip hop, rap",0z3nweFUGrzH2UZ0pohPAn,2010-11-22,19,compilation,4.46,2010,11
9,82,True,89,31038851,rap,20r762YmB5HeofjMCiPMLv,2010-11-22,13,album,9.12,2010,11
1,53,True,87,27139342,edm,6VxkEWtAKwOLXzM26xK6oB,2010-11-22,8,album,3.26,2010,11
1,57,False,87,27143729,edm,5bRrEsH3Mjl8O0lpUgdIHI,2010-11-22,8,album,3.23,2010,11
4,62,False,87,27141717,edm,5DJc5qCdB5pPrDO97LXjeW,2010-11-22,28,album,3.51,2010,11
5,79,True,89,31052119,rap,20r762YmB5HeofjMCiPMLv,2010-11-22,13,album,4.99,2010,11
14,78,True,84,34297934,,7aADdYLiK1z7GlMFr0UIZw,2010-11-22,21,album,3.33,2010,11
2,0,False,78,9158736,,4HD4hyCi2n5gc5yyRVnirU,2010-11-19,23,compilation,3.32,2010,11
2,75,False,78,9154839,,0pGumY11G8OGH05ti6jh23,2010-11-19,12,album,3.41,2010,11
4,76,False,78,9156883,,0pGumY11G8OGH05ti6jh23,2010-11-19,12,album,3.66,2010,11
2,45,False,55,131979,soundtrack,1qvTY6mcUNAzP9BCABiMIe,2010-11-16,20,album,5.54,2010,11
17,0,False,34,8512,soundtrack,1wNRiDESMvDAKJN1302arj,2010-11-16,30,album,3.23,2010,11
1,72,True,90,69030894,"pop, r&b",7vN82vd1Vq44fjlhjfvHJp,2010-11-16,12,album,4.05,2010,11
3,64,False,47,28254,,0jtVQYmLnOjF6YsanisKct,2010-11-16,5,single,3.78,2010,11
2,67,True,90,69050055,"pop, r&b",7vN82vd1Vq44fjlhjfvHJp,2010-11-16,12,album,4.38,2010,11
2,49,True,90,68997177,"pop, r&b",35dJsQDEr549O5DTFUy3uM,2010-11-15,11,album,4.38,2010,11
5,56,False,90,68997177,"pop, r&b",35dJsQDEr549O5DTFUy3uM,2010-11-15,11,album,3.92,2010,11
1,55,True,90,69014420,"pop, r&b",35dJsQDEr549O5DTFUy3uM,2010-11-15,11,album,4.05,2010,11
8,38,False,77,4725236,,0Uo3Vv7z4jnFoOkQgrM0k5,2010-11-12,26,compilation,4.03,2010,11
11,0,True,78,18203604,,2tUn9E3nHXhUIJ47yv6ePD,2010-11-12,18,compilation,3.57,2010,11
20,62,True,78,18205037,,2dpS2uYlkzDsPjl3IZbNjD,2010-11-12,21,compilation,3.55,2010,11
8,0,False,78,18205037,,2tUn9E3nHXhUIJ47yv6ePD,2010-11-12,18,compilation,3.46,2010,11
4,78,False,74,3745509,,3mz9p3cA0Cl5oDUlpTxB0c,2010-11-12,12,album,3.96,2010,11
16,36,False,69,7506632,country,7qyfoJ9YCVfBnePdxBFbhx,2010-11-09,18,compilation,3.51,2010,11
3,59,False,69,721160,,0kA2VAfzhFIIv0jEHdFKEN,2010-11-09,14,album,3.71,2010,11
17,63,True,69,721855,,5uR0dqBMYWZFYJT7mvPZ82,2010-11-09,17,album,3.72,2010,11
12,18,False,36,37357,,7pEAcvX2Au7J8uOBcyOIGq,2010-11-05,18,album,6.61,2010,11
2,74,False,75,7054208,"country, acoustic country",4DDsvEKPW32jeMEAqmOdjv,2010-11-02,15,album,3.82,2010,11
7,0,False,74,7052478,"country, acoustic country",6gYk1JlSSmlUZGs1Lef1BI,2010-11-02,15,album,4.27,2010,11
10,44,False,100,145396321,"country, pop, indie, folk",6fyR4wBPwLHKcRtxgd4sGh,2010-10-25,16,album,5.25,2010,10
10,58,False,100,145443567,"country, pop, indie, folk",6Ar2o9KCqcyYF9J0aQP3au,2010-10-25,14,album,3.61,2010,10
12,45,False,100,145489371,"country, pop, indie, folk",5EpMjweRD573ASl7uNiHym,2010-10-25,20,album,4.03,2010,10
11,39,False,100,145489371,"country, pop, indie, folk",5EpMjweRD573ASl7uNiHym,2010-10-25,20,album,5.03,2010,10
1,56,False,100,145396321,"country, pop, indie, folk",5MfAxS5zz8MlfROjGQVXhy,2010-10-25,14,album,3.84,2010,10
1,7,True,78,18206492,,6Ozsat2gzIj9uXd6JMwYXz,2010-10-06,1,single,3.38,2010,10
1,75,True,78,18205037,,3uQMzfrf4kUNGsCtmTtjPh,2010-10-05,2,single,3.38,2010,10
5,81,True,69,2857175,,6MQtWELG7aRX7CkAzQ6nLM,2010-10-01,17,album,4.39,2010,10
10,71,False,69,4887584,country,0EJVUQGqNRxYBBCS0OLqY7,2010-09-28,11,album,4.05,2010,9
1,33,False,21,52027,,67jSVxuCF5y7rPizT4mLP7,2010-09-27,9,album,4.98,2010,9
1,68,False,57,158739,,1eA3cq4WvDR4yVKChvZewP,2010-09-17,11,album,2.92,2010,9
5,3,True,69,7744534,r&b,5Qex4ioxOJfHrnsWbt8Zlj,2010-09-13,17,album,4.03,2010,9
1,6,False,70,919612,,7KPvATOyLVFbV6UR6DujF8,2010-09-10,1,single,2.68,2010,9
6,27,False,60,871643,swedish pop,77jvaKjAJW0O7c3QLSq1ne,2010-09-06,8,album,3.67,2010,9
7,53,False,74,7649250,"metal, nu metal, alternative metal, rap metal, hard rock",23Kf2cl3kz7pFNKhl4iMp9,2010-08-27,15,album,4.23,2010,8
5,24,False,40,24209,,2gpVLMCDgubB70367BnWUR,2010-08-26,18,album,2.33,2010,8
6,36,True,83,38385499,pop,06SY6Ke6mXzZHhURLVU57R,2010-08-24,17,album,4.54,2010,8
8,54,False,83,38400585,pop,06SY6Ke6mXzZHhURLVU57R,2010-08-24,17,album,3.43,2010,8
4,69,False,83,38409786,pop,06SY6Ke6mXzZHhURLVU57R,2010-08-24,17,album,3.79,2010,8
1,68,False,83,38385499,pop,06SY6Ke6mXzZHhURLVU57R,2010-08-24,17,album,3.79,2010,8
17,28,False,83,38385499,pop,06SY6Ke6mXzZHhURLVU57R,2010-08-24,17,album,6.46,2010,8
7,66,False,83,38393243,pop,06SY6Ke6mXzZHhURLVU57R,2010-08-24,17,album,3.78,2010,8
11,36,False,83,38385499,pop,06SY6Ke6mXzZHhURLVU57R,2010-08-24,17,album,3.53,2010,8
13,44,False,79,3468690,,06SY6Ke6mXzZHhURLVU57R,2010-08-24,17,album,4.38,2010,8
2,68,False,83,38393243,pop,06SY6Ke6mXzZHhURLVU57R,2010-08-24,17,album,3.84,2010,8
12,35,False,83,38385499,pop,06SY6Ke6mXzZHhURLVU57R,2010-08-24,17,album,4.02,2010,8
3,67,False,83,38385499,pop,06SY6Ke6mXzZHhURLVU57R,2010-08-24,17,album,3.91,2010,8
16,26,False,83,38385499,pop,06SY6Ke6mXzZHhURLVU57R,2010-08-24,17,album,5.8,2010,8
15,27,False,83,38393243,pop,06SY6Ke6mXzZHhURLVU57R,2010-08-24,17,album,4.19,2010,8
5,39,True,83,38400585,pop,06SY6Ke6mXzZHhURLVU57R,2010-08-24,17,album,3.86,2010,8
10,34,False,83,38385499,pop,06SY6Ke6mXzZHhURLVU57R,2010-08-24,17,album,4.12,2010,8
14,0,False,61,1067391,,06SY6Ke6mXzZHhURLVU57R,2010-08-24,17,album,3.38,2010,8
9,34,False,83,38400585,pop,06SY6Ke6mXzZHhURLVU57R,2010-08-24,17,album,4.14,2010,8
1,64,False,61,919870,,69BagWbfHgbO9uxjfVYcux,2010-08-10,1,single,4.95,2010,8
4,76,False,67,1525672,,2nnIlWcriIqcJtjduWcTRl,2010-08-09,12,album,3.55,2010,8
1,61,False,54,273600,drum and bass,72pxVZhIJtMGWwgEEu5epX,2010-07-30,6,album,3.2,2010,7
8,45,False,47,58949,"celtic, anime",0ldESLoQyyP80ynVU2gych,2010-07-14,22,album,2.73,2010,7
1,2,False,80,13749886,r&b,3W9fTZ9MCMB8TWXrbjdNt5,2010-07-13,1,single,3.7,2010,7
6,25,False,12,12884,"folk metal, symphonic metal, power metal",6TxUJhW5xbHYFXKFfKzoYZ,2010-07-13,9,album,6.57,2010,7
12,73,False,77,4780589,soundtrack,2qvA7HmSg1iM6XMiFF76dp,2010-07-09,12,album,4.59,2010,7
3,59,False,77,4777574,soundtrack,2qvA7HmSg1iM6XMiFF76dp,2010-07-09,12,album,2.39,2010,7
4,60,False,67,1525672,,2V7Z0e4YnXyNfpoK3cYIGp,2010-06-30,14,album,3.55,2010,6
1,51,False,36,37357,,5W3etTwlyw2ykgwk5sW8K3,2010-06-30,11,album,4.62,2010,6
2,2,False,78,9154839,,4Fts9DL8sj5UQ0TkN4SvMK,2010-06-30,14,album,3.32,2010,6
3,65,False,64,1284368,,6oZ5iDw1LT25svEK0g5OqT,2010-06-30,13,album,3.53,2010,6
3,60,True,62,835590,grime,6nuITL8EMJO1zncOwOeHRr,2010-06-30,13,album,4.46,2010,6
1,64,False,78,13212719,,4oVG376KpWeBaxrKqRxVri,2010-06-30,11,album,3.53,2010,6
1,53,False,85,45771951,pop,7strNUlU6xZqlVWBNUdOYv,2010-06-30,13,album,3.6,2010,6
1,0,False,69,967413,,4EbDqql0TmQPSDaSgDnoEZ,2010-06-30,11,album,4.22,2010,6
13,74,False,85,45764832,pop,7strNUlU6xZqlVWBNUdOYv,2010-06-30,13,album,3.35,2010,6
1,74,False,60,1035527,"synthwave, french house",07nBld9enf1PyRysZAVSqJ,2010-06-30,7,album,4.3,2010,6
2,0,False,69,967069,,4EbDqql0TmQPSDaSgDnoEZ,2010-06-30,11,album,4.15,2010,6
1,57,False,79,8973505,,7jMD1nIwIuawGyiOyRrIp8,2010-06-28,2,single,3.87,2010,6
1,57,False,52,351324,,6qw0EJCehUrx573mxhZds2,2010-06-23,12,album,3.51,2010,6
2,55,True,88,104517308,"rap, hip hop",47BiFcV59TQi2s9SkBo2pb,2010-06-18,17,album,5.0,2010,6
17,52,True,88,104559284,"rap, hip hop",47BiFcV59TQi2s9SkBo2pb,2010-06-18,17,album,3.24,2010,6
5,59,True,88,104517308,"rap, hip hop",47BiFcV59TQi2s9SkBo2pb,2010-06-18,17,album,3.96,2010,6
1,58,True,88,104517308,"rap, hip hop",47BiFcV59TQi2s9SkBo2pb,2010-06-18,17,album,5.06,2010,6
12,61,True,88,104517308,"rap, hip hop",47BiFcV59TQi2s9SkBo2pb,2010-06-18,17,album,4.02,2010,6
14,51,True,88,104517308,"rap, hip hop",47BiFcV59TQi2s9SkBo2pb,2010-06-18,17,album,4.87,2010,6
11,67,True,88,104517308,"rap, hip hop",47BiFcV59TQi2s9SkBo2pb,2010-06-18,17,album,4.65,2010,6
4,57,True,88,104517308,"rap, hip hop",47BiFcV59TQi2s9SkBo2pb,2010-06-18,17,album,4.43,2010,6
16,50,True,88,104517308,"rap, hip hop",47BiFcV59TQi2s9SkBo2pb,2010-06-18,17,album,5.09,2010,6
15,37,False,88,104539036,"rap, hip hop",2sH5LthgBQ95vHzgPBB1Wl,2010-06-18,17,album,4.38,2010,6
9,69,True,88,104517308,"rap, hip hop",47BiFcV59TQi2s9SkBo2pb,2010-06-18,17,album,4.99,2010,6
7,79,True,88,104517308,"rap, hip hop",47BiFcV59TQi2s9SkBo2pb,2010-06-18,17,album,4.13,2010,6
3,53,True,88,104559284,"rap, hip hop",47BiFcV59TQi2s9SkBo2pb,2010-06-18,17,album,3.55,2010,6
6,56,True,88,104539036,"rap, hip hop",47BiFcV59TQi2s9SkBo2pb,2010-06-18,17,album,4.98,2010,6
8,53,True,88,104517308,"rap, hip hop",47BiFcV59TQi2s9SkBo2pb,2010-06-18,17,album,4.59,2010,6
13,57,True,88,104559284,"rap, hip hop",47BiFcV59TQi2s9SkBo2pb,2010-06-18,17,album,5.42,2010,6
10,68,True,88,104559284,"rap, hip hop",47BiFcV59TQi2s9SkBo2pb,2010-06-18,17,album,4.64,2010,6
5,51,False,53,200421,"celtic, sea shanties, celtic rock, celtic punk",7D5xUGsOC4j2B4a58iQFJh,2010-06-11,13,album,3.27,2010,6
3,73,True,59,489247,,7kOivwbxDlUcVa4dCBCsWg,2010-06-07,10,album,3.51,2010,6
5,0,False,59,354630,"soundtrack, japanese vgm, japanese classical",0EZu1jyeMC9VDLuYwlXFZY,2010-06-01,13,album,4.57,2010,6
2,68,False,85,39788275,latin pop,0CKqyf7ptIwn4EtOV8nddm,2010-05-31,12,compilation,3.37,2010,5
1,58,False,54,256468,,0Lg8NjaKFHSdsuDM6l58JZ,2010-05-21,1,single,5.31,2010,5
17,40,False,40,84615,"pop soul, funk",7vtoDPM9m1Bs4srekUEpCK,2010-05-18,19,compilation,2.98,2010,5
3,0,False,0,4946,,22H5XKyHXkxHbty4jtBibg,2010-05-18,19,compilation,2.1,2010,5
6,33,False,39,3833,,7vtoDPM9m1Bs4srekUEpCK,2010-05-18,19,compilation,6.4,2010,5
7,41,False,39,3839,,7vtoDPM9m1Bs4srekUEpCK,2010-05-18,19,compilation,2.03,2010,5
16,42,False,63,1230155,indie folk,7vtoDPM9m1Bs4srekUEpCK,2010-05-18,19,compilation,4.66,2010,5
2,40,False,39,3833,,7vtoDPM9m1Bs4srekUEpCK,2010-05-18,19,compilation,4.29,2010,5
9,39,False,39,3836,,7vtoDPM9m1Bs4srekUEpCK,2010-05-18,19,compilation,5.39,2010,5
8,0,False,0,4946,,22H5XKyHXkxHbty4jtBibg,2010-05-18,19,compilation,5.63,2010,5
1,44,False,39,3836,,7vtoDPM9m1Bs4srekUEpCK,2010-05-18,19,compilation,3.2,2010,5
1,0,False,0,4947,,22H5XKyHXkxHbty4jtBibg,2010-05-18,19,compilation,3.2,2010,5
1,77,False,90,75492598,,1uyf3l2d4XYwiEqAb7t7fX,2010-05-11,10,album,3.7,2010,5
2,84,False,89,75455093,,1uyf3l2d4XYwiEqAb7t7fX,2010-05-11,10,album,3.67,2010,5
8,41,False,47,29927,soundtrack,1QN1oNiNm33SVenYlW7ADL,2010-05-11,22,album,1.29,2010,5
4,74,False,90,75492598,,6J84szYCnMfzEcvIcfWMFL,2010-05-11,12,album,2.47,2010,5
7,82,False,89,75455093,,1uyf3l2d4XYwiEqAb7t7fX,2010-05-11,10,album,3.63,2010,5
5,73,False,90,75474551,,1uyf3l2d4XYwiEqAb7t7fX,2010-05-11,10,album,3.15,2010,5
3,0,False,47,29927,soundtrack,0Q5SwPqfjjPk9ol0tFjElq,2010-05-11,22,album,2.03,2010,5
6,80,False,90,75492598,,6J84szYCnMfzEcvIcfWMFL,2010-05-11,12,album,3.83,2010,5
22,0,False,47,29929,soundtrack,0Q5SwPqfjjPk9ol0tFjElq,2010-05-11,22,album,1.8,2010,5
1,8,False,85,39809584,latin pop,3pzQF7YgU1f66pBayA8uHv,2010-05-07,1,single,3.37,2010,5
5,67,False,81,7714772,"nu metal, alternative metal, rap metal, shoegaze, rock",1GjjBpY2iDwSQs5bykQI5e,2010-04-30,11,album,4.79,2010,4
8,80,False,81,7710363,"nu metal, alternative metal, rap metal, shoegaze, rock",1GjjBpY2iDwSQs5bykQI5e,2010-04-30,11,album,4.02,2010,4
4,78,True,74,2265465,,7apLPYT8szV1IqTxyVSy5P,2010-04-27,12,album,3.0,2010,4
8,64,False,74,2266913,,7apLPYT8szV1IqTxyVSy5P,2010-04-27,12,album,3.26,2010,4
2,55,False,74,2265465,,6f06neONZ0xqqftlgtVP74,2010-04-27,15,album,4.47,2010,4
1,53,False,42,44133,,5R60iGPQs53iEs5EYnWwT7,2010-04-13,4,single,2.85,2010,4
2,80,False,80,13749886,r&b,6A1F3Fkq5dYeYYNkXflcTX,2010-03-30,22,album,3.73,2010,3
6,9,False,80,13749886,r&b,4zZ80MJnva0LsHuQ1FaWmv,2010-03-30,14,album,4.49,2010,3
6,77,False,80,13749886,r&b,6A1F3Fkq5dYeYYNkXflcTX,2010-03-30,22,album,4.49,2010,3
16,83,False,80,13749886,r&b,6A1F3Fkq5dYeYYNkXflcTX,2010-03-30,22,album,3.68,2010,3
1,79,False,71,3769513,,7yCXgxWLZZEAiVsISKN3BF,2010-03-23,1,single,3.36,2010,3
1,32,False,41,26142,exotica,5LKhJ089woBuOf9e3eRzHC,2010-03-17,16,album,1.34,2010,3
5,3,True,62,1477311,,42vd9Cgr89pjb0Jipvaj5d,2010-03-14,6,single,2.26,2010,3
1,70,True,59,489247,,1PruwGvQDfgh6CTSFWPNtn,2010-03-09,1,single,3.51,2010,3
1,55,False,51,585934,"southern gothic, garage rock, blues rock",5hqmEMXO32v9e8mjWljKkP,2010-03-07,15,album,3.77,2010,3
8,73,False,66,2546279,"indie, indie rock",6n8oS6u5qw6xWGT754V1M6,2010-03-01,10,album,3.16,2010,3
1,58,False,76,12460618,,773TVtjVxXvD6DFHsWFJGN,2010-03-01,11,album,3.68,2010,3
2,53,False,76,12460618,,773TVtjVxXvD6DFHsWFJGN,2010-03-01,11,album,3.59,2010,3
3,55,False,76,12460242,,773TVtjVxXvD6DFHsWFJGN,2010-03-01,11,album,3.31,2010,3
3,69,False,76,12460874,,0DEsmIQ5ir7tz52Nkf4i1K,2010-02-26,10,album,3.31,2010,2
3,65,False,76,12460618,,0aVJmVAeEx78nAA1rAKYf7,2010-02-24,9,album,3.31,2010,2
2,63,False,76,12460618,,0aVJmVAeEx78nAA1rAKYf7,2010-02-24,9,album,3.59,2010,2
2,66,False,72,2804746,dream pop,7ejB3MHdDNcY3GzRsQRAHs,2010-01-25,10,album,4.97,2010,1
2,43,False,37,124893,"synthwave, vaporwave, chillwave",0A9H0uAwdTCWNofsksO2fX,2010-01-15,11,album,4.52,2010,1
16,52,False,73,350662,"classical, orchestral, opera",1VVCxUFIILH9TlMaO4gHPK,2010-01-11,100,compilation,2.51,2010,1
1,54,False,66,490197,soundtrack,4JXo4nvXKYbUTGbG7md0P8,2010-01-01,24,album,5.12,2010,1
6,25,False,41,764468,,6Zs112smkr43sppKMYYFLd,2010-01-01,12,album,2.3,2010,1
1,53,False,61,2444287,,3y8p5MA6gBssSSvymABRTm,2010-01-01,14,album,3.42,2010,1
5,78,False,73,3860463,french pop,4kEbcH3VT6NYfpv8Wkkk80,2010-01-01,12,album,3.43,2010,1
3,72,False,64,1284368,,7xpjpdislqMXOCw5xsDt4g,2010-01-01,8,album,3.53,2010,1
14,47,False,64,301316,soundtrack,1kTnC045mQqurTQvGMGpmU,2010-01-01,25,album,0.72,2010,1
1,83,False,91,85022258,"pop, contemporary r&b",3BmcYMh0KYsimWL6p2gPa9,2010-01-01,10,album,3.57,2010,1
9,0,False,91,85022258,"pop, contemporary r&b",6gdLfnf2vdNlMTyhJHaDLs,2010-01-01,18,album,3.56,2010,1
9,70,False,78,9156883,,6fpLLJsDSSAlToEDW2jv4F,2010-01-01,18,album,3.11,2010,1
4,55,False,69,3291477,"witch house, electroclash, new rave, alternative dance",3VsZ5nZGgyH30IDaCP4GeQ,2010-01-01,17,album,4.19,2010,1
5,0,False,49,512713,,0tU5WMlb8dzqm3fAidpgao,2010-01-01,21,compilation,3.26,2010,1
18,0,False,68,6157207,,2Bb4DoRXCqNBV3168xFmKG,2010-01-01,38,compilation,4.47,2010,1
2,68,False,67,2366543,,159jpldDCgsgH6KGgjy63c,2010-01-01,11,album,3.1,2010,1
2,68,False,67,2367073,,0eGvq1J5Ke7VlLLOYIlY4k,2010-01-01,15,compilation,3.35,2010,1
3,74,False,83,38409786,pop,2eQMC9nJE3f3hCNKlYYHL1,2010-01-01,12,album,3.91,2010,1
6,67,False,90,68997177,"pop, r&b",5QG3tjE5L9F6O2vCAPph38,2010-01-01,13,album,4.19,2010,1
3,62,False,81,26564677,"country pop, rock, hip hop, experimental",69Pf9ExxwjhVFyosKsKWQu,2010-01-01,12,album,2.8,2010,1
3,57,False,90,68997177,"pop, r&b",5QG3tjE5L9F6O2vCAPph38,2010-01-01,13,album,4.36,2010,1
4,49,False,62,1358670,,4DXSonn725L8jk7S1yMsAG,2010-01-01,19,album,4.86,2010,1
8,1,False,77,4725236,,2vCWHXLetotBI8ETx7TICg,2010-01-01,18,compilation,4.03,2010,1
8,44,False,90,68997177,"pop, r&b",5QG3tjE5L9F6O2vCAPph38,2010-01-01,13,album,3.74,2010,1
19,42,False,63,301226,soundtrack,1kTnC045mQqurTQvGMGpmU,2010-01-01,25,album,5.23,2010,1
7,70,True,86,17928214,"rap, hip hop",5vfnsOgLqsgmEb3vGyc2FO,2010-01-01,13,album,4.53,2010,1
1,47,False,81,9559647,,1dlX6ayhJqk3drZi1MeJVc,2010-01-01,1,single,3.98,2010,1
15,63,False,64,301316,soundtrack,1kTnC045mQqurTQvGMGpmU,2010-01-01,25,album,1.94,2010,1
1,84,True,90,68997177,"pop, r&b",5QG3tjE5L9F6O2vCAPph38,2010-01-01,13,album,4.06,2010,1
10,51,False,64,301316,soundtrack,1kTnC045mQqurTQvGMGpmU,2010-01-01,25,album,3.89,2010,1
8,67,True,95,103039388,rap,6agmeioaDOBupymziJihgB,2010-01-01,15,album,6.98,2010,1
10,59,False,90,68997177,"pop, r&b",5QG3tjE5L9F6O2vCAPph38,2010-01-01,13,album,5.06,2010,1
23,52,False,64,301316,soundtrack,1kTnC045mQqurTQvGMGpmU,2010-01-01,25,album,2.85,2010,1
15,65,False,48,129604,,2psjRixnoePs8ZqE8cuU5Z,2010-01-01,16,album,3.97,2010,1
9,42,False,90,69014420,"pop, r&b",5QG3tjE5L9F6O2vCAPph38,2010-01-01,13,album,4.29,2010,1
3,32,False,73,7221524,,3sGj0fBj5EJbewKgCWA1uD,2010-01-01,11,album,3.8,2010,1
1,70,False,67,2367073,,159jpldDCgsgH6KGgjy63c,2010-01-01,11,album,3.39,2010,1
1,74,False,67,2367394,,0eGvq1J5Ke7VlLLOYIlY4k,2010-01-01,15,compilation,3.37,2010,1
6,67,False,69,3290296,"witch house, electroclash, new rave, alternative dance",5B2ipvFV27t5lUQYcNkTpg,2010-01-01,14,album,4.18,2010,1
9,69,False,100,145489371,"country, pop, indie, folk",6S6JQWzUrJVcJLK4fi74Fw,2010-01-01,22,album,5.87,2010,1
4,50,False,90,68997177,"pop, r&b",5QG3tjE5L9F6O2vCAPph38,2010-01-01,13,album,3.32,2010,1
13,66,False,95,103067383,rap,6jlrjFR9mJV3jd1IPSplXU,2010-01-01,14,album,3.48,2010,1
8,57,False,63,301146,soundtrack,1kTnC045mQqurTQvGMGpmU,2010-01-01,25,album,4.18,2010,1
1,78,False,78,9154839,,6fpLLJsDSSAlToEDW2jv4F,2010-01-01,18,album,3.11,2010,1
2,62,True,76,3429213,southern hip hop,00kSgH9g6nYBQhjnRQFBew,2010-01-01,17,album,3.35,2010,1
5,7,False,77,11935198,"latin pop, latin",12HeDZhPHHzCe7VE0uEYwD,2010-01-01,10,album,3.86,2010,1
3,67,False,55,1615133,country,3dASAcs9QOsmoSLhHjEhCu,2010-01-01,11,album,3.71,2010,1
11,81,False,81,9556340,,3IpexNXiKbezuY526S4Jvy,2010-01-01,12,album,3.65,2010,1
7,65,False,65,2758888,"country, acoustic country",1gbcNmTEXs2GYktvarZuli,2010-01-01,11,album,3.8,2010,1
9,57,False,41,764468,,6Zs112smkr43sppKMYYFLd,2010-01-01,12,album,3.01,2010,1
1,39,False,81,26564677,"country pop, rock, hip hop, experimental",69Pf9ExxwjhVFyosKsKWQu,2010-01-01,12,album,4.1,2010,1
2,71,False,64,1105453,,1TuKgkCGIxiIns9Bc5XKRC,2010-01-01,10,album,3.61,2010,1
7,56,True,73,6613930,"folk, indie folk, folk rock",46VcvAWpybuvO2ZnShwC2N,2010-01-01,25,album,4.11,2010,1
11,50,False,90,69030894,"pop, r&b",5QG3tjE5L9F6O2vCAPph38,2010-01-01,13,album,4.93,2010,1
7,57,False,90,68997177,"pop, r&b",5QG3tjE5L9F6O2vCAPph38,2010-01-01,13,album,4.45,2010,1
7,0,True,84,34295707,,51HDsvvActcDmYy7NQl6oL,2010-01-01,16,album,4.65,2010,1
1,52,False,59,1553110,,0moY5BetMaS0Vyi0Hh3zpb,2010-01-01,10,album,3.23,2010,1
1,74,False,66,3720750,"country, pop country",3hnGcNi8oqGdwTm3CeniFA,2010-01-01,11,album,4.62,2010,1
9,49,False,63,301226,soundtrack,1kTnC045mQqurTQvGMGpmU,2010-01-01,25,album,2.8,2010,1
1,29,False,54,640655,,3G14M8zZRWbCZhMifBpTQ7,2010-01-01,5,single,3.56,2010,1
5,85,False,90,68997177,"pop, r&b",5QG3tjE5L9F6O2vCAPph38,2010-01-01,13,album,3.92,2010,1
13,41,False,90,68997177,"pop, r&b",5QG3tjE5L9F6O2vCAPph38,2010-01-01,13,album,3.68,2010,1
12,40,False,90,69030894,"pop, r&b",5QG3tjE5L9F6O2vCAPph38,2010-01-01,13,album,3.84,2010,1
3,61,False,54,1993973,country,6tRJWFLsUW4HuiXHlOSnwf,2010-01-01,11,album,4.12,2010,1
7,71,False,69,3290296,"witch house, electroclash, new rave, alternative dance",5B2ipvFV27t5lUQYcNkTpg,2010-01-01,14,album,4.03,2010,1
14,1,True,84,34293318,,2RfF6dGpYIN5u1mNkfG8Pb,2010-01-01,18,album,3.33,2010,1
14,4,True,84,34293318,,51HDsvvActcDmYy7NQl6oL,2010-01-01,16,album,3.33,2010,1
1,74,False,83,38393243,pop,2eQMC9nJE3f3hCNKlYYHL1,2010-01-01,12,album,3.79,2010,1
11,67,False,63,301146,soundtrack,1kTnC045mQqurTQvGMGpmU,2010-01-01,25,album,2.6,2010,1
6,44,False,64,301316,soundtrack,1kTnC045mQqurTQvGMGpmU,2010-01-01,25,album,2.37,2010,1
7,63,False,83,38400585,pop,6xfXgolXzcKzk77P3b3MeZ,2010-01-01,12,album,3.78,2010,1
1,72,False,81,9553224,,0BkpKcHw606at6Y2cp8kdE,2010-01-01,15,album,5.12,2010,1
25,43,False,63,301226,soundtrack,1kTnC045mQqurTQvGMGpmU,2010-01-01,25,album,2.06,2010,1
1,58,False,63,301146,soundtrack,1kTnC045mQqurTQvGMGpmU,2010-01-01,25,album,4.17,2010,1
13,45,False,63,301146,soundtrack,1kTnC045mQqurTQvGMGpmU,2010-01-01,25,album,0.73,2010,1
2,84,False,78,9160918,,6fpLLJsDSSAlToEDW2jv4F,2010-01-01,18,album,3.32,2010,1
1,47,True,77,11935198,"latin pop, latin",1v6AabKgH3ksaZMWrEhiOD,2010-01-01,1,single,3.86,2010,1
8,56,False,52,534815,"singer-songwriter, southern gothic, folk, indie folk",7x98osNfh0aUookqE7MMQ1,2010-01-01,10,album,4.11,2010,1
2,76,True,90,68997177,"pop, r&b",5QG3tjE5L9F6O2vCAPph38,2010-01-01,13,album,4.38,2010,1
12,39,False,58,112003,"anime, soundtrack",1GoWJc6XFiHW1ewHcY1Xqm,2009-12-16,28,album,2.4,2009,12
2,34,False,58,111922,"anime, soundtrack",1GoWJc6XFiHW1ewHcY1Xqm,2009-12-16,28,album,2.29,2009,12
26,38,False,58,111922,"anime, soundtrack",1GoWJc6XFiHW1ewHcY1Xqm,2009-12-16,28,album,2.16,2009,12
5,55,False,63,350647,soundtrack,1H81jGoWeLI8ufq42GfDPn,2009-12-07,14,compilation,7.72,2009,12
5,35,False,63,350647,soundtrack,2n9XTeWA3qyZVxWiH8TKlV,2009-12-07,20,compilation,7.72,2009,12
3,44,False,63,350647,soundtrack,2n9XTeWA3qyZVxWiH8TKlV,2009-12-07,20,compilation,8.83,2009,12
4,50,False,63,350707,soundtrack,1H81jGoWeLI8ufq42GfDPn,2009-12-07,14,compilation,3.62,2009,12
6,36,False,30,19717,post-rock,5ScLN1D1T2dZWUgop2vDfq,2009-12-01,8,album,5.38,2009,12
3,33,False,30,19717,post-rock,5ScLN1D1T2dZWUgop2vDfq,2009-12-01,8,album,4.18,2009,12
4,19,False,30,19724,post-rock,5ScLN1D1T2dZWUgop2vDfq,2009-12-01,8,album,4.99,2009,12
3,61,False,57,1638163,,0cUNjl7p6LYZJkKXJWzqP0,2009-11-23,14,album,3.78,2009,11
8,78,True,90,69030894,"pop, r&b",7uGmyYwDFJbSc1xs4hkEs2,2009-11-20,13,album,3.71,2009,11
1,49,False,55,132037,soundtrack,09ixa10YNG75H0HDKbMAiZ,2009-11-16,35,album,3.97,2009,11
3,61,False,55,131979,soundtrack,09ixa10YNG75H0HDKbMAiZ,2009-11-16,35,album,3.96,2009,11
2,44,False,55,132037,soundtrack,09ixa10YNG75H0HDKbMAiZ,2009-11-16,35,album,3.3,2009,11
1,49,False,37,161597,,5fM41TOegBBrRO7NhmFYvP,2009-11-16,13,album,3.54,2009,11
57,61,False,80,17755451,pop,325wcm5wMnlfjmKZ8PXIIn,2009-11-09,58,compilation,3.55,2009,11
2,0,False,49,512689,,6l0D9IEY4K7fdGl09lE5CC,2009-11-06,13,album,3.25,2009,11
5,61,True,88,42237551,"art pop, pop",6rePArBMb5nLWEaY9aQqL4,2009-11-05,23,album,4.81,2009,11
15,44,False,89,42275793,"art pop, pop",6rePArBMb5nLWEaY9aQqL4,2009-11-05,23,album,3.69,2009,11
5,48,False,88,42256604,"art pop, pop",6rePArBMb5nLWEaY9aQqL4,2009-11-05,23,album,2.92,2009,11
2,54,False,88,42237551,"art pop, pop",6rePArBMb5nLWEaY9aQqL4,2009-11-05,23,album,3.6,2009,11
8,47,False,89,42275793,"art pop, pop",6rePArBMb5nLWEaY9aQqL4,2009-11-05,23,album,2.83,2009,11
3,70,True,88,42256604,"art pop, pop",6rePArBMb5nLWEaY9aQqL4,2009-11-05,23,album,4.15,2009,11
3,57,True,88,42256604,"art pop, pop",6rePArBMb5nLWEaY9aQqL4,2009-11-05,23,album,3.47,2009,11
11,45,False,88,42237551,"art pop, pop",6rePArBMb5nLWEaY9aQqL4,2009-11-05,23,album,4.38,2009,11
4,56,True,88,42256604,"art pop, pop",6rePArBMb5nLWEaY9aQqL4,2009-11-05,23,album,3.95,2009,11
7,54,False,89,42275793,"art pop, pop",6rePArBMb5nLWEaY9aQqL4,2009-11-05,23,album,3.91,2009,11
4,53,False,89,42298315,"art pop, pop",6rePArBMb5nLWEaY9aQqL4,2009-11-05,23,album,4.51,2009,11
9,47,False,88,42237551,"art pop, pop",6rePArBMb5nLWEaY9aQqL4,2009-11-05,23,album,3.61,2009,11
2,70,False,89,42275793,"art pop, pop",6rePArBMb5nLWEaY9aQqL4,2009-11-05,23,album,4.57,2009,11
1,85,True,88,42237551,"art pop, pop",6rePArBMb5nLWEaY9aQqL4,2009-11-05,23,album,4.9,2009,11
6,47,False,89,42275793,"art pop, pop",6rePArBMb5nLWEaY9aQqL4,2009-11-05,23,album,2.87,2009,11
10,46,False,88,42237551,"art pop, pop",6rePArBMb5nLWEaY9aQqL4,2009-11-05,23,album,3.34,2009,11
12,42,False,88,42256604,"art pop, pop",6rePArBMb5nLWEaY9aQqL4,2009-11-05,23,album,4.05,2009,11
14,49,False,88,42256604,"art pop, pop",6rePArBMb5nLWEaY9aQqL4,2009-11-05,23,album,4.23,2009,11
8,50,False,89,42275793,"art pop, pop",6rePArBMb5nLWEaY9aQqL4,2009-11-05,23,album,3.67,2009,11
6,70,False,89,42275793,"art pop, pop",6rePArBMb5nLWEaY9aQqL4,2009-11-05,23,album,3.67,2009,11
7,45,False,89,42275793,"art pop, pop",6rePArBMb5nLWEaY9aQqL4,2009-11-05,23,album,3.7,2009,11
13,45,False,88,42256604,"art pop, pop",6rePArBMb5nLWEaY9aQqL4,2009-11-05,23,album,3.37,2009,11
1,55,False,88,42237551,"art pop, pop",6rePArBMb5nLWEaY9aQqL4,2009-11-05,23,album,4.03,2009,11
8,70,False,70,2970776,"country, classic country",3QmIn4Ilj5fV1eRbYzt21P,2009-10-30,99,album,4.15,2009,10
1,39,False,21,3014,,64BGBMrfXAxYLsSmsrhBMW,2009-10-19,2,single,4.18,2009,10
8,77,False,76,3942679,,2PDlvc7K51qC4Bkali3q0R,2009-10-16,15,compilation,4.82,2009,10
2,47,False,60,277520,soundtrack,5ucvCY0hFIAL95DVKohEiB,2009-10-08,21,compilation,1.88,2009,10
14,58,False,59,1198145,"country, classic country",1KJN0ykTZZWD0KpjODoXDW,2009-10-06,14,compilation,3.14,2009,10
5,70,False,73,6893010,christmas,3MXDonOIzrIrCh0HvlACyj,2009-10-06,13,album,4.07,2009,10
4,62,False,58,488277,,7DjSNptx7IUVoWuSeN4rxA,2009-10-05,10,album,5.37,2009,10
2,81,False,79,11913071,christmas,0an7K6LfvYERpVviYMUFp0,2009-09-29,21,album,4.03,2009,9
6,81,False,79,9797201,"pop punk, emo",27UqZoE1kV6sIV6uQcI28A,2009-09-25,11,album,4.46,2009,9
2,70,False,77,7302348,"post-grunge, rock",0vv1zKShlm7WuawEup5Mf4,2009-09-22,12,album,3.21,2009,9
4,76,False,78,8794984,,43lok9zd7BW5CoYkXZs7S0,2009-09-18,37,compilation,3.16,2009,9
15,73,False,70,3336633,"country, classic country, acoustic country, honky tonk",1ZXM9jY3Bsg12KXgwftBrO,2009-09-08,30,album,3.3,2009,9
2,68,False,70,3338052,"country, classic country, acoustic country, honky tonk",1ZXM9jY3Bsg12KXgwftBrO,2009-09-08,30,album,2.99,2009,9
5,84,True,82,10374049,"hip hop, east coast hip hop, rap",2CUT0104gySOIvqwtXeFsX,2009-09-08,15,album,4.61,2009,9
4,78,True,82,10376731,"hip hop, east coast hip hop, rap",2CUT0104gySOIvqwtXeFsX,2009-09-08,15,album,4.45,2009,9
14,70,False,70,3336633,"country, classic country, acoustic country, honky tonk",1ZXM9jY3Bsg12KXgwftBrO,2009-09-08,30,album,3.46,2009,9
3,74,False,70,3768378,,33YSJfsBkjN3yqcq18bdRi,2009-09-07,14,album,3.99,2009,9
1,69,False,85,39777995,latin pop,5GuMQnx4X4mfHEcYQe7ql9,2009-09-02,17,album,3.14,2009,9
9,56,False,65,2918228,"country, acoustic country",6Aormv05kybauFdXCzUEcH,2009-09-01,10,album,3.45,2009,9
3,69,False,84,11933906,,00zN65JStpVnpJn9ckMsQI,2009-08-31,14,album,3.95,2009,8
7,61,False,69,7744534,r&b,44jrX3SThj7pFjOzUTLm85,2009-08-31,20,album,3.45,2009,8
2,82,False,75,5897210,"christian rock, christian alternative rock, christian",0RySAmM6oDPGSE03X3dzi1,2009-08-21,12,album,2.96,2009,8
1,79,False,65,1156272,,44hyrGuZKAvITbmrlhryf8,2009-08-18,11,album,3.03,2009,8
3,67,False,63,3785833,,2av2ZSHlvD7rvLSsMvtYCG,2009-08-16,11,album,3.36,2009,8
1,1,False,87,27139342,edm,6KiQi1c4kXaPzsmizS8SLB,2009-08-14,1,single,3.26,2009,8
1,67,False,65,1156272,,698AdfGuOthKXXvvHla9bf,2009-08-11,1,single,3.03,2009,8
3,74,False,69,773244,,6p9eMHBHyvHDGK1WIerBfh,2009-08-10,10,album,3.9,2009,8
1,2,False,70,4515842,soft pop,5lTCUyQrKcSmcw5ULkt75O,2009-08-06,1,single,3.61,2009,8
2,75,False,88,42237551,"art pop, pop",6DGZdMi124iOOih9GMlhN2,2009-08-05,22,album,4.57,2009,8
6,78,False,88,42256604,"art pop, pop",6DGZdMi124iOOih9GMlhN2,2009-08-05,22,album,3.67,2009,8
5,22,False,35,14818,"dancehall, riddim, ragga, reggae",35eoEfKMO9KFKQduEXK2d7,2009-08-03,41,compilation,3.37,2009,8
1,63,False,72,6113786,,1CtDa7pVfLF4u2ZadRTWz7,2009-07-15,13,album,3.35,2009,7
9,65,True,72,6114655,,1CtDa7pVfLF4u2ZadRTWz7,2009-07-15,13,album,3.59,2009,7
10,71,False,72,6113786,,1CtDa7pVfLF4u2ZadRTWz7,2009-07-15,13,album,3.04,2009,7
11,39,False,55,55520,soundtrack,2xXblCIb5G6ji70efT7THx,2009-07-14,28,album,1.74,2009,7
2,50,False,55,55540,soundtrack,2xXblCIb5G6ji70efT7THx,2009-07-14,28,album,2.01,2009,7
17,48,False,55,55540,soundtrack,2xXblCIb5G6ji70efT7THx,2009-07-14,28,album,2.13,2009,7
1,25,False,50,34710,soundtrack,2n5AOB0lGse7qp38HvVROB,2009-07-10,16,compilation,1.58,2009,7
4,29,False,40,166440,garage rock,2n5AOB0lGse7qp38HvVROB,2009-07-10,16,compilation,2.14,2009,7
15,31,False,24,9718,,2n5AOB0lGse7qp38HvVROB,2009-07-10,16,compilation,3.23,2009,7
11,37,False,59,1441554,anti-folk,2n5AOB0lGse7qp38HvVROB,2009-07-10,16,compilation,3.49,2009,7
8,45,False,69,772924,,2n5AOB0lGse7qp38HvVROB,2009-07-10,16,compilation,3.91,2009,7
3,39,False,78,7731427,"new wave, madchester, jangle pop",2n5AOB0lGse7qp38HvVROB,2009-07-10,16,compilation,4.04,2009,7
2,36,False,59,1441554,anti-folk,2n5AOB0lGse7qp38HvVROB,2009-07-10,16,compilation,4.81,2009,7
13,32,False,56,1013775,stoner rock,2n5AOB0lGse7qp38HvVROB,2009-07-10,16,compilation,3.78,2009,7
16,36,False,50,448638,christmas,2n5AOB0lGse7qp38HvVROB,2009-07-10,16,compilation,2.2,2009,7
14,35,False,32,25448,,2n5AOB0lGse7qp38HvVROB,2009-07-10,16,compilation,3.42,2009,7
3,69,False,66,343114,,5kRrvgSyY0eyuCIoeQZN2S,2009-07-06,29,single,3.06,2009,7
1,63,False,49,65353,,04QJpsEnEyBN0WSBQZ89Gn,2009-06-30,2,single,3.16,2009,6
2,44,False,49,65353,,1E63UpmdBquhdMmfen5Odn,2009-06-30,2,single,2.85,2009,6
1,5,False,85,39809584,latin pop,5u0OuxRnf3FzvZR07xAxL2,2009-06-30,16,album,3.14,2009,6
2,0,False,85,39777995,latin pop,5u0OuxRnf3FzvZR07xAxL2,2009-06-30,16,album,3.21,2009,6
1,80,False,77,7220459,baroque pop,1rLLyY5p6HXNl2lKzINWp5,2009-06-30,20,album,4.21,2009,6
1,24,False,56,1214801,,6WyoHZxusoSTBVCbbR3LhF,2009-06-30,2,single,6.67,2009,6
6,61,False,77,7220459,baroque pop,1rLLyY5p6HXNl2lKzINWp5,2009-06-30,20,album,3.64,2009,6
9,71,True,95,103039388,rap,1LShhEEKRT5MNPcO7jtYHh,2009-06-30,18,album,3.84,2009,6
6,0,False,85,39777995,latin pop,5u0OuxRnf3FzvZR07xAxL2,2009-06-30,16,album,3.56,2009,6
13,76,False,77,7228235,baroque pop,1rLLyY5p6HXNl2lKzINWp5,2009-06-30,20,album,2.81,2009,6
4,59,False,64,2898444,country,0GCQzPEkcFv8bR90sJf41x,2009-06-30,15,album,5.36,2009,6
16,65,False,61,305384,,5NeG7Rk7ZUGVgvIRxPOmJ3,2009-06-30,18,album,3.54,2009,6
1,1,True,88,42237551,"art pop, pop",034EE1ofh9OM6wJBqd2xYo,2009-06-30,8,album,4.9,2009,6
4,72,False,60,668219,,3CcCqXsbyjCDDSA3omcGoy,2009-06-30,12,album,3.42,2009,6
1,34,False,62,1681119,,244RMdTt0sxIhzhvCeD21a,2009-06-13,11,album,2.51,2009,6
3,29,False,49,1327604,,4iKfmBKXuzPROAXBuZKAVM,2009-06-12,14,album,2.94,2009,6
1,71,False,88,31806929,"nu metal, rap metal, rock, alternative metal",1fqibtpI0bwD73uQGeEnhn,2009-06-12,13,compilation,4.47,2009,6
13,39,False,49,1327604,,4iKfmBKXuzPROAXBuZKAVM,2009-06-12,14,album,3.02,2009,6
3,56,True,88,104539036,"rap, hip hop",7MZzYkbHL9Tk3O6WeD4Z0Z,2009-05-15,29,album,5.33,2009,5
16,76,False,80,17330579,"punk, pop punk",1AHZd3C3S8m8fFrhFxyk79,2009-05-15,18,album,5.35,2009,5
1,62,False,61,121417,,3Yxy4ITyguWRkdXwrB9uC9,2009-04-22,15,compilation,3.88,2009,4
9,69,False,74,7052478,"country, acoustic country",1iAJGY7TFt1imCjD0npYaC,2009-04-07,12,album,3.4,2009,4
14,20,False,46,330981,,2aT483X84DPCoO9fQinFgG,2009-04-07,14,album,3.2,2009,4
6,73,False,75,7053393,"country, acoustic country",6vzRJYzyR7G8jTIYrKFxLx,2009-04-07,11,album,3.67,2009,4
9,43,False,52,424177,"childrens music""""",1jcfc3LjnCORRAfvf5Ml42,2009-04-03,16,compilation,1.13,2009,4
5,82,False,79,8972549,,2vBLKFrI1rZqB7VtGxcsR5,2009-03-23,13,album,3.41,2009,3
5,48,False,79,8972549,,4TjIFwqydSLXrDlm9RzQ6b,2009-03-23,13,album,3.37,2009,3
1,66,False,72,10961941,christmas,4h8seeFAi6iYhslcWIxTSG,2009-03-06,16,album,3.52,2009,3
2,47,False,53,373287,blues rock,2KQn93GMsH7IoOvQ0Hlqzx,2009-02-10,14,album,3.77,2009,2
5,67,False,73,4290585,,3ibdlhMmbFPMYoWvwHCzI3,2009-02-02,10,album,4.27,2009,2
1,0,False,49,491518,art pop,4vOREA0zA9Ym705rpaXBc1,2009-01-13,10,album,3.79,2009,1
6,74,True,81,18700851,soft pop,2pLAOZiilrhOrTQNqrF8qr,2009-01-01,11,album,4.22,2009,1
12,0,False,56,55561,soundtrack,4t8Sd5lQYhtpJwdczxbT07,2009-01-01,28,album,2.87,2009,1
5,7,False,81,9556340,,36fdxiOzdlmsrHgGcfvqUJ,2009-01-01,15,album,4.81,2009,1
9,68,False,79,3469963,,5FK6borHO8QcztXhXCPn5H,2009-01-01,13,album,4.87,2009,1
4,2,False,81,9553224,,36fdxiOzdlmsrHgGcfvqUJ,2009-01-01,15,album,4.29,2009,1
9,1,False,89,42275793,"art pop, pop",4yHr095BMG5I3IRH4ToE5l,2009-01-01,22,album,4.03,2009,1
2,75,False,81,26564677,"country pop, rock, hip hop, experimental",64aKkqxc3Ur2LYIKeS5osS,2009-01-01,7,album,3.36,2009,1
2,81,False,81,26561582,"country pop, rock, hip hop, experimental",0IuHVgAvbNDJnJepuSZ8Oz,2009-01-01,8,album,3.36,2009,1
12,0,False,88,42237551,"art pop, pop",4yHr095BMG5I3IRH4ToE5l,2009-01-01,22,album,3.95,2009,1
4,35,False,81,23384088,"grunge, rock",01Z1nufhjxJVXVDuMRmNEM,2009-01-01,24,album,2.72,2009,1
3,78,False,81,18706004,soft pop,2pLAOZiilrhOrTQNqrF8qr,2009-01-01,11,album,3.74,2009,1
1,1,False,73,3919651,,5QqVXRTiGpLgmo1YNoz9Bk,2009-01-01,37,album,3.95,2009,1
7,70,False,78,7685474,,6oPPKtAwNNlkW4wwHfQDfM,2009-01-01,16,album,3.68,2009,1
1,33,True,71,4968982,"industrial metal, industrial rock, industrial, metal, nu metal",2Ko8Fi9kR8iiuzygvqDXER,2009-01-01,16,album,3.75,2009,1
3,33,False,74,9408174,"country, acoustic country",4DkSAOFnWkgrXske8pzELq,2009-01-01,13,album,3.99,2009,1
3,4,False,66,2051181,,3v0AeWgJPrdPPZGt1tS2s0,2009-01-01,14,album,3.53,2009,1
19,33,False,81,23391272,"grunge, rock",01Z1nufhjxJVXVDuMRmNEM,2009-01-01,24,album,2.54,2009,1
26,0,False,56,55561,soundtrack,4t8Sd5lQYhtpJwdczxbT07,2009-01-01,28,album,2.37,2009,1
9,78,False,66,2503055,,3vf65wfk1EEjVhy6BjENsS,2009-01-01,12,album,3.8,2009,1
2,0,False,89,42275793,"art pop, pop",4yHr095BMG5I3IRH4ToE5l,2009-01-01,22,album,4.57,2009,1
2,69,False,81,18703625,soft pop,2pLAOZiilrhOrTQNqrF8qr,2009-01-01,11,album,3.96,2009,1
13,78,True,82,18868122,"east coast hip hop, old school hip hop",4kaCrosmqvvrPUEAwcnC3s,2009-01-01,18,album,3.55,2009,1
1,2,True,88,42256604,"art pop, pop",4Rt6psVqmhnvrZLEoHocb6,2009-01-01,8,album,4.9,2009,1
9,69,True,60,3277692,,0hDy52fqKwb2ZIjyNXGxan,2009-01-01,15,album,4.8,2009,1
2,76,False,73,7218544,,5CKAAsmFCdmKq4fTtNdmHc,2009-01-01,13,album,3.77,2009,1
1,70,True,81,9553224,,1dgbFU08pXJXZhGPlybdMX,2009-01-01,25,album,4.19,2009,1
4,2,False,60,668219,,3elHo10HDaxn13uuVhiTWH,2009-01-01,12,album,3.42,2009,1
2,71,False,79,3467190,,5FK6borHO8QcztXhXCPn5H,2009-01-01,13,album,3.87,2009,1
1,31,False,28,16641,japanese vgm,4RSVZeOGgBwv3z0l7lHpIT,2009-01-01,1,single,6.84,2009,1
8,42,False,81,23398010,"grunge, rock",01Z1nufhjxJVXVDuMRmNEM,2009-01-01,24,album,4.36,2009,1
3,64,False,63,430168,soundtrack,5yN2LiMaA7nEXT35GW4hNu,2009-01-01,26,compilation,4.17,2009,1
3,80,False,81,9553224,,1dgbFU08pXJXZhGPlybdMX,2009-01-01,25,album,4.73,2009,1
8,63,False,46,128303,,0xobW2Yg1TBQ53ybxYAlyA,2009-01-01,11,album,3.2,2009,1
20,0,False,56,55561,soundtrack,4t8Sd5lQYhtpJwdczxbT07,2009-01-01,28,album,2.63,2009,1
6,1,False,88,42237551,"art pop, pop",2bsK9FeKzU0jNKA6XYFP7E,2009-01-01,8,album,3.67,2009,1
13,55,False,67,10379778,,5lm8loAsSpprr19lwSY16V,2009-01-01,13,album,2.92,2009,1
13,23,False,59,267614,,4Tf4nzRuf5W3EvHqigxcmv,2009-01-01,25,compilation,1.83,2009,1
2,78,False,81,17766757,pop,2tve5DGwub1TtbX1khPX5j,2008-12-02,15,album,3.2,2008,12
6,71,False,80,17755451,pop,2tve5DGwub1TtbX1khPX5j,2008-12-02,15,album,3.6,2008,12
1,79,False,81,17773300,pop,2tve5DGwub1TtbX1khPX5j,2008-12-02,15,album,3.74,2008,12
3,1,False,89,31045858,rap,2JK89jt4unItFroOr0kT3g,2008-11-24,12,album,3.51,2008,11
5,64,False,89,31038851,rap,3WFTGIO6E3Xh4paEOBY9OU,2008-11-24,12,album,4.5,2008,11
1,67,False,84,41172203,,39P7VD7qlg3Z0ltq60eHp7,2008-11-17,11,album,3.22,2008,11
2,74,False,84,41176723,,39P7VD7qlg3Z0ltq60eHp7,2008-11-17,11,album,4.36,2008,11
1,62,False,84,41172203,,20E3PwDg1jaDdK9K565luD,2008-11-12,12,album,3.22,2008,11
6,75,False,100,145489371,"country, pop, indie, folk",3EzFY9Rg0PpbADMth746zi,2008-11-11,26,album,3.93,2008,11
5,39,False,100,145396321,"country, pop, indie, folk",43OpbkiiIxJO8ktIB777Nn,2008-11-11,19,album,4.35,2008,11
13,40,False,100,145489371,"country, pop, indie, folk",43OpbkiiIxJO8ktIB777Nn,2008-11-11,19,album,4.39,2008,11
12,73,False,100,145443567,"country, pop, indie, folk",3EzFY9Rg0PpbADMth746zi,2008-11-11,26,album,3.86,2008,11
4,56,False,60,259200,"anime, soundtrack",7m0ZA9T4Uk5y6FOdLvj5sL,2008-11-05,27,album,3.65,2008,11
1,77,False,79,9792848,"pop punk, emo",70iJhodSPkl7FR1VW4n0KF,2008-11-04,1,single,4.36,2008,11
11,0,False,65,3174703,"classic rock, aor",0a6NsOaOzlrubGl3htyVWG,2008-11-04,17,compilation,4.75,2008,11
6,72,False,73,4428244,,0a6NsOaOzlrubGl3htyVWG,2008-11-04,17,compilation,3.36,2008,11
2,84,False,77,2012791,,5B6XfyHHYawyLkEvNvhSPh,2008-10-03,16,album,3.3,2008,10
4,85,False,77,2012116,,5B6XfyHHYawyLkEvNvhSPh,2008-10-03,16,album,4.45,2008,10
8,6,False,27,63294,"downtempo, ambient, psytrance",51H7cIftsfSnC62QVbDaCM,2008-10-02,9,album,7.5,2008,10
4,80,False,76,5757305,,5CZR6ljD0x9fTiS4mh9wMp,2008-09-23,11,album,3.84,2008,9
3,83,False,76,5757305,,5CZR6ljD0x9fTiS4mh9wMp,2008-09-23,11,album,3.38,2008,9
1,71,False,69,6273404,,7mDkWKTghwBDuHCJmH6qR5,2008-09-23,20,album,4.09,2008,9
2,1,False,69,4494273,,0X7S0TEZ5NJsSxmyTnfYi2,2008-09-23,12,album,4.36,2008,9
8,73,False,69,4494756,,41U6Qbx5KxhHYIuwlK3lXA,2008-09-23,12,album,3.02,2008,9
1,28,False,27,3430,medieval,7aJlDUlvQ3HrpbW67dY9YK,2008-09-16,1,single,1.65,2008,9
1,23,False,27,3430,medieval,1CUpdTnZOEs7ETmWKUJAGs,2008-09-16,1,single,3.16,2008,9
1,32,False,27,3432,medieval,1w1W6eBrztF6PpPGlU6PNS,2008-09-16,1,single,2.09,2008,9
1,25,False,27,3430,medieval,2aM5FvgvBX9FXiqspLYhBA,2008-09-16,2,single,0.8,2008,9
5,2,True,75,5129280,southern hip hop,68E0atuSszPQYckBQ6cQnv,2008-09-08,16,album,5.64,2008,9
9,34,False,48,219086,trip hop,1yvjQwB2MnCVrqnP8FnZ6k,2008-09-08,12,album,5.76,2008,9
7,56,True,67,1672326,,3a644SgpSaF6nV7Dyy1fqO,2008-09-08,14,album,3.6,2008,9
5,66,False,74,8811891,,51Hn2Wiq1jmUfI0BLaUhuF,2008-09-08,10,album,4.35,2008,9
2,39,False,40,113945,"bluegrass, newgrass, folk, indie folk",1Qyc6kxZYssUHELLcImDnX,2008-09-02,14,album,4.34,2008,9
3,47,False,40,113934,"bluegrass, newgrass, folk, indie folk",1Qyc6kxZYssUHELLcImDnX,2008-09-02,14,album,3.71,2008,9
7,42,False,26,8128,neo-psychedelic,10PejcOnnfaq9Bx2PKReVe,2008-08-05,16,album,2.54,2008,8
4,69,False,74,8810761,,2hWSBJTWE0ce0NqJv2vzCc,2008-07-14,11,album,4.02,2008,7
8,63,False,50,248615,,0yVBYSlNkpWuqB9TheUQEm,2008-07-14,10,album,3.67,2008,7
24,46,False,77,4777574,soundtrack,3vARhx9vwOve3Xdu06vM8S,2008-07-14,28,album,6.7,2008,7
11,38,False,77,4779199,soundtrack,63uFfOZpC7jrV7wfuBY2lX,2008-07-14,14,album,6.92,2008,7
2,52,False,77,4779199,soundtrack,63uFfOZpC7jrV7wfuBY2lX,2008-07-14,14,album,6.57,2008,7
12,42,False,77,4779199,soundtrack,63uFfOZpC7jrV7wfuBY2lX,2008-07-14,14,album,3.69,2008,7
1,49,False,77,4777574,soundtrack,63uFfOZpC7jrV7wfuBY2lX,2008-07-14,14,album,9.23,2008,7
2,57,True,45,213395,"latin hip hop, mexican hip hop",3alkenV3DutbhsbuFhqq79,2008-07-01,15,album,3.82,2008,7
2,0,False,43,72674,acid house,4I0cvgX9xMrgycnTqmiZnL,2008-06-30,18,album,4.06,2008,6
1,37,False,62,412759,soundtrack,2BWMcRxbaqevrrut804Xhn,2008-06-30,14,album,2.84,2008,6
4,73,False,84,41176723,,3ROfBX6lJLnCmaw1NrP5K9,2008-06-30,20,album,4.35,2008,6
15,45,False,56,1156467,"country hip hop, country, acoustic country, country rock",4c6GdDyyj3YClAMvGirfO7,2008-06-30,15,album,4.49,2008,6
2,70,False,84,41172203,,3ROfBX6lJLnCmaw1NrP5K9,2008-06-30,20,album,3.33,2008,6
3,0,True,65,2499251,"rap rock, rap metal",0tqQu4YWOgxWhsejh9xsVY,2008-06-30,16,album,3.5,2008,6
22,53,False,60,277497,soundtrack,2LhcAFdMWcB49mHSxYrqJT,2008-06-24,38,compilation,2.38,2008,6
7,77,False,83,38400585,pop,3OALgjCs6Lqw41853v4wEQ,2008-06-17,13,album,3.67,2008,6
2,27,False,83,38385499,pop,2IKALqf7an1mDR7eGupCGr,2008-06-17,12,album,2.99,2008,6
13,49,False,83,38393243,pop,3OALgjCs6Lqw41853v4wEQ,2008-06-17,13,album,2.94,2008,6
3,69,True,86,17938214,"rap, hip hop",5BGzOpea6At0Nd7tYtYZOP,2008-06-10,16,album,3.69,2008,6
7,86,False,88,60830643,,1CEODgTmTwLyabvwd7HBty,2008-06-06,10,album,4.03,2008,6
3,27,False,73,6505444,"aor, classic rock",2DdrOOqcCv3kq8YazRPznq,2008-06-03,22,album,5.02,2008,6
1,83,False,90,69014420,"pop, r&b",3JSWZWeTHF4HDGt5Eozdy7,2008-06-02,15,album,4.59,2008,6
4,87,False,90,68997177,"pop, r&b",3JSWZWeTHF4HDGt5Eozdy7,2008-06-02,15,album,3.34,2008,6
13,81,False,90,68997177,"pop, r&b",3JSWZWeTHF4HDGt5Eozdy7,2008-06-02,15,album,3.97,2008,6
3,2,False,90,68997177,"pop, r&b",1G2ZRwcqN6warfakvcPgEs,2008-06-02,15,album,4.45,2008,6
2,77,False,71,7312594,"soft pop, acoustic pop",04G0YylSjvDQZrjOfE5jA5,2008-05-12,12,album,4.04,2008,5
2,80,False,71,7312588,"soft pop, acoustic pop",1UwzOp5hn3lAbOqsAfXBw8,2008-05-01,26,album,4.04,2008,5
2,67,False,74,7647950,"metal, nu metal, alternative metal, rap metal, hard rock",6hz9f6H7URtoigU517WjD6,2008-04-29,15,album,3.85,2008,4
10,50,True,74,7647950,"metal, nu metal, alternative metal, rap metal, hard rock",6hz9f6H7URtoigU517WjD6,2008-04-29,15,album,4.26,2008,4
3,32,False,77,4777574,soundtrack,2fUdfKoSrzobcPZ4bCSmJR,2008-04-14,17,album,2.94,2008,4
8,43,False,77,4777574,soundtrack,2fUdfKoSrzobcPZ4bCSmJR,2008-04-14,17,album,9.84,2008,4
2,61,False,43,104190,"country, acoustic country",79uExtsVJH2aNcS2Xu4Cim,2008-04-07,11,album,3.91,2008,4
3,80,True,65,386136,,1fpyVGMhF1vdl4XTFo1IH0,2008-03-28,12,album,4.74,2008,3
5,83,False,79,8971415,,5j1wrOAOm5KFd17pPiSvle,2008-03-17,14,album,3.85,2008,3
8,67,False,76,5403309,,5zjZVqXPI7J5qtBsZMjlI8,2008-03-11,31,compilation,5.12,2008,3
1,54,False,66,1475425,,4GG44VSWcotck92vWZYpS5,2008-02-11,6,single,3.42,2008,2
4,77,False,84,37431031,,1C2h7mLntPSeVYciMRTF4a,2008-02-08,30,album,5.95,2008,2
5,75,False,84,37431031,,1C2h7mLntPSeVYciMRTF4a,2008-02-08,30,album,4.3,2008,2
6,78,False,84,37431031,,1C2h7mLntPSeVYciMRTF4a,2008-02-08,30,album,4.89,2008,2
2,68,False,60,544907,"eurodance, europop",1UjziXy5WUcJkEkmHJKLDZ,2008-01-15,16,album,2.94,2008,1
7,69,False,66,2774161,country,4HJ13QK0o292BbCtqww9BK,2008-01-01,12,album,3.86,2008,1
1,58,False,46,88260,,7gBzSSKb7j7ilqVNfGrmY7,2008-01-01,1,single,4.57,2008,1
5,69,False,62,1561325,,4gbQkXljzPRUvYtqQscMO7,2008-01-01,13,album,4.17,2008,1
15,0,False,77,4777574,soundtrack,1cpNN7bkoC28hvsxwEFnJx,2008-01-01,17,compilation,2.65,2008,1
3,80,True,89,42275793,"art pop, pop",1qwlxZTNLe1jq3b0iidlue,2008-01-01,15,album,3.47,2008,1
6,0,False,88,42237551,"art pop, pop",5drTYB3sPmtgLTnj04FUad,2008-01-01,13,album,3.95,2008,1
10,0,False,77,4777574,soundtrack,6xzALceHwgpeBIy1zSEx9d,2008-01-01,17,compilation,3.6,2008,1
1,2,False,81,6002343,,3BHAzidZ03EjVE7ncqyn0M,2008-01-01,14,album,4.01,2008,1
5,51,False,80,10214903,,6XIpXPC8eGUGsBc7XFJ539,2008-01-01,13,album,3.86,2008,1
1,0,False,77,4779199,soundtrack,6xzALceHwgpeBIy1zSEx9d,2008-01-01,17,compilation,3.73,2008,1
12,50,False,52,247035,,4ETVvsILHTLUHGYe3SSpgu,2008-01-01,14,album,3.91,2008,1
3,48,False,79,14884765,,2cKZfaz7GiGtZEeQNj1RyR,2008-01-01,19,compilation,4.11,2008,1
2,55,False,63,1441836,,4ZQyCspw8NPzUZm1VantTn,2008-01-01,13,album,3.98,2008,1
1,0,False,77,4780589,soundtrack,63E6uxCxvkMSDhLZ8IV4mH,2008-01-01,17,compilation,4.69,2008,1
7,48,False,70,3012654,"country, classic country",3UBjWaGRf6ppcvnJd9M9UC,2008-01-01,35,album,5.55,2008,1
6,80,False,68,2408533,,2zwyBK8ea29FqWuY8IiRJu,2008-01-01,16,album,3.22,2008,1
5,68,False,79,14888609,,2cKZfaz7GiGtZEeQNj1RyR,2008-01-01,19,compilation,4.54,2008,1
1,71,False,80,10217787,,6dC6J5qkPcJ1iGshEN5MpX,2008-01-01,12,album,3.9,2008,1
1,69,False,80,10220440,,6dTn9vJSxVTIGm4Cu5dH4x,2008-01-01,13,album,3.9,2008,1
6,51,False,81,26561582,"country pop, rock, hip hop, experimental",0Yu3czJNOQ68fZgkvpjuHL,2008-01-01,12,album,2.53,2008,1
5,82,False,85,13831380,"art rock, alternative rock",5vkqYmiPBYLaalcmjujWxK,2007-12-28,10,album,3.81,2007,12
8,68,False,85,13831380,"art rock, alternative rock",5vkqYmiPBYLaalcmjujWxK,2007-12-28,10,album,5.47,2007,12
16,35,False,58,111922,"anime, soundtrack",4f5CITLlnnTPE49n5Bd0zN,2007-12-19,28,album,1.62,2007,12
19,51,False,58,112003,"anime, soundtrack",4f5CITLlnnTPE49n5Bd0zN,2007-12-19,28,album,2.01,2007,12
13,52,False,58,111922,"anime, soundtrack",4f5CITLlnnTPE49n5Bd0zN,2007-12-19,28,album,2.1,2007,12
3,44,False,58,111922,"anime, soundtrack",4f5CITLlnnTPE49n5Bd0zN,2007-12-19,28,album,1.84,2007,12
1,43,False,42,34057,soundtrack,0MlB0j9pme5zL2IxTTZWAM,2007-12-18,8,album,2.65,2007,12
2,59,False,80,17755451,pop,574xhx2X0G9MkqACxqi4cg,2007-12-18,22,compilation,3.31,2007,12
1,76,True,73,3571591,indie,6mm1Skz3JE6AXneya9Nyiv,2007-12-14,10,album,4.35,2007,12
4,77,False,73,3572246,indie,6mm1Skz3JE6AXneya9Nyiv,2007-12-14,10,album,3.82,2007,12
5,81,False,73,3571100,indie,6mm1Skz3JE6AXneya9Nyiv,2007-12-14,10,album,5.04,2007,12
2,80,False,65,603323,,5I0Wf7lRLZArM1K2uQ1AEA,2007-12-01,14,album,2.96,2007,12
1,0,False,37,9476,soundtrack,49W7uQcw5DwyZViDEOlnWl,2007-11-20,21,compilation,1.76,2007,11
4,71,False,78,12898539,"r&b, neo soul",6KlxyxhXEDo1LdheFulN7h,2007-11-09,17,album,4.23,2007,11
2,59,False,61,1110794,indie,75l5Bqvc0BH45UhJrS04Xj,2007-11-05,13,album,2.69,2007,11
1,84,True,80,17755451,pop,1ePkYcH5ZQCb1b4tQeiEDj,2007-10-25,15,album,4.18,2007,10
1,1,False,47,72493,"celtic, new age, medieval",13S74XwQHqT28nOyvwpFKh,2007-10-08,19,album,2.35,2007,10
3,52,False,57,218503,soundtrack,2bTtOvLX0HONkxoQx3ir7U,2007-10-01,20,compilation,3.57,2007,10
12,61,False,57,218503,soundtrack,2bTtOvLX0HONkxoQx3ir7U,2007-10-01,20,compilation,5.44,2007,10
1,56,False,57,218503,soundtrack,2bTtOvLX0HONkxoQx3ir7U,2007-10-01,20,compilation,2.55,2007,10
1,78,False,75,12955017,"rock, post-grunge, alternative rock, grunge",3ilXDEG0xiajK8AbqboeJz,2007-09-25,12,album,4.48,2007,9
3,70,False,53,154658,,5Chvs2hsJcGowLm4PgigEl,2007-09-24,12,album,5.04,2007,9
5,54,False,52,351329,,6kX0sZ1DFl2TE3e7SNJbkV,2007-09-17,25,album,2.93,2007,9
2,64,False,52,351316,,6kX0sZ1DFl2TE3e7SNJbkV,2007-09-17,25,album,3.73,2007,9
9,85,True,89,31045858,rap,4SZko61aMnmgvNhfhgTuD3,2007-09-11,14,album,3.95,2007,9
3,81,True,89,31038851,rap,4SZko61aMnmgvNhfhgTuD3,2007-09-11,14,album,5.19,2007,9
24,0,False,41,16815,,3My0w4Zp6WkQPFDWiLiWwZ,2007-08-28,25,compilation,2.43,2007,8
11,78,False,66,1475258,,2xoj2gYed3IYmGWn3owSfu,2007-08-20,12,album,3.42,2007,8
2,55,True,48,441127,anti-folk,2gDCBa5P6SnAaY0cadefQS,2007-08-06,14,album,4.08,2007,8
5,0,False,60,133348,"orchestral, classical",6cvLnRWPmgOv9Ty7hitQDC,2007-07-17,100,album,5.87,2007,7
8,45,False,55,55520,soundtrack,5TEFNL3l7ELSJCq8tq4PNy,2007-07-07,18,compilation,6.13,2007,7
5,56,False,56,55561,soundtrack,5TEFNL3l7ELSJCq8tq4PNy,2007-07-07,18,compilation,2.67,2007,7
1,51,False,55,55540,soundtrack,5TEFNL3l7ELSJCq8tq4PNy,2007-07-07,18,compilation,1.76,2007,7
2,48,False,56,55561,soundtrack,5TEFNL3l7ELSJCq8tq4PNy,2007-07-07,18,compilation,2.54,2007,7
1,72,False,61,1987190,,2Z9WUERfMjOgQ6ze9TcGbF,2007-07-03,12,album,4.31,2007,7
1,28,False,50,34710,soundtrack,4bE8Mx4hvIZ6q8xFpCf6RK,2007-06-30,23,album,2.47,2007,6
11,55,False,62,2397896,"indie rock, baroque pop",4GT6uZod4p5RiDMOVHOMme,2007-06-30,11,album,4.78,2007,6
3,38,False,53,202732,,2n2sXuFZW2FrhI8JYhicI7,2007-06-30,16,album,3.47,2007,6
1,44,False,72,10961237,christmas,4LgTmVlUlNWsfriBJ0jury,2007-06-30,17,album,3.62,2007,6
17,59,False,65,3786304,,7t1veDv7FWHYXskQEoU7dq,2007-06-30,17,album,5.24,2007,6
9,8,False,71,5716963,"classical, classical piano, chamber music",4bNwPPpk01D8pVV9IFSBde,2007-06-30,32,album,5.25,2007,6
4,67,False,64,1392074,"mpb, nova mpb, samba",0deZTBaASnRuOxp2IcnTBN,2007-06-30,16,album,3.92,2007,6
3,46,False,54,424793,"nu disco, alternative dance",2hkEt5KqtcZmg7mqJw3N50,2007-06-30,11,album,3.33,2007,6
3,64,False,85,13822540,"art rock, alternative rock",6zTAW5oRuOmxJuUHhcQope,2007-06-30,8,album,3.8,2007,6
13,23,False,26,26604,"post-punk, riot grrrl",3oR1mh4CLqwl4Pp77aYm9o,2007-06-30,46,album,2.64,2007,6
9,32,False,81,26561582,"country pop, rock, hip hop, experimental",0lB2NEOuH7WRqaWotxmIDH,2007-06-26,10,album,2.91,2007,6
1,68,False,81,26561582,"country pop, rock, hip hop, experimental",0lB2NEOuH7WRqaWotxmIDH,2007-06-26,10,album,3.17,2007,6
3,39,False,81,26561582,"country pop, rock, hip hop, experimental",0lB2NEOuH7WRqaWotxmIDH,2007-06-26,10,album,3.04,2007,6
1,36,False,19,2841,,6nPeRGk2SO1anHm1GKeSx9,2007-06-19,11,album,3.59,2007,6
8,39,False,68,3533200,"garage rock, blues rock, rock, alternative rock",2DSNJ8bdoYfC6Uydg8ilBC,2007-06-15,13,album,3.75,2007,6
4,75,False,79,9795296,"pop punk, emo",3UoOO8m0oxxvUHXUKf3qcZ,2007-06-12,14,album,3.52,2007,6
2,71,False,84,41176723,,0Zd10MKN5j9KwUST0TdBBB,2007-05-29,23,album,3.79,2007,5
1,50,False,39,38253,"aor, arena rock",36bvweRYCs0VblEKXb247W,2007-05-29,14,compilation,3.94,2007,5
6,84,False,88,31796892,"nu metal, rap metal, rock, alternative metal",2tlTBLz2w52rpGCLBGyGw6,2007-05-14,12,album,3.42,2007,5
4,80,True,88,31785695,"nu metal, rap metal, rock, alternative metal",2tlTBLz2w52rpGCLBGyGw6,2007-05-14,12,album,2.74,2007,5
2,79,True,88,31796892,"nu metal, rap metal, rock, alternative metal",2tlTBLz2w52rpGCLBGyGw6,2007-05-14,12,album,3.15,2007,5
8,1,True,69,4494273,,40DMb38Z4n5ylfz4n29qt0,2007-05-08,13,album,2.8,2007,5
14,52,False,67,1680797,"outlaw country, classic country, country, honky tonk, traditional country",76v3XMhmRuxlakE6e3lKox,2007-05-01,42,compilation,2.54,2007,5
1,65,False,66,3708746,country,4y5aIMkIOdo6z1c8qsI6xb,2007-05-01,12,album,3.19,2007,5
2,79,False,71,1904542,,6D1YpObdaha620Tm54WbIw,2007-04-27,13,album,3.38,2007,4
5,77,False,84,32068481,"indie, garage rock",1XkGORuUX2QGOEIL4EbJKm,2007-04-22,12,album,3.06,2007,4
12,86,False,84,32059138,"indie, garage rock",1XkGORuUX2QGOEIL4EbJKm,2007-04-22,12,album,4.22,2007,4
5,72,False,76,12004691,,6lqE05fiHWJVYYdMVJNj38,2007-04-17,17,album,4.0,2007,4
1,4,True,76,12004691,,5dfbrFuG8lfC4Yi75J8NmK,2007-04-17,12,album,3.61,2007,4
1,76,True,76,12008159,,6lqE05fiHWJVYYdMVJNj38,2007-04-17,17,album,3.61,2007,4
8,47,False,47,214097,"ebm, industrial, synthpop, darkwave",4T5LnanNnHhUYtXVGJtoww,2007-04-12,10,album,4.78,2007,4
16,74,False,79,3468690,,0V7TZQmJBgI81M9Z7GWxCI,2007-04-02,17,album,3.07,2007,4
5,60,True,75,12766717,"old school hip hop, gangster rap, east coast hip hop, hip hop",5XqEf16OrHdmMoNS1b6WDg,2007-03-02,17,compilation,4.57,2007,3
10,24,False,33,6112,anime,1tjAa8I8rFlgavizBlAGdc,2007-01-13,22,compilation,1.43,2007,1
11,0,False,38,133984,garage rock,7H8mwwZrY0wptuWiIln2pp,2007-01-01,11,album,4.43,2007,1
9,20,False,33,20236,,7FPMykszXPYE2a74RlLinr,2007-01-01,16,compilation,2.48,2007,1
12,57,False,77,4777574,soundtrack,6JoI0NEAqeJ20X6lU3Drx0,2007-01-01,13,album,4.02,2007,1
12,55,False,77,4777574,soundtrack,241F2pNbl6OIJPixynRuiu,2007-01-01,13,compilation,4.02,2007,1
11,50,False,35,35417,,7dnieoimvSordFsWN5Dec5,2007-01-01,12,album,2.95,2007,1
1,63,False,58,733057,,1xY00CnzzvXjYZjZEUS4qI,2007-01-01,11,album,3.54,2007,1
1,30,False,38,22421,,7FPMykszXPYE2a74RlLinr,2007-01-01,16,compilation,2.52,2007,1
4,69,False,81,18703625,soft pop,2KSpGeDoNjqCKg6HL8LAyI,2007-01-01,13,album,3.46,2007,1
16,76,False,79,3469963,,4BxB8U8QgpR4UCvJ0moj8Z,2007-01-01,17,album,3.07,2007,1
2,33,False,53,696538,,4TOOGDpJ9KQ8EM84TC4qj6,2007-01-01,12,album,3.02,2007,1
4,84,False,79,3469963,,4BxB8U8QgpR4UCvJ0moj8Z,2007-01-01,17,album,2.98,2007,1
2,77,False,63,538408,,5DaToG3KvHnUgTPqY4cEbq,2007-01-01,14,album,3.07,2007,1
7,78,False,77,11415609,"emo, pop punk",0hHopYqXhuvYSHtVyrcb1g,2007-01-01,19,album,3.39,2007,1
5,55,False,77,4777574,soundtrack,6JoI0NEAqeJ20X6lU3Drx0,2007-01-01,13,album,2.7,2007,1
5,53,False,77,4780589,soundtrack,241F2pNbl6OIJPixynRuiu,2007-01-01,13,compilation,2.7,2007,1
5,33,False,55,2354296,,2OD92YQZuME96A0b1aJzQF,2007-01-01,14,album,3.24,2007,1
10,32,False,33,20233,,0wk2LEg0xFuuRq35UuLoNz,2007-01-01,31,compilation,3.69,2007,1
1,51,False,77,4777574,soundtrack,6JoI0NEAqeJ20X6lU3Drx0,2007-01-01,13,album,1.51,2007,1
2,31,False,31,3581,,7FPMykszXPYE2a74RlLinr,2007-01-01,16,compilation,2.74,2007,1
12,38,False,33,6528,,0wk2LEg0xFuuRq35UuLoNz,2007-01-01,31,compilation,3.7,2007,1
4,29,False,38,22421,,7FPMykszXPYE2a74RlLinr,2007-01-01,16,compilation,1.84,2007,1
3,19,False,55,45117,,7FPMykszXPYE2a74RlLinr,2007-01-01,16,compilation,2.27,2007,1
2,36,False,49,732101,,5qBqBaLFrdc5sdd1lMHjuY,2007-01-01,13,compilation,3.27,2007,1
9,37,False,62,2599494,,0wk2LEg0xFuuRq35UuLoNz,2007-01-01,31,compilation,4.41,2007,1
2,76,False,68,2408533,,5wFQi4xOTXILQSKQr0Ft8s,2007-01-01,14,album,3.69,2007,1
13,55,False,77,4777574,soundtrack,6JoI0NEAqeJ20X6lU3Drx0,2007-01-01,13,album,4.53,2007,1
1,38,False,38,22421,,0wk2LEg0xFuuRq35UuLoNz,2007-01-01,31,compilation,1.07,2007,1
4,42,False,57,1200693,"art pop, singer-songwriter, alternative rock",4IeJySFMS6reB6BeYzMp5j,2007-01-01,11,album,2.37,2007,1
11,54,False,59,419072,"bluegrass, christian country, americana",2i3Fr0qXGyR57MfWNPcMKP,2007-01-01,16,album,4.34,2007,1
10,32,False,33,20233,,0wk2LEg0xFuuRq35UuLoNz,2007-01-01,31,compilation,1.33,2007,1
5,42,False,33,6526,,0wk2LEg0xFuuRq35UuLoNz,2007-01-01,31,compilation,3.18,2007,1
3,48,False,55,2354141,,2OD92YQZuME96A0b1aJzQF,2007-01-01,14,album,3.01,2007,1
1,64,False,53,696587,,4TOOGDpJ9KQ8EM84TC4qj6,2007-01-01,12,album,3.66,2007,1
3,36,False,46,530174,,5qBqBaLFrdc5sdd1lMHjuY,2007-01-01,13,compilation,3.23,2007,1
24,56,False,63,430274,soundtrack,7Dr08Oi3zxdCzmFulSXSs2,2007-01-01,24,compilation,2.15,2007,1
15,60,True,63,7081511,"gangster rap, old school hip hop, west coast hip hop, g-funk",63e4jpPrJzjGsTxM4QOOFb,2007-01-01,17,compilation,5.54,2007,1
1,59,False,63,1441603,,7tU9I1v08hhpQUavJjCwDS,2007-01-01,1,single,3.96,2007,1
2,45,False,77,4777574,soundtrack,241F2pNbl6OIJPixynRuiu,2007-01-01,13,compilation,3.68,2007,1
4,36,False,38,22416,,0wk2LEg0xFuuRq35UuLoNz,2007-01-01,31,compilation,2.99,2007,1
1,47,False,55,2354296,,2OD92YQZuME96A0b1aJzQF,2007-01-01,14,album,4.17,2007,1
4,0,False,50,32194,"anime, soundtrack",4YPQsBdBBN3olFYXBl8rmq,2006-12-21,30,album,3.06,2006,12
20,49,False,62,412983,soundtrack,2YwDj8TchnUvnxekoIcQ0X,2006-12-19,24,album,2.64,2006,12
3,52,False,62,3751254,"egyptian pop, khaleeji, sholawat",1EUOmPNn2Fw6dwsjxKLFmC,2006-12-01,11,album,3.63,2006,12
4,36,False,62,3748353,"egyptian pop, khaleeji, sholawat",1EUOmPNn2Fw6dwsjxKLFmC,2006-12-01,11,album,4.45,2006,12
7,24,False,62,3745808,"egyptian pop, khaleeji, sholawat",1EUOmPNn2Fw6dwsjxKLFmC,2006-12-01,11,album,5.9,2006,12
11,28,False,62,3751254,"egyptian pop, khaleeji, sholawat",1EUOmPNn2Fw6dwsjxKLFmC,2006-12-01,11,album,4.54,2006,12
5,51,False,62,3745808,"egyptian pop, khaleeji, sholawat",1EUOmPNn2Fw6dwsjxKLFmC,2006-12-01,11,album,3.47,2006,12
6,37,False,62,3748353,"egyptian pop, khaleeji, sholawat",1EUOmPNn2Fw6dwsjxKLFmC,2006-12-01,11,album,3.41,2006,12
10,25,False,62,3745808,"egyptian pop, khaleeji, sholawat",1EUOmPNn2Fw6dwsjxKLFmC,2006-12-01,11,album,4.86,2006,12
1,66,False,62,3748353,"egyptian pop, khaleeji, sholawat",1EUOmPNn2Fw6dwsjxKLFmC,2006-12-01,11,album,4.37,2006,12
9,28,False,62,3751254,"egyptian pop, khaleeji, sholawat",1EUOmPNn2Fw6dwsjxKLFmC,2006-12-01,11,album,4.33,2006,12
2,52,False,62,3745808,"egyptian pop, khaleeji, sholawat",1EUOmPNn2Fw6dwsjxKLFmC,2006-12-01,11,album,4.51,2006,12
8,33,False,62,3751254,"egyptian pop, khaleeji, sholawat",1EUOmPNn2Fw6dwsjxKLFmC,2006-12-01,11,album,4.53,2006,12
25,39,False,50,42445,soundtrack,4GWyNknKDbVB8Lg1IiTy5k,2006-11-14,25,compilation,2.82,2006,11
7,59,True,66,2133926,east coast hip hop,7L3ybS1mQpWwAiZm4FuNwn,2006-11-14,15,album,4.12,2006,11
14,73,False,68,3672166,country,5XPdkIryKSpTKW21HUtvV0,2006-11-13,14,album,4.6,2006,11
2,69,False,68,3672166,country,5XPdkIryKSpTKW21HUtvV0,2006-11-13,14,album,3.56,2006,11
4,78,False,81,7714772,"nu metal, alternative metal, rap metal, shoegaze, rock",4ilqDlqD37nilewk9x8tyZ,2006-10-25,12,album,5.29,2006,10
4,52,False,100,145443567,"country, pop, indie, folk",7mzrIsaAjnXihW3InKjlC3,2006-10-24,15,album,3.32,2006,10
5,80,False,78,10298850,"emo, pop punk",0FZK97MXMm5mUQ8mtudjuK,2006-10-20,14,album,5.18,2006,10
1,64,False,72,5563752,soft rock,53ufl2hkXUBHfvXfr2SRpt,2006-10-09,13,album,3.2,2006,10
1,59,False,65,2382165,,7HXyfz36hYQ4yt7VOQsXWr,2006-10-01,12,album,3.58,2006,10
3,77,False,76,8006321,alternative rock,4o3RJndRhHxkieQzQGhmbw,2006-09-27,12,album,3.67,2006,9
14,53,False,69,2572589,"outlaw country, classic country, country, traditional country, honky tonk",3DDUesugWE5mJjTF5HFsRg,2006-09-26,92,album,3.04,2006,9
4,62,False,66,1984196,,0TDJRkEr2SrhWTetdkEzED,2006-09-18,16,album,4.24,2006,9
6,78,False,81,15823760,,2scB1uhcCI1TSf6b9TCZK3,2006-09-12,12,album,7.47,2006,9
2,85,True,82,15826961,,2scB1uhcCI1TSf6b9TCZK3,2006-09-12,12,album,4.04,2006,9
14,0,False,28,11134,,499uRNoOKJfb9MYTjZ7hIq,2006-08-28,16,album,2.45,2006,8
11,0,False,76,9245741,,4hpmO3kS2S4wd8XQR8DFe0,2006-08-28,32,compilation,3.97,2006,8
4,61,False,76,9247395,,0zRJsgzHZUUdk8Rjk6Segd,2006-08-14,22,album,3.81,2006,8
4,24,False,48,808426,,2n1GcX9oFEQwAXUqTNyXbg,2006-08-14,14,album,3.2,2006,8
5,31,False,48,808426,,2n1GcX9oFEQwAXUqTNyXbg,2006-08-14,14,album,3.66,2006,8
2,80,False,66,1897453,,0j1qzjaJmsF1FkcICf3hRu,2006-08-07,11,album,3.67,2006,8
1,78,False,66,1898249,,0j1qzjaJmsF1FkcICf3hRu,2006-08-07,11,album,3.2,2006,8
3,67,False,60,2011461,"country, acoustic country",5YG0aqiSCfhcWmW2KEsSWJ,2006-07-18,10,album,3.92,2006,7
4,53,True,57,1215070,,4X8Y79gWo6xm7Osdapg58E,2006-07-10,9,album,4.83,2006,7
6,20,False,19,4036,,2dBu41Lh9gta7XshRbAbVe,2006-06-30,12,album,2.39,2006,6
5,82,True,75,9747371,,0E4xv5gPjykrwBgBZzI8XG,2006-06-30,19,album,4.02,2006,6
7,72,True,75,9748123,,0E4xv5gPjykrwBgBZzI8XG,2006-06-30,19,album,3.1,2006,6
2,62,False,60,544907,"eurodance, europop",682Hmk9B735917lt9qwZz4,2006-06-30,15,album,3.34,2006,6
1,0,False,57,327242,soundtrack,50kMWJm0ist2Q4Nm3zVsox,2006-06-30,35,album,2.59,2006,6
1,69,False,64,2716219,"country, christian country",5NATaOfEAcyQFATqWZRKLO,2006-06-30,11,album,3.8,2006,6
4,73,False,64,2716219,"country, christian country",5NATaOfEAcyQFATqWZRKLO,2006-06-30,11,album,3.53,2006,6
3,81,False,76,8466090,"alternative rock, rock",0lw68yx3MhKflWFqCsGkIs,2006-06-28,12,album,3.54,2006,6
2,76,False,75,8464040,"alternative rock, rock",0lw68yx3MhKflWFqCsGkIs,2006-06-28,12,album,4.0,2006,6
2,71,False,77,7297885,"post-grunge, rock",4ZDwEvXIKxWdwhAQK8ndBU,2006-06-25,12,album,3.38,2006,6
3,81,False,77,7297885,"post-grunge, rock",4ZDwEvXIKxWdwhAQK8ndBU,2006-06-25,12,album,3.85,2006,6
4,74,False,77,7297885,"post-grunge, rock",4ZDwEvXIKxWdwhAQK8ndBU,2006-06-25,12,album,3.48,2006,6
2,63,False,77,7302348,"post-grunge, rock",4ohPMPeZukCChC6xNJpeYx,2006-06-13,13,album,3.38,2006,6
6,65,True,77,7302348,"post-grunge, rock",4ohPMPeZukCChC6xNJpeYx,2006-06-13,13,album,3.45,2006,6
3,76,False,77,7297885,"post-grunge, rock",4ohPMPeZukCChC6xNJpeYx,2006-06-13,13,album,3.85,2006,6
2,81,False,83,23226759,"funk rock, alternative rock, rock",7xl50xr9NDkd3i2kBbzsNZ,2006-05-09,29,album,5.57,2006,5
1,79,False,82,23218829,"funk rock, alternative rock, rock",7xl50xr9NDkd3i2kBbzsNZ,2006-05-09,29,album,4.7,2006,5
1,57,False,63,430274,soundtrack,1FuLQGtfibFyfzSDDiEUhK,2006-05-08,21,album,0.86,2006,5
1,66,True,74,2223643,,3nxPzWEJBjzonYWtTNb0uY,2006-05-08,13,album,3.28,2006,5
1,78,False,90,68997177,"pop, r&b",2JdjS6jjOml7nt7Yjo0nnh,2006-04-10,13,album,3.98,2006,4
4,57,False,65,189122,"medieval, soundtrack",7cTbjqfofNfUq5eIlicTXk,2006-03-20,25,album,2.85,2006,3
12,51,False,64,189122,"medieval, soundtrack",7cTbjqfofNfUq5eIlicTXk,2006-03-20,25,album,2.08,2006,3
3,61,False,46,53901,,2qmrRoUZQemrKFr9PBMDHd,2006-03-07,3,single,3.45,2006,3
1,75,False,73,4044863,surf rock,4nvgSs9EQXS5AIwprqq8OU,2006-02-24,3,single,3.49,2006,2
1,2,False,65,615439,"europop, eurodance",6lKJ28PcwG7lPfBZss1RZG,2006-02-21,14,album,3.27,2006,2
1,70,False,75,6446735,"garage rock, indie rock, alternative rock",1HQ61my1h3VWp2EBWKlp0n,2006-01-03,14,album,3.15,2006,1
3,77,False,60,435132,indie,5g4E06cxsFEMFE9hSekAt2,2006-01-01,11,album,4.61,2006,1
3,58,False,77,4780589,soundtrack,5eQEdvd6pq0uo2pQa56aUH,2006-01-01,12,compilation,3.25,2006,1
4,76,False,62,1532727,"pop punk, emo",6TyPSzd5rA2rQ9yLJJ1Gg2,2006-01-01,11,album,3.2,2006,1
2,70,False,63,1441836,,676W2PECpK9UJuuqyjXRjk,2006-01-01,11,album,3.36,2006,1
1,20,False,63,1441836,,2GYxIp48jpJbxRrHQ6Mp35,2006-01-01,2,single,3.36,2006,1
22,0,False,55,255079,"exotica, adult standards, easy listening",4d1o8H5QwEsE6vdxOlC5e3,2006-01-01,22,album,2.69,2006,1
4,86,False,77,4723127,,2yboV2QBcVGEhcRlYuPpDT,2006-01-01,17,album,4.03,2006,1
10,82,False,77,4720951,,2yboV2QBcVGEhcRlYuPpDT,2006-01-01,17,album,3.71,2006,1
10,54,False,80,10214903,,6SUV4nzZobjuioos5VDUl7,2006-01-01,14,album,3.68,2006,1
6,60,False,63,1441603,,676W2PECpK9UJuuqyjXRjk,2006-01-01,11,album,3.52,2006,1
3,84,True,82,6005038,,6kzoWb4UzvKYgbDfAwgaFq,2006-01-01,12,album,3.53,2006,1
3,1,False,80,10217787,,1WO7bigEZckVrkzPBjAsiQ,2006-01-01,13,album,3.45,2006,1
2,48,False,77,4779199,soundtrack,5eQEdvd6pq0uo2pQa56aUH,2006-01-01,12,compilation,6.89,2006,1
2,76,False,73,7067574,,7xnZ539lh8x6de9jzlpCJp,2006-01-01,12,album,4.1,2006,1
15,50,False,63,301226,soundtrack,5ioofsYWPJb5tIfIlPAOIh,2006-01-01,32,compilation,0.8,2006,1
4,76,True,81,6002343,,6kzoWb4UzvKYgbDfAwgaFq,2006-01-01,12,album,4.11,2006,1
1,0,False,77,4777574,soundtrack,6sh5jP6qYSrRvgIFs689QO,2006-01-01,12,compilation,6.1,2006,1
6,57,True,70,5199185,west coast hip hop,0GKZO3H9pNVgTuhwCJ7TJp,2006-01-01,16,album,3.96,2006,1
4,67,False,75,6158071,alternative metal,3lFQ9ihSNR5YD0yi0yTzdC,2006-01-01,13,album,3.73,2006,1
1,63,True,82,6007512,,6X7HEjHrNHimc0buMQpNya,2006-01-01,13,album,3.91,2006,1
1,55,True,68,6156460,,5AEwzn7BjWpm420KJUO6sV,2006-01-01,1,single,3.46,2006,1
2,84,False,77,4727543,,2yboV2QBcVGEhcRlYuPpDT,2006-01-01,17,album,4.31,2006,1
1,54,False,77,4725236,,4eTWn17GjuDK0Yq9nBDG9H,2006-01-01,2,single,3.3,2006,1
16,48,False,59,267858,,3Xiz5kq12VOzTw9Kun7m0f,2006-01-01,20,compilation,1.98,2006,1
9,77,False,67,2652767,"indie, indie rock",03JPFQvZRnHHysSZrSFmKY,2006-01-01,14,album,3.39,2006,1
9,47,False,59,267791,,3Xiz5kq12VOzTw9Kun7m0f,2006-01-01,20,compilation,2.07,2006,1
8,57,False,59,133868,,1gquVtfIDwZKamEZtJL8qe,2006-01-01,13,compilation,3.45,2006,1
3,71,False,71,5155421,"alternative metal, post-grunge, rock, hard rock",2usyeZYdUHKlNHKDKgAYSo,2006-01-01,13,album,3.64,2006,1
2,72,False,75,6158071,alternative metal,3lFQ9ihSNR5YD0yi0yTzdC,2006-01-01,13,album,3.57,2006,1
3,83,False,68,3301184,,3k7bXPw2u0C0SBKPMsgMS3,2006-01-01,11,album,4.46,2006,1
5,51,False,56,153209,soundtrack,01wn5MrXTUWjdYTLYC2wqU,2005-12-13,17,compilation,1.21,2005,12
13,54,False,56,153209,soundtrack,01wn5MrXTUWjdYTLYC2wqU,2005-12-13,17,compilation,5.53,2005,12
9,48,False,55,153149,soundtrack,01wn5MrXTUWjdYTLYC2wqU,2005-12-13,17,compilation,3.2,2005,12
9,2,False,75,9695205,"nu metal, metal, rap metal, alternative metal",61IAfZngW0BgATiyHJPijP,2005-12-06,14,album,3.32,2005,12
6,77,True,88,104539036,"rap, hip hop",5qENHeCSlwWpEzb25peRmQ,2005-12-06,24,compilation,5.44,2005,12
2,1,False,87,28327351,r&b,2gRm1k9fVkhTfZDHvBI2sR,2005-11-29,16,album,3.83,2005,11
4,1,False,85,39788275,latin pop,5ppnlEoj4HdRRdRihnY3jU,2005-11-28,13,album,3.25,2005,11
3,39,False,85,39788275,latin pop,5ppnlEoj4HdRRdRihnY3jU,2005-11-28,13,album,3.63,2005,11
11,82,False,80,13976718,"nu metal, metal, alternative metal, rap metal, rock",3QxX3NbWyLlLG6lP1xveL3,2005-11-22,12,album,2.79,2005,11
1,43,False,70,1604690,soundtrack,4EstIlJ9P9TVBCOlvVLADj,2005-11-22,18,album,1.52,2005,11
7,76,False,68,6125781,country,0kys2jaKAiDPfNBd4z7LAg,2005-11-14,14,album,3.33,2005,11
1,78,False,78,8794984,,1hg0pQJLE9dzfT1kgZtDPr,2005-11-11,12,album,5.62,2005,11
12,56,False,55,97044,soundtrack,64gUb1lgmNhAK0IPfVsR6K,2005-11-09,24,compilation,2.9,2005,11
1,45,False,55,97014,soundtrack,64gUb1lgmNhAK0IPfVsR6K,2005-11-09,24,compilation,1.48,2005,11
11,49,False,55,97014,soundtrack,64gUb1lgmNhAK0IPfVsR6K,2005-11-09,24,compilation,2.15,2005,11
2,44,False,54,1524123,"country, acoustic country",5xPDOWC4cy0sS9FrF7HiHZ,2005-11-01,13,compilation,4.25,2005,11
10,71,True,76,12721192,emo,01hp4DvayKlnqUQrmk0vvz,2005-09-27,13,album,3.09,2005,9
11,82,False,81,5279150,dancehall,32Bu3ETQhR1PFCj3ndDlYf,2005-09-27,18,album,3.6,2005,9
11,65,False,78,7846032,"post-grunge, rock",74qGFpCx9XpFaZUnqqdDtb,2005-09-26,15,album,4.2,2005,9
11,59,False,66,490560,soundtrack,7EB12gs5cyRcj9TsdZwYEd,2005-09-20,24,compilation,1.88,2005,9
1,65,False,74,7647950,"metal, nu metal, alternative metal, rap metal, hard rock",0Te7OvzuUMnbsqCneIDUm6,2005-09-19,14,album,3.53,2005,9
9,67,False,74,7646449,"metal, nu metal, alternative metal, rap metal, hard rock",0Te7OvzuUMnbsqCneIDUm6,2005-09-19,14,album,3.41,2005,9
3,84,False,73,4290197,,1IM3GwptCGYjRkzCBolyFK,2005-09-13,12,album,4.37,2005,9
7,82,False,73,4290197,,1IM3GwptCGYjRkzCBolyFK,2005-09-13,12,album,4.44,2005,9
1,37,False,40,24209,,53BybWKP1ZtpTzYn4VxYOW,2005-09-06,11,album,2.98,2005,9
4,79,True,89,31045858,rap,5ll74bqtkcXlKE7wwkMq4g,2005-08-30,21,album,3.46,2005,8
1,79,False,90,69030894,"pop, r&b",4FyGpObwABjn0o8Tdp7AZz,2005-08-29,13,album,4.11,2005,8
5,64,False,64,2898444,country,32LSfRBN2QI84fkkVX0edr,2005-08-16,21,album,4.44,2005,8
12,57,False,64,2898320,country,32LSfRBN2QI84fkkVX0edr,2005-08-16,21,album,4.11,2005,8
3,79,False,67,3967538,,5sHvTCk793vr9EkSKcD7IT,2005-08-16,12,album,3.85,2005,8
1,57,False,70,3297399,,1ekaxA9Q5GzUPCepx4wzMF,2005-08-08,10,album,4.05,2005,8
2,75,True,70,3298298,,1ekaxA9Q5GzUPCepx4wzMF,2005-08-08,10,album,3.49,2005,8
3,57,False,58,694334,,6dhqlbbOqTKD5xbN3iRqlY,2005-08-01,16,album,3.2,2005,8
2,70,False,58,694334,,6dhqlbbOqTKD5xbN3iRqlY,2005-08-01,16,album,2.86,2005,8
35,28,False,63,699238,,7aKzrHCJ0Y5Mdb44uMDakg,2005-07-27,35,album,2.05,2005,7
14,1,False,57,218550,soundtrack,37yBGUgwtALKSBXwFt8Bzq,2005-07-01,14,album,3.68,2005,7
3,67,False,78,7849274,"post-grunge, rock",3MNvfg19MJsXCQ0I3WVdkm,2005-06-30,27,album,4.31,2005,6
8,38,False,55,984364,,7ByjOOmDkEgm1HC9LwOPNg,2005-06-30,16,album,2.72,2005,6
6,45,False,55,984364,,7ByjOOmDkEgm1HC9LwOPNg,2005-06-30,16,album,3.5,2005,6
15,55,False,55,984364,,7ByjOOmDkEgm1HC9LwOPNg,2005-06-30,16,album,3.48,2005,6
9,0,False,70,1604690,soundtrack,5dbVApKV5xebsSjsSnYnTW,2005-06-30,15,album,3.95,2005,6
4,81,True,70,5199185,west coast hip hop,4PrPbmm0gKvaD3rerOXFg8,2005-06-30,18,album,3.44,2005,6
1,84,False,75,1125738,,5DuihGAcuJdwyktx3EmncM,2005-06-30,24,album,3.58,2005,6
6,75,True,70,5199985,west coast hip hop,4PrPbmm0gKvaD3rerOXFg8,2005-06-30,18,album,3.92,2005,6
3,52,True,40,679564,"southern hip hop, crunk",56SzsFOWRCqayvViYU63kk,2005-06-21,16,album,4.28,2005,6
14,59,True,66,2135253,east coast hip hop,1daamdMx4wmSEC3mfiCN37,2005-06-14,16,album,4.83,2005,6
3,74,False,75,12955017,"rock, post-grunge, alternative rock, grunge",2eprpJCYbCbPZRKVGIEJxZ,2005-06-14,20,album,4.26,2005,6
7,73,False,88,60804949,,4E7bV0pzG0LciBSWTszra6,2005-06-07,13,album,4.79,2005,6
4,85,False,88,60830643,,4E7bV0pzG0LciBSWTszra6,2005-06-07,13,album,4.92,2005,6
5,68,False,88,60818952,,4E7bV0pzG0LciBSWTszra6,2005-06-07,13,album,5.18,2005,6
12,83,False,82,14505359,,0bUTHlWbkSQysoM3VsWldT,2005-05-23,15,album,4.08,2005,5
6,89,False,82,14505359,,0bUTHlWbkSQysoM3VsWldT,2005-05-23,15,album,3.71,2005,5
5,71,False,80,13976718,"nu metal, metal, alternative metal, rap metal, rock",0cn6MHyx4YuZauaB7Pb66o,2005-05-17,11,album,4.15,2005,5
4,51,False,70,1605379,soundtrack,6zhlos3HFJrWni7rjqxacg,2005-05-03,15,album,4.08,2005,5
3,52,False,70,1605379,soundtrack,6zhlos3HFJrWni7rjqxacg,2005-05-03,15,album,3.71,2005,5
12,41,False,71,1605820,soundtrack,6zhlos3HFJrWni7rjqxacg,2005-05-03,15,album,2.66,2005,5
3,36,False,56,153173,soundtrack,3ma0m844SCFpeSFTv7uaKR,2005-04-26,19,album,2.01,2005,4
2,75,False,63,2146238,post-grunge,2hOY4rDu51XSBvtwfWgSmz,2005-03-22,12,album,3.25,2005,3
2,52,False,39,22403,,3fuyXU6qRuSyC8yK3cMu83,2005-03-18,15,album,3.11,2005,3
7,1,True,82,18860205,"east coast hip hop, old school hip hop",5U3tO3xfGNvuq5FZ8SrZs9,2005-03-03,21,album,3.47,2005,3
3,75,False,58,323888,,4zhigAhPwqp43XVHBiVeQI,2005-02-22,10,album,3.89,2005,2
10,76,False,67,1672769,,4Ug3M4a8wAEebndVIF65fX,2005-02-22,18,album,4.06,2005,2
1,74,False,73,6893010,christmas,1f9vWKabhNPNQnHLleExSh,2005-02-08,15,album,3.95,2005,2
1,67,False,73,6893010,christmas,2koUTBXkwUt2uJYv0uezHx,2005-02-07,13,album,3.95,2005,2
1,68,False,68,1486614,"japanese classical, anime",5y3QOvNMlvamEs4rzua8JV,2005-01-26,9,album,5.18,2005,1
13,79,False,62,1345390,,4vUClKTFaDWnsHE8rK52GY,2005-01-25,13,album,3.87,2005,1
4,2,True,89,31038851,rap,4GRDFQ9HRoO0by8H0r2a3I,2005-01-01,21,album,3.46,2005,1
5,41,False,66,9676780,"egyptian pop, sholawat, khaleeji",3QutrFTKwcT0Wn99v3u9cw,2005-01-01,10,album,4.29,2005,1
2,50,False,66,9676780,"egyptian pop, sholawat, khaleeji",3QutrFTKwcT0Wn99v3u9cw,2005-01-01,10,album,4.3,2005,1
5,72,False,65,1748684,britpop,1DwcGY8AK9RS0IgmozyvyP,2005-01-01,11,album,4.95,2005,1
1,28,False,69,6271129,,3LiogTDUCMJII7uNMGecJ4,2005-01-01,14,album,4.53,2005,1
8,39,False,66,9676780,"egyptian pop, sholawat, khaleeji",3QutrFTKwcT0Wn99v3u9cw,2005-01-01,10,album,4.11,2005,1
6,32,False,66,9661696,"egyptian pop, sholawat, khaleeji",3QutrFTKwcT0Wn99v3u9cw,2005-01-01,10,album,4.8,2005,1
10,35,False,66,9661696,"egyptian pop, sholawat, khaleeji",3QutrFTKwcT0Wn99v3u9cw,2005-01-01,10,album,3.74,2005,1
3,45,False,66,9661696,"egyptian pop, sholawat, khaleeji",3QutrFTKwcT0Wn99v3u9cw,2005-01-01,10,album,4.32,2005,1
3,67,False,57,862404,"country, acoustic country",0fuGd7HQHt8xUoJKEuWAFl,2005-01-01,11,album,3.11,2005,1
9,42,False,66,9676780,"egyptian pop, sholawat, khaleeji",3QutrFTKwcT0Wn99v3u9cw,2005-01-01,10,album,4.59,2005,1
1,2,False,75,4781161,,4vWdSsgQzazxS7ndj9VcnO,2005-01-01,37,compilation,5.92,2005,1
1,11,True,81,9553224,,2szeSQtOcJgRhDXmTS3SIf,2005-01-01,15,album,3.55,2005,1
4,68,True,57,1016915,southern hip hop,31dzB4ULKZfOH71tuaBiR8,2005-01-01,16,album,5.05,2005,1
2,32,False,67,5273567,country,4oWY0R5Ks639c8OGa0lHcK,2005-01-01,15,album,5.36,2005,1
8,75,False,61,2078962,post-grunge,2SmDuZSWtjukp9gkG2mcBQ,2005-01-01,10,album,4.36,2005,1
1,41,False,66,9676780,"egyptian pop, sholawat, khaleeji",3QutrFTKwcT0Wn99v3u9cw,2005-01-01,10,album,3.91,2005,1
5,77,False,81,9553224,,6VsJamdhvYKcnpwHAKULI0,2005-01-01,16,album,5.44,2005,1
7,45,False,66,9684217,"egyptian pop, sholawat, khaleeji",3QutrFTKwcT0Wn99v3u9cw,2005-01-01,10,album,4.63,2005,1
4,66,False,66,9676780,"egyptian pop, sholawat, khaleeji",3QutrFTKwcT0Wn99v3u9cw,2005-01-01,10,album,4.65,2005,1
3,72,False,69,5146839,"grunge, post-grunge, alternative metal",0HQhToIjonHnJRRPN4jeJU,2005-01-01,12,album,4.64,2005,1
1,74,False,73,4044367,surf rock,2B9q4KPjOEYu885Keo9dfX,2005-01-01,15,album,3.46,2005,1
23,1,False,47,14091,medieval,3McPVq1RT8F2ERSiajR3WS,2004-11-23,30,compilation,1.24,2004,11
3,71,True,73,7067574,,34y7m68F7rN9ou6m5GWohR,2004-11-12,13,album,3.33,2004,11
16,85,True,88,104539036,"rap, hip hop",1kTlYbs28MXw7hwO0NLYif,2004-11-12,23,album,4.17,2004,11
2,71,False,73,7069432,,34y7m68F7rN9ou6m5GWohR,2004-11-12,13,album,3.93,2004,11
1,50,False,64,430400,soundtrack,5Gqln6CvkfVOlDq1ne1usV,2004-11-02,19,album,3.53,2004,11
6,55,False,63,430076,soundtrack,5Gqln6CvkfVOlDq1ne1usV,2004-11-02,19,album,1.4,2004,11
9,45,False,63,430076,soundtrack,5Gqln6CvkfVOlDq1ne1usV,2004-11-02,19,album,3.27,2004,11
3,1,True,73,7068533,,1HduTydfaUY3idi2YgT3mb,2004-10-27,12,album,3.33,2004,10
13,54,True,64,2757877,,0852dsZQyLOGmvotlvOvoA,2004-10-11,18,album,4.48,2004,10
2,70,False,68,3672255,country,5NH87jdrVjOHt8gDMHT1Wy,2004-09-28,12,album,3.77,2004,9
3,71,True,80,17327094,"punk, pop punk",5dN7F9DV0Qg1XRdIgW8rke,2004-09-21,9,album,8.22,2004,9
3,56,True,80,17327094,"punk, pop punk",5Qhn2FpGWmTjCuntF09j7g,2004-09-21,12,album,8.22,2004,9
6,50,True,80,17333748,"punk, pop punk",5dN7F9DV0Qg1XRdIgW8rke,2004-09-21,9,album,7.66,2004,9
7,81,False,80,17333748,"punk, pop punk",5dN7F9DV0Qg1XRdIgW8rke,2004-09-21,9,album,4.76,2004,9
4,85,False,71,1904542,,3PEzTAuPW5IjLJ58FzwQeL,2004-08-30,14,album,4.32,2004,8
5,66,False,69,5042529,"country, classic country",0os1Gz3XMM6dduZSMxVuXs,2004-08-17,16,album,5.0,2004,8
5,67,False,60,1234078,"post-grunge, alternative metal, hard rock",6hqietEuZCikevdO2oGTcx,2004-08-10,11,album,4.33,2004,8
1,49,False,66,490560,soundtrack,1ewzcnxwhekq50IMd864PW,2004-07-27,15,compilation,3.35,2004,7
5,6,False,85,37813429,"reggaeton, latin",5i2HhIrYyMNQvmsBk9h8Im,2004-07-13,23,album,3.21,2004,7
4,82,False,78,14083185,"nu metal, metal, alternative metal, rap metal, heavy metal",4ZDBQSIDIZRUBOG2OHcN3T,2004-06-30,22,album,4.21,2004,6
2,88,False,76,8006321,alternative rock,4piJq7R3gjUOxnYs6lDCTg,2004-06-30,12,album,3.71,2004,6
6,72,True,76,12004691,,7851Vsjv3apS52sXUik6iF,2004-06-30,13,album,4.04,2004,6
4,74,False,72,10961237,christmas,20jYcJane0oI7VoMNoEOJU,2004-06-30,12,album,3.65,2004,6
1,70,False,72,10960422,christmas,20jYcJane0oI7VoMNoEOJU,2004-06-30,12,album,3.95,2004,6
4,82,False,76,8006321,alternative rock,4piJq7R3gjUOxnYs6lDCTg,2004-06-30,12,album,3.28,2004,6
1,0,False,12,12757,,2NrLq1xMGoa27SKIHpez15,2004-06-30,1,single,4.0,2004,6
1,53,False,76,12010110,,7851Vsjv3apS52sXUik6iF,2004-06-30,13,album,2.96,2004,6
3,5,False,68,2991445,indie rock,0mUEGMT2YlzCWGeWOJjBKD,2004-06-30,11,album,3.95,2004,6
2,28,False,15,1778,surf rock,4HfweNhhEKsNPOwmwoCWpY,2004-06-30,21,album,2.73,2004,6
2,9,False,76,8006321,alternative rock,4undIeGmofnAYKhnDclN1w,2004-06-15,11,album,3.7,2004,6
9,45,False,55,1309042,"noise rock, grunge, alternative rock, post-punk, shoegaze",7gA7xctF7tq62T2YooL6wS,2004-06-08,10,album,7.03,2004,6
11,44,False,70,1604690,soundtrack,7DDls7RWrCLvZgTVCJgfcq,2004-05-25,21,compilation,1.99,2004,5
5,57,False,70,1604690,soundtrack,7DDls7RWrCLvZgTVCJgfcq,2004-05-25,21,compilation,1.62,2004,5
7,59,False,70,1605379,soundtrack,7DDls7RWrCLvZgTVCJgfcq,2004-05-25,21,compilation,3.9,2004,5
4,77,False,73,3922290,,0MlTOiC5ZYKFGeZ8h3D4rd,2004-05-10,12,album,3.59,2004,5
1,86,False,73,3919651,,0MlTOiC5ZYKFGeZ8h3D4rd,2004-05-10,12,album,3.95,2004,5
8,1,False,66,2742164,nu metal,2NpfPQ6AQn50AZpPP412uU,2004-04-27,12,album,3.88,2004,4
9,69,False,56,1257253,country,0mX8aXMM7nYOGUTGcTEeZH,2004-04-20,13,album,3.33,2004,4
3,74,False,62,1572658,"indie rock, indie, alternative rock",0TGTGuc2vXv6ZECoAf52N0,2004-04-05,16,album,3.47,2004,4
4,62,False,60,1296424,"country, classic country, traditional country",7tSd0AJFyjO92jEw4r1J8r,2004-03-30,12,album,3.8,2004,3
8,6,False,76,8466090,"alternative rock, rock",0HcHPBu9aaF1MxOiZmUQTl,2004-03-23,15,album,3.79,2004,3
2,85,False,80,13749886,r&b,1RM6MGv6bcl6NrAG8PGoZk,2004-03-23,21,album,4.17,2004,3
2,75,False,68,3993013,r&b,0aihmuRLi1gBkxk4mbNfcv,2004-03-15,14,album,4.15,2004,3
6,59,True,75,12762931,"old school hip hop, gangster rap, east coast hip hop, hip hop",46JQVqJpOg8opDLUl1qHT1,2004-03-09,15,compilation,4.16,2004,3
5,69,False,54,169924,"europop, eurodance",0LUnPpNFYk72u29RAW2aLJ,2004-02-23,9,album,3.58,2004,2
2,75,False,72,10960422,christmas,5gDAEao3VxFdbm8vS0koQq,2004-01-17,12,album,3.14,2004,1
7,68,False,68,3300881,,6rnHGj9PUHcEQCp4xdjbeJ,2004-01-01,12,album,5.9,2004,1
8,64,False,72,6096792,"nu metal, rap metal, alternative metal, rap rock, rock",1OO7kdJ4OzWbjcroJEpfTH,2004-01-01,12,album,3.46,2004,1
1,0,False,37,154601,riot grrrl,5VMeOsRr2wyELrgfz2rkHp,2004-01-01,14,compilation,3.49,2004,1
5,60,False,71,6095181,"nu metal, rap metal, alternative metal, rap rock, rock",1OO7kdJ4OzWbjcroJEpfTH,2004-01-01,12,album,3.18,2004,1
2,43,False,42,34056,soundtrack,0SZ3Wv4wxAbDnkFGJUXYBq,2004-01-01,12,album,4.06,2004,1
20,72,False,69,3830824,"post-grunge, alternative metal, rock",1mMgrxFYBUMKANGbapmXxi,2004-01-01,20,album,4.3,2004,1
15,40,False,71,4969994,"industrial metal, industrial rock, industrial, metal, nu metal",16iYefmYfh5RJg4XEi6rG9,2004-01-01,18,compilation,4.35,2004,1
3,0,False,43,52623,soundtrack,6G0Wifz1KOjzMweIVRKDqd,2004-01-01,20,album,1.14,2004,1
4,61,False,70,3561441,r&b,3oL0vq8diYrPLGWVgjJBPD,2004-01-01,17,album,3.1,2004,1
9,0,False,45,284406,"electroclash, riot grrrl, queercore",5VMeOsRr2wyELrgfz2rkHp,2004-01-01,14,compilation,3.5,2004,1
8,6,False,66,2742164,nu metal,2zE1YKY7Okj10Tjl09jjth,2003-12-09,17,album,3.88,2003,12
4,63,True,55,1661296,"west coast hip hop, g-funk, gangster rap, old school hip hop",2fsMp83A31t6nqp1TvV7OB,2003-12-09,14,album,4.88,2003,12
1,57,False,77,4779199,soundtrack,1EqLdtiBSgULHA01ooROeY,2003-12-02,11,album,8.06,2003,12
7,47,False,66,499011,soundtrack,38x0H9PdY1fHh8EdfPUXqa,2003-11-24,19,compilation,2.14,2003,11
9,44,False,80,17755451,pop,0z7pVBGOD7HCIB7S8eLkLI,2003-11-13,13,album,3.9,2003,11
8,45,False,81,17766757,pop,0z7pVBGOD7HCIB7S8eLkLI,2003-11-13,13,album,4.32,2003,11
6,85,False,81,17773300,pop,0z7pVBGOD7HCIB7S8eLkLI,2003-11-13,13,album,3.31,2003,11
7,60,False,80,17755451,pop,0z7pVBGOD7HCIB7S8eLkLI,2003-11-13,13,album,3.36,2003,11
10,39,False,81,17761102,pop,0z7pVBGOD7HCIB7S8eLkLI,2003-11-13,13,album,3.74,2003,11
3,46,False,81,17766757,pop,0z7pVBGOD7HCIB7S8eLkLI,2003-11-13,13,album,3.26,2003,11
2,51,False,81,17766757,pop,0z7pVBGOD7HCIB7S8eLkLI,2003-11-13,13,album,4.82,2003,11
11,40,False,80,17755451,pop,0z7pVBGOD7HCIB7S8eLkLI,2003-11-13,13,album,3.46,2003,11
4,55,False,81,17761102,pop,0z7pVBGOD7HCIB7S8eLkLI,2003-11-13,13,album,3.72,2003,11
5,43,False,81,17766757,pop,0z7pVBGOD7HCIB7S8eLkLI,2003-11-13,13,album,3.75,2003,11
12,66,False,80,17755451,pop,0z7pVBGOD7HCIB7S8eLkLI,2003-11-13,13,album,3.83,2003,11
1,60,False,81,17761102,pop,0z7pVBGOD7HCIB7S8eLkLI,2003-11-13,13,album,3.72,2003,11
13,40,False,81,17766757,pop,0z7pVBGOD7HCIB7S8eLkLI,2003-11-13,13,album,4.49,2003,11
3,60,False,70,3014433,"country, classic country",7xPAsIGxs8It3pVWnZEHan,2003-11-04,12,album,4.38,2003,11
3,69,False,76,9290142,"pop punk, punk, rock, skate punk, emo",4hBTxv4QRPePXCFcEI7Vjp,2003-11-01,16,album,3.78,2003,11
2,76,False,74,6444988,"garage rock, indie rock, alternative rock",3HFbH1loOUbqCyPsLuHLLh,2003-10-28,11,album,3.66,2003,10
17,52,False,75,12152190,"classic rock, yacht rock, soft rock",5J0VCIp4TTsZBKOqWdbBSa,2003-10-21,33,compilation,6.52,2003,10
4,51,True,75,9748123,,3kGbxqlVl3LqjifxlubtcT,2003-10-20,16,album,3.34,2003,10
17,65,False,72,3371242,"country, christian country, classic country",0tFm46KzjtCgyyfD8iCaiJ,2003-10-09,26,compilation,3.83,2003,10
1,40,False,42,35335,,1KmjOHU1CSk9bCpgNETnUB,2003-10-07,1,single,3.96,2003,10
2,53,False,58,1195876,"classic country, country, traditional country",3fsGT85qu4Jhvs9htCgygz,2003-09-22,20,album,2.8,2003,9
5,66,True,79,5316473,,0AO5ibcO686oWXf96D83pM,2003-08-19,18,compilation,3.94,2003,8
2,56,True,47,634747,"crunk, southern hip hop",6Cq4aFoLu1OKc1XNZYdBnp,2003-07-25,16,album,4.97,2003,7
1,48,False,62,143332,soundtrack,4Qe057XqKloVNhnPohj6Yo,2003-07-22,15,compilation,2.27,2003,7
7,52,False,62,143444,soundtrack,4Qe057XqKloVNhnPohj6Yo,2003-07-22,15,compilation,4.1,2003,7
4,50,False,62,143332,soundtrack,4Qe057XqKloVNhnPohj6Yo,2003-07-22,15,compilation,2.13,2003,7
3,55,False,62,143332,soundtrack,4Qe057XqKloVNhnPohj6Yo,2003-07-22,15,compilation,2.27,2003,7
2,59,False,62,143398,soundtrack,4Qe057XqKloVNhnPohj6Yo,2003-07-22,15,compilation,1.87,2003,7
15,65,False,62,143444,soundtrack,4Qe057XqKloVNhnPohj6Yo,2003-07-22,15,compilation,1.5,2003,7
3,73,False,77,7300288,"post-grunge, rock",38pfSOHvxHqDWwDnjZ25U5,2003-07-22,15,album,3.85,2003,7
9,45,False,62,143444,soundtrack,4Qe057XqKloVNhnPohj6Yo,2003-07-22,15,compilation,2.14,2003,7
14,46,False,62,143332,soundtrack,4Qe057XqKloVNhnPohj6Yo,2003-07-22,15,compilation,4.76,2003,7
11,49,False,62,143332,soundtrack,4Qe057XqKloVNhnPohj6Yo,2003-07-22,15,compilation,3.39,2003,7
1,77,False,72,2153479,,7HlZFlk0jJq3Bb03AOyMTE,2003-06-30,13,album,4.0,2003,6
5,59,False,52,161074,"southern gothic, alt country, americana",6AVhlHYezDjZ9igL1kYc5r,2003-06-30,13,album,2.8,2003,6
2,11,False,62,722985,,6NrLpQCPYrNS3kVWxDgIlg,2003-06-30,13,album,3.56,2003,6
9,82,True,73,3379382,"southern hip hop, hip hop",1UsmQ3bpJTyK6ygoOOjG1r,2003-06-30,40,album,3.92,2003,6
3,57,True,73,3382362,"southern hip hop, hip hop",7etFl9qeqjD0luC40JAg8l,2003-06-30,4,single,3.98,2003,6
10,68,False,66,2485646,r&b,35Ea7OWXZPZB1vAPiaEGOM,2003-06-30,17,album,3.1,2003,6
1,78,False,84,41176723,,6oxVabMIqCMJRYN1GqR3Vf,2003-06-24,15,album,3.93,2003,6
13,81,False,81,9559647,,3eqkfT9f1XyM8GME1gVDrD,2003-06-24,16,album,4.54,2003,6
3,68,False,84,41172203,,6oxVabMIqCMJRYN1GqR3Vf,2003-06-24,15,album,4.08,2003,6
5,74,False,60,363740,,6AnYRqJHyeEzt2zviudTMH,2003-06-11,16,album,3.8,2003,6
1,67,False,63,608571,electro house,1pjsWAK5eBtJsYGtYDiCER,2003-05-23,14,album,4.75,2003,5
3,61,False,60,277520,soundtrack,2kJpuz9FOqX5riMjGwihhY,2003-05-20,40,album,1.26,2003,5
9,68,False,66,1475085,indie rock,44ePwTuWK88vnalqutqJEG,2003-04-29,29,album,3.66,2003,4
2,63,False,54,10819,,79Kp1sUSL6DaMFIlP7ofUX,2003-04-22,21,compilation,3.8,2003,4
1,6,False,68,3533200,"garage rock, blues rock, rock, alternative rock",0rRNLpdA8nA8Sm8Fk490b9,2003-04-01,14,album,3.86,2003,4
2,68,False,65,390130,"eurodance, europop",18INLUvzq7lcQUrdaqtgIN,2003-03-28,20,compilation,4.01,2003,3
9,75,False,88,31796892,"nu metal, rap metal, rock, alternative metal",0f7R0jf0pcTb6K6IVVPcMD,2003-03-25,16,album,3.26,2003,3
12,50,False,88,31785695,"nu metal, rap metal, rock, alternative metal",4Gfnly5CzMJQqkUFfoHaP3,2003-03-25,13,album,2.41,2003,3
3,77,False,88,31785695,"nu metal, rap metal, rock, alternative metal",4Gfnly5CzMJQqkUFfoHaP3,2003-03-25,13,album,3.56,2003,3
2,57,False,88,31785695,"nu metal, rap metal, rock, alternative metal",4Gfnly5CzMJQqkUFfoHaP3,2003-03-25,13,album,3.13,2003,3
7,82,False,88,31785695,"nu metal, rap metal, rock, alternative metal",4Gfnly5CzMJQqkUFfoHaP3,2003-03-25,13,album,2.7,2003,3
7,70,False,88,31785695,"nu metal, rap metal, rock, alternative metal",0f7R0jf0pcTb6K6IVVPcMD,2003-03-25,16,album,2.7,2003,3
8,58,False,88,31785695,"nu metal, rap metal, rock, alternative metal",4Gfnly5CzMJQqkUFfoHaP3,2003-03-25,13,album,3.29,2003,3
5,55,False,88,31806929,"nu metal, rap metal, rock, alternative metal",4Gfnly5CzMJQqkUFfoHaP3,2003-03-25,13,album,2.73,2003,3
4,58,False,88,31785695,"nu metal, rap metal, rock, alternative metal",4Gfnly5CzMJQqkUFfoHaP3,2003-03-25,13,album,2.91,2003,3
13,87,False,88,31785695,"nu metal, rap metal, rock, alternative metal",4Gfnly5CzMJQqkUFfoHaP3,2003-03-25,13,album,3.12,2003,3
2,75,False,60,565487,finnish rock,1J9W7Fkg34vdOVa8gR7dx7,2003-03-24,10,album,4.29,2003,3
3,63,False,56,1136927,singer-songwriter,3ADELRoZ4I8WLE7clLU7La,2003-03-24,10,album,4.77,2003,3
20,52,False,48,92008,anime,6NrJzDuBPZvp3ZRXnIqs1P,2003-03-19,20,album,4.44,2003,3
7,54,False,48,91895,anime,6NrJzDuBPZvp3ZRXnIqs1P,2003-03-19,20,album,2.99,2003,3
6,51,False,48,91946,anime,6NrJzDuBPZvp3ZRXnIqs1P,2003-03-19,20,album,1.61,2003,3
3,71,False,75,6161997,alternative metal,02w1xMzzdF2OJxTeh1basm,2003-03-04,12,album,3.26,2003,3
2,87,False,75,6165678,alternative metal,02w1xMzzdF2OJxTeh1basm,2003-03-04,12,album,3.93,2003,3
4,76,False,75,6158071,alternative metal,02w1xMzzdF2OJxTeh1basm,2003-03-04,12,album,4.37,2003,3
1,79,False,75,6158071,alternative metal,02w1xMzzdF2OJxTeh1basm,2003-03-04,12,album,3.58,2003,3
5,74,True,82,18851875,"east coast hip hop, old school hip hop",4ycNE7y1rp5215g1kkqk1P,2003-02-06,19,album,3.22,2003,2
11,78,True,82,18860205,"east coast hip hop, old school hip hop",5G5rgQHzdQnw32SI0WjIo5,2003-02-06,20,album,4.15,2003,2
14,78,True,82,18860205,"east coast hip hop, old school hip hop",5G5rgQHzdQnw32SI0WjIo5,2003-02-06,20,album,3.74,2003,2
5,0,False,47,691440,garage rock,7yosQ283GvPYGzKBjp6gzk,2003-02-01,17,album,2.13,2003,2
2,51,False,66,9676780,"egyptian pop, sholawat, khaleeji",7iykGeMdxOdYtNRtYCNaMA,2003-01-01,11,album,4.45,2003,1
8,43,False,66,9661696,"egyptian pop, sholawat, khaleeji",7iykGeMdxOdYtNRtYCNaMA,2003-01-01,11,album,4.35,2003,1
5,56,True,69,5927812,"east coast hip hop, old school hip hop, hardcore hip hop",0FeqrLI13XnYNY1s414uQd,2003-01-01,23,album,4.36,2003,1
7,46,True,71,4969994,"industrial metal, industrial rock, industrial, metal, nu metal",3KExM8E3KgpsS2bHVSJzTc,2003-01-01,16,album,3.7,2003,1
10,22,False,66,9661696,"egyptian pop, sholawat, khaleeji",7iykGeMdxOdYtNRtYCNaMA,2003-01-01,11,album,5.13,2003,1
3,49,False,66,9668759,"egyptian pop, sholawat, khaleeji",7iykGeMdxOdYtNRtYCNaMA,2003-01-01,11,album,3.79,2003,1
16,78,False,78,8166087,"nu metal, rap metal, alternative metal, rap rock",3oUoQ0UH7Rv06x1kpSjS36,2003-01-01,18,album,4.49,2003,1
5,32,False,66,9668759,"egyptian pop, sholawat, khaleeji",7iykGeMdxOdYtNRtYCNaMA,2003-01-01,11,album,4.41,2003,1
7,30,False,66,9684217,"egyptian pop, sholawat, khaleeji",7iykGeMdxOdYtNRtYCNaMA,2003-01-01,11,album,4.31,2003,1
2,3,False,75,6161997,alternative metal,20mh1X1FQQidKMu2XypyMI,2003-01-01,12,album,3.93,2003,1
13,3,False,81,9556340,,4jOESXHbPsfy1IYdyvwjYI,2003-01-01,14,album,4.54,2003,1
13,2,False,81,9559647,,1bNyYpkDRovmErm4QeDrpJ,2003-01-01,14,album,4.54,2003,1
1,0,False,81,9563308,,3ImBvzPpCMWLrbayNUAxmw,2003-01-01,3,single,4.56,2003,1
15,61,False,62,143332,soundtrack,46co3YFtDUWwq1DiazleHP,2003-01-01,15,compilation,1.5,2003,1
18,56,True,61,2723614,gangster rap,0BolFrIcCXXppUK50ETvgy,2003-01-01,19,album,3.97,2003,1
9,43,False,66,9661696,"egyptian pop, sholawat, khaleeji",7iykGeMdxOdYtNRtYCNaMA,2003-01-01,11,album,4.84,2003,1
4,43,False,66,9661696,"egyptian pop, sholawat, khaleeji",7iykGeMdxOdYtNRtYCNaMA,2003-01-01,11,album,4.39,2003,1
1,64,False,66,9661696,"egyptian pop, sholawat, khaleeji",7iykGeMdxOdYtNRtYCNaMA,2003-01-01,11,album,4.82,2003,1
1,57,False,51,541698,,5lruCC2nlwy21JwWLpjrrS,2003-01-01,15,album,3.69,2003,1
11,26,False,66,9661696,"egyptian pop, sholawat, khaleeji",7iykGeMdxOdYtNRtYCNaMA,2003-01-01,11,album,5.87,2003,1
3,56,True,71,4971141,"industrial metal, industrial rock, industrial, metal, nu metal",3KExM8E3KgpsS2bHVSJzTc,2003-01-01,16,album,3.42,2003,1
6,34,False,66,9661696,"egyptian pop, sholawat, khaleeji",7iykGeMdxOdYtNRtYCNaMA,2003-01-01,11,album,5.34,2003,1
2,39,False,62,1056466,,30EknR1eWRmfP4aQhAzMYw,2003-01-01,5,single,4.05,2003,1
3,44,False,62,143398,soundtrack,46co3YFtDUWwq1DiazleHP,2003-01-01,15,compilation,2.27,2003,1
1,69,False,65,3316476,country,2yeODPn8igz9qQiitOZRyJ,2003-01-01,13,album,4.34,2003,1
3,55,True,71,4290840,"east coast hip hop, old school hip hop, hip hop",3rV1aPkrWyMs6YTvTpSbIY,2002-12-13,14,album,3.38,2002,12
7,59,False,71,4290840,"east coast hip hop, old school hip hop, hip hop",3rV1aPkrWyMs6YTvTpSbIY,2002-12-13,14,album,4.22,2002,12
19,45,True,70,3165404,east coast hip hop,3cBk22r1tb6omRQ4jr6SE8,2002-11-26,19,album,4.05,2002,11
5,79,False,69,5146839,"grunge, post-grunge, alternative metal",78guAsers0klWl6RwzgDLd,2002-11-17,14,album,4.89,2002,11
2,72,False,69,5146839,"grunge, post-grunge, alternative metal",78guAsers0klWl6RwzgDLd,2002-11-17,14,album,4.63,2002,11
6,79,False,71,4909653,post-grunge,72olNArm75vOycSziqIX9Y,2002-11-12,12,album,3.97,2002,11
2,50,False,70,1605379,soundtrack,5nzzU118YRlXdhjRMb3fq0,2002-11-11,20,compilation,3.76,2002,11
4,45,False,70,1605379,soundtrack,5nzzU118YRlXdhjRMb3fq0,2002-11-11,20,compilation,2.09,2002,11
12,62,True,70,3165404,east coast hip hop,5fAccYiIVKadFTQvgAbo8z,2002-11-05,19,album,5.4,2002,11
5,77,False,81,15820264,,6QPkyl04rXwTGlGlcYaRoW,2002-11-04,13,album,4.8,2002,11
6,54,False,81,23391272,"grunge, rock",5zBPRXCAc801vyHWoRurNZ,2002-10-29,14,compilation,3.65,2002,10
17,76,True,63,1130026,"crunk, southern hip hop",4htcOW08TqINNLbcSf9esI,2002-10-29,19,album,5.56,2002,10
1,69,False,81,23391272,"grunge, rock",5zBPRXCAc801vyHWoRurNZ,2002-10-29,14,compilation,3.61,2002,10
2,60,False,81,23384088,"grunge, rock",5zBPRXCAc801vyHWoRurNZ,2002-10-29,14,compilation,2.77,2002,10
13,42,False,68,1486975,"japanese classical, anime",1ixPe8dVoovMSki6isJJoW,2002-10-23,16,album,3.7,2002,10
1,69,False,67,5273567,country,1O87Gkgvc6QR1JRpMkgnE7,2002-10-04,12,album,5.38,2002,10
1,0,False,53,441005,"celtic, celtic rock, sea shanties, celtic punk, folk",5ZWYg3PYchL4qS7fD4fEzj,2002-09-03,35,compilation,2.64,2002,9
4,88,False,88,60804949,,0RHX9XECH8IVI3LNgWDpmQ,2002-08-27,11,album,5.16,2002,8
2,76,False,88,60830643,,0RHX9XECH8IVI3LNgWDpmQ,2002-08-27,11,album,3.77,2002,8
2,66,False,64,1544335,country,1zgQkZFMRqx1Lz9GVXghLt,2002-08-27,12,album,3.84,2002,8
2,0,False,76,12008159,,7h6XeTzy0SRXDrFJeA9gO7,2002-08-26,13,album,4.07,2002,8
3,1,False,76,12004691,,7h6XeTzy0SRXDrFJeA9gO7,2002-08-26,13,album,3.4,2002,8
16,66,False,76,9247395,,2USigX9DhGuAini71XZEEK,2002-07-19,20,album,4.98,2002,7
11,67,False,76,9250522,,2USigX9DhGuAini71XZEEK,2002-07-19,20,album,3.97,2002,7
1,78,False,82,23218829,"funk rock, alternative rock, rock",6deiaArbeoqp1xPEGdEKp1,2002-07-09,18,album,3.61,2002,7
7,85,False,82,23223067,"funk rock, alternative rock, rock",6deiaArbeoqp1xPEGdEKp1,2002-07-09,18,album,4.48,2002,7
6,76,False,82,23223067,"funk rock, alternative rock, rock",6deiaArbeoqp1xPEGdEKp1,2002-07-09,18,album,3.86,2002,7
3,80,True,64,1098389,,4vyPN44zoiJXE6hruCCrGB,2002-06-30,15,album,3.57,2002,6
2,50,False,64,5034992,r&b,0vqRNgbh25rbYpiZ2Ejv6s,2002-06-30,14,album,4.42,2002,6
4,54,False,75,8465150,"alternative rock, rock",3kVGhOkgwIS2S0Gf1El92G,2002-06-30,4,single,3.51,2002,6
1,43,False,66,499011,soundtrack,1MrqY9fdmJFExV6cWhxgQ6,2002-06-30,45,album,4.57,2002,6
8,0,False,0,4718,,5duMmC62bALqutUqCbmBPC,2002-06-30,16,album,2.69,2002,6
2,40,False,43,42663,trance,5LOLNALdP8O97CMeGdqOOM,2002-06-30,6,single,3.91,2002,6
2,61,False,85,45764832,pop,1Rv9WRKyYhFaGbuYDaQunN,2002-06-25,12,album,3.43,2002,6
3,77,True,74,3741931,,4HUUHHXBXImwksfbSPqE7q,2002-06-25,19,album,3.8,2002,6
4,1,False,85,45764832,pop,7gGcnUEEQgIMV2JRwVQbrF,2002-06-25,12,album,4.28,2002,6
7,63,True,74,3743667,,4HUUHHXBXImwksfbSPqE7q,2002-06-25,19,album,5.06,2002,6
1,79,False,65,570428,,68ishLKwqH5oH79kUteEHG,2002-06-06,15,album,3.83,2002,6
6,49,False,76,12004691,,3zXjR3y2dUWklKmmp6lEhy,2002-06-04,13,album,3.68,2002,6
3,78,False,76,12006589,,3zXjR3y2dUWklKmmp6lEhy,2002-06-04,13,album,3.4,2002,6
2,83,False,76,12004691,,3zXjR3y2dUWklKmmp6lEhy,2002-06-04,13,album,4.07,2002,6
4,78,False,76,12008159,,3zXjR3y2dUWklKmmp6lEhy,2002-06-04,13,album,3.71,2002,6
11,14,False,62,2816087,"proto-punk, baroque pop",1uxgL5R6j7xzJi2Twk8xM3,2002-05-27,44,compilation,3.47,2002,5
14,64,True,88,104584370,"rap, hip hop",2cWBwpqMsDJC1ZUwz813lo,2002-05-26,20,album,5.34,2002,5
19,62,True,88,104539036,"rap, hip hop",2cWBwpqMsDJC1ZUwz813lo,2002-05-26,20,album,4.45,2002,5
16,61,True,88,104517308,"rap, hip hop",2cWBwpqMsDJC1ZUwz813lo,2002-05-26,20,album,4.48,2002,5
2,63,True,88,104584370,"rap, hip hop",2cWBwpqMsDJC1ZUwz813lo,2002-05-26,20,album,5.4,2002,5
10,87,True,88,104539036,"rap, hip hop",2cWBwpqMsDJC1ZUwz813lo,2002-05-26,20,album,4.83,2002,5
3,71,True,88,104559284,"rap, hip hop",2cWBwpqMsDJC1ZUwz813lo,2002-05-26,20,album,4.19,2002,5
4,72,True,88,104539036,"rap, hip hop",2cWBwpqMsDJC1ZUwz813lo,2002-05-26,20,album,4.96,2002,5
20,46,True,88,104539036,"rap, hip hop",2cWBwpqMsDJC1ZUwz813lo,2002-05-26,20,album,1.03,2002,5
1,19,True,88,104517308,"rap, hip hop",2cWBwpqMsDJC1ZUwz813lo,2002-05-26,20,album,0.49,2002,5
9,54,True,88,104559284,"rap, hip hop",2cWBwpqMsDJC1ZUwz813lo,2002-05-26,20,album,4.76,2002,5
13,82,True,88,104559284,"rap, hip hop",2cWBwpqMsDJC1ZUwz813lo,2002-05-26,20,album,5.83,2002,5
6,49,True,88,104517308,"rap, hip hop",2cWBwpqMsDJC1ZUwz813lo,2002-05-26,20,album,1.26,2002,5
18,83,True,88,104517308,"rap, hip hop",2cWBwpqMsDJC1ZUwz813lo,2002-05-26,20,album,4.96,2002,5
11,10,True,88,104517308,"rap, hip hop",2cWBwpqMsDJC1ZUwz813lo,2002-05-26,20,album,0.37,2002,5
8,58,True,88,104539036,"rap, hip hop",2cWBwpqMsDJC1ZUwz813lo,2002-05-26,20,album,4.54,2002,5
17,55,True,88,104517308,"rap, hip hop",2cWBwpqMsDJC1ZUwz813lo,2002-05-26,20,album,5.16,2002,5
12,75,True,88,104517308,"rap, hip hop",2cWBwpqMsDJC1ZUwz813lo,2002-05-26,20,album,5.65,2002,5
7,64,True,88,104559284,"rap, hip hop",2cWBwpqMsDJC1ZUwz813lo,2002-05-26,20,album,3.77,2002,5
5,61,True,88,104559284,"rap, hip hop",2cWBwpqMsDJC1ZUwz813lo,2002-05-26,20,album,5.39,2002,5
15,47,True,88,104517308,"rap, hip hop",2cWBwpqMsDJC1ZUwz813lo,2002-05-26,20,album,0.55,2002,5
8,0,False,68,4138541,"blues rock, garage rock, modern blues, rock",1xVlDcp3ZHntqgvhHYw1rp,2002-05-14,13,album,2.14,2002,5
1,52,False,66,490197,soundtrack,4B4Ii8d9SyuIiPDrmhcGGw,2002-05-02,15,compilation,3.49,2002,5
3,0,False,63,715855,,7D6BFTArx2ajtkKRVXIKO2,2002-04-30,11,album,3.95,2002,4
2,59,False,70,1604690,soundtrack,4RSVY5851aNeCttrDpdj7A,2002-04-23,13,album,5.55,2002,4
12,46,False,70,1604690,soundtrack,4RSVY5851aNeCttrDpdj7A,2002-04-23,13,album,8.5,2002,4
12,71,False,68,3917139,"pop punk, punk, emo",3W6TEVlmaP22E4KvWY9HrS,2002-03-19,19,album,4.61,2002,3
9,47,False,36,61215,,0gQWuaPBjGRe4S4lV7gtlC,2002-03-19,14,album,2.53,2002,3
1,0,True,0,555,,1uWOEXWKLxJcJSCh3CJ2Qv,2002-02-02,1,single,2.81,2002,2
3,40,False,62,412983,soundtrack,6TCIP0qIaMYXYAFejY59cC,2002-01-01,17,album,2.74,2002,1
11,41,False,72,5159832,"country, classic country, traditional country, honky tonk",42as1gLeG49bOhUhBiDe1l,2002-01-01,12,compilation,3.34,2002,1
2,72,False,69,3837190,"stoner rock, alternative rock",4w3NeXtywU398NYW4903rY,2002-01-01,16,album,4.64,2002,1
1,40,False,34,7735,,2cdVX8vJK06csC6TLMCdo7,2002-01-01,13,album,1.29,2002,1
6,54,False,71,4909653,post-grunge,0wAf1LaMkHoLN7QL3Dv5fh,2002-01-01,14,album,3.97,2002,1
17,33,False,62,412759,soundtrack,6TCIP0qIaMYXYAFejY59cC,2002-01-01,17,album,5.18,2002,1
4,70,True,69,4326825,"pop punk, punk, skate punk",2iOJEUCKJaYseov1qA8ot8,2002-01-01,12,album,2.64,2002,1
9,33,False,62,412759,soundtrack,6TCIP0qIaMYXYAFejY59cC,2002-01-01,17,album,2.71,2002,1
4,35,False,62,412983,soundtrack,6TCIP0qIaMYXYAFejY59cC,2002-01-01,17,album,1.92,2002,1
1,71,False,70,3013521,"country, classic country",7ExectJocqn8sMKq4Tn4LY,2002-01-01,13,album,3.25,2002,1
2,55,True,71,4291598,"east coast hip hop, old school hip hop, hip hop",0cLzuJG2UDa0axMQkF7JR6,2001-12-18,14,album,4.62,2001,12
1,57,False,56,153173,soundtrack,6Hv7UZCLx4kCYZCY0kBbZc,2001-12-04,27,album,1.44,2001,12
10,70,True,72,11064671,"gangster rap, west coast hip hop, old school hip hop, g-funk",7EPmezGIzLHj7LeTtLYhJZ,2001-12-04,17,compilation,4.33,2001,12
18,56,False,72,2585958,"new age, celtic",04rz93AqGy9JduzV3K81Dh,2001-11-19,18,compilation,4.29,2001,11
2,65,False,66,499104,soundtrack,04rz93AqGy9JduzV3K81Dh,2001-11-19,18,compilation,2.91,2001,11
13,52,False,66,499153,soundtrack,04rz93AqGy9JduzV3K81Dh,2001-11-19,18,compilation,5.95,2001,11
10,62,False,66,499011,soundtrack,04rz93AqGy9JduzV3K81Dh,2001-11-19,18,compilation,3.81,2001,11
3,77,False,85,39777995,latin pop,4DyMK9x2gnmRkRa16zHaEV,2001-11-13,13,album,3.26,2001,11
19,64,False,70,1604690,soundtrack,6zeHM5CV0CjcS0K8ouWE4N,2001-10-30,19,compilation,5.15,2001,10
13,51,False,69,3641378,"nu metal, funk rock, alternative metal, alternative rock",1rQZbncicoXyB64DqoH7OY,2001-10-23,13,album,7.77,2001,10
2,75,False,73,6510494,"aor, classic rock",5pfpXvoJtSIFrbPIoBEv3R,2001-10-16,32,compilation,4.14,2001,10
1,0,False,0,68,,11dMWNAfgvY9rTsSgwO1dl,2001-10-07,1,single,4.36,2001,10
11,35,False,29,47234,,21IlTCvjv2pSFX4146R7xi,2001-09-25,15,album,3.38,2001,9
11,51,True,65,2758038,,6hl66Nlqoeppdm0dRpYA02,2001-09-11,16,album,5.1,2001,9
2,85,False,78,7846032,"post-grunge, rock",5fKL7vMTXvhR9tov8Kqt3u,2001-09-11,10,album,3.73,2001,9
6,85,False,80,13976718,"nu metal, metal, alternative metal, rap metal, rock",6jWde94ln40epKIQCd8XUh,2001-09-04,15,album,3.5,2001,9
12,84,False,80,13976718,"nu metal, metal, alternative metal, rap metal, rock",6jWde94ln40epKIQCd8XUh,2001-09-04,15,album,3.64,2001,9
5,67,False,63,2315984,post-grunge,4oWz3E9jTrBe9sVkiX2sJ5,2001-08-28,12,album,5.06,2001,8
7,73,False,66,2061788,folk rock,6d9b6qTmzQ2WOOGB2cDCDq,2001-08-28,52,compilation,2.67,2001,8
5,52,False,66,2451894,"art pop, trip hop",7sScYIMy44GyOll7TpWcak,2001-08-27,12,album,5.24,2001,8
4,71,True,68,2950620,"post-grunge, nu metal, alternative metal",0HogGfosAvj4tF3GTv2KIE,2001-08-20,14,album,4.41,2001,8
3,62,False,57,689453,,1agL7TUoZXr0Xd4Irievqi,2001-07-31,11,album,3.62,2001,7
10,53,False,74,6445900,"garage rock, indie rock, alternative rock",2yNaksHgeMQM9Quse463b5,2001-07-30,11,album,3.38,2001,7
7,72,False,74,6444988,"garage rock, indie rock, alternative rock",2yNaksHgeMQM9Quse463b5,2001-07-30,11,album,3.22,2001,7
11,39,False,68,1486614,"japanese classical, anime",766a5fKJYFy9ii4Kz2bQy9,2001-07-18,21,album,2.44,2001,7
1,52,False,68,1487314,"japanese classical, anime",3nok62UEPi0gHJsIrHbhMY,2001-07-18,21,album,3.16,2001,7
5,47,False,68,1486975,"japanese classical, anime",766a5fKJYFy9ii4Kz2bQy9,2001-07-18,21,album,2.2,2001,7
3,80,False,66,1798607,"emo, pop punk",0UJhhj5bn5AGAjryFnhueP,2001-07-17,11,album,2.76,2001,7
9,69,False,68,3533200,"garage rock, blues rock, rock, alternative rock",6Xvc1TfpVEhDeHhmTQEtp0,2001-07-03,16,album,2.33,2001,7
2,45,False,66,499153,soundtrack,55RTkgUCP7t80hiTUhATMH,2001-06-30,37,album,4.9,2001,6
4,42,False,66,499153,soundtrack,55RTkgUCP7t80hiTUhATMH,2001-06-30,37,album,11.53,2001,6
1,41,True,65,3706449,"east coast hip hop, old school hip hop, hip hop, gangster rap, hardcore hip hop",2XNL3MoimBGxk5NFNpLGTG,2001-06-30,4,single,4.55,2001,6
9,67,False,65,2994436,,64du8CiAmKAzVswhA3RK4r,2001-06-30,14,album,4.98,2001,6
3,69,False,63,921078,pop rock,482njCey5m8quxX6ymvlIP,2001-06-30,12,album,3.47,2001,6
1,58,False,76,8466090,"alternative rock, rock",1Dh27pjT3IEdiRG9Se5uQn,2001-06-30,12,album,6.05,2001,6
3,74,False,75,9287487,"pop punk, punk, rock, skate punk, emo",3nHpBmW5wJXGeC3ojBkpey,2001-06-30,13,album,2.85,2001,6
1,71,False,76,9247395,,5rlAvknHpWuF6m4VMS3vnJ,2001-06-26,4,single,4.46,2001,6
6,79,False,70,1990666,latin alternative,4t1LLdXiWTfoywqricztFo,2001-06-01,17,album,3.99,2001,6
2,69,False,69,8147523,,2HcjLD0ButtKsQYqzoyOx9,2001-05-01,15,album,4.23,2001,5
1,84,False,68,1188508,,7sGYAV0xv7ZfAMzIpMl8m1,2001-03-21,14,album,3.39,2001,3
3,57,True,53,280454,"latin hip hop, mexican hip hop",3itgpr1oO3ADqiofkIWBQ9,2001-03-18,15,album,4.24,2001,3
1,0,False,41,72252,,7GpUZgnOavUqt6PcRnZnUZ,2001-03-12,13,album,3.52,2001,3
13,0,False,77,4779199,soundtrack,69YemlIMxeTYR4RHBjyJYj,2001-01-29,15,compilation,6.31,2001,1
12,34,False,74,13708054,,76QqoE30i9HVwxtxYMkWXT,2001-01-23,16,album,3.72,2001,1
2,44,False,74,13708054,,76QqoE30i9HVwxtxYMkWXT,2001-01-23,16,album,4.96,2001,1
16,65,True,74,13710072,,76QqoE30i9HVwxtxYMkWXT,2001-01-23,16,album,4.36,2001,1
9,23,False,74,13710072,,76QqoE30i9HVwxtxYMkWXT,2001-01-23,16,album,4.51,2001,1
13,23,False,74,13710072,,76QqoE30i9HVwxtxYMkWXT,2001-01-23,16,album,3.87,2001,1
4,31,False,74,13710072,,76QqoE30i9HVwxtxYMkWXT,2001-01-23,16,album,3.76,2001,1
8,23,False,74,13708054,,76QqoE30i9HVwxtxYMkWXT,2001-01-23,16,album,4.09,2001,1
1,66,False,74,13708054,,76QqoE30i9HVwxtxYMkWXT,2001-01-23,16,album,3.68,2001,1
5,58,False,74,13708054,,76QqoE30i9HVwxtxYMkWXT,2001-01-23,16,album,4.08,2001,1
6,31,False,74,13710072,,76QqoE30i9HVwxtxYMkWXT,2001-01-23,16,album,4.25,2001,1
7,23,False,74,13709065,,76QqoE30i9HVwxtxYMkWXT,2001-01-23,16,album,4.86,2001,1
14,31,False,74,13710072,,76QqoE30i9HVwxtxYMkWXT,2001-01-23,16,album,4.39,2001,1
10,23,False,74,13708054,,76QqoE30i9HVwxtxYMkWXT,2001-01-23,16,album,3.86,2001,1
3,52,True,74,13708054,,76QqoE30i9HVwxtxYMkWXT,2001-01-23,16,album,3.52,2001,1
11,22,False,74,13709065,,76QqoE30i9HVwxtxYMkWXT,2001-01-23,16,album,4.41,2001,1
15,27,False,74,13710072,,76QqoE30i9HVwxtxYMkWXT,2001-01-23,16,album,3.59,2001,1
10,62,False,63,1093832,"new age, gregorian chant",3idlo0DqoL0k5xP8X9gAAa,2001-01-01,18,compilation,4.25,2001,1
12,74,False,58,1036648,"nu metal, alternative metal",5klPnHQ5dy6Qm2Ul7h1lp5,2001-01-01,13,album,3.48,2001,1
16,69,False,66,4095156,new jack swing,0IfJey7ibEDtWNxAQw2ub9,2001-01-01,20,album,4.53,2001,1
1,8,False,12,1090,,4fDLd9XHD8f9qACISdKmlm,2001-01-01,11,album,3.94,2001,1
3,1,False,69,2152404,east coast hip hop,2wMavIKnu6feFNOeQ1hVwf,2001-01-01,16,album,4.28,2001,1
2,57,False,59,267614,,7hguux6E8wOGlNsKnZB6Sz,2001-01-01,25,album,2.1,2001,1
6,76,False,73,4303697,post-grunge,2ENlJXygQX6en4iziijet6,2001-01-01,11,album,4.91,2001,1
13,67,False,64,1197544,,7KZkFAtkse1rKL9HdFTCuh,2001-01-01,15,album,3.08,2001,1
7,75,False,69,4328676,"pop punk, punk, skate punk",2UCWsnmZEVg9HhnMeKTsim,2001-01-01,13,album,3.45,2001,1
4,39,True,62,1264189,east coast hip hop,0w0pkKJYucpsDacKMKZ3SR,2001-01-01,21,compilation,3.54,2001,1
8,43,False,59,267791,,7hguux6E8wOGlNsKnZB6Sz,2001-01-01,25,album,2.66,2001,1
12,4,False,80,13976718,"nu metal, metal, alternative metal, rap metal, rock",4DR0GWo7w2GJyQnFVa4jAB,2001-01-01,14,album,3.64,2001,1
7,36,False,48,14343,,4xNCqk5KdkOQvdbaepGjTY,2001-01-01,20,compilation,3.98,2001,1
4,72,True,69,4327444,"pop punk, punk, skate punk",2UCWsnmZEVg9HhnMeKTsim,2001-01-01,13,album,2.97,2001,1
5,3,True,69,2152404,east coast hip hop,2wMavIKnu6feFNOeQ1hVwf,2001-01-01,16,album,4.08,2001,1
6,5,False,80,13976718,"nu metal, metal, alternative metal, rap metal, rock",4DR0GWo7w2GJyQnFVa4jAB,2001-01-01,14,album,3.5,2001,1
13,37,False,71,4968982,"industrial metal, industrial rock, industrial, metal, nu metal",3stFLIWyYH4a8u0bdxDopt,2000-11-11,19,album,3.34,2000,11
14,38,True,71,4971141,"industrial metal, industrial rock, industrial, metal, nu metal",3stFLIWyYH4a8u0bdxDopt,2000-11-11,19,album,3.35,2000,11
2,47,True,71,4971141,"industrial metal, industrial rock, industrial, metal, nu metal",3stFLIWyYH4a8u0bdxDopt,2000-11-11,19,album,3.27,2000,11
16,38,False,71,4971141,"industrial metal, industrial rock, industrial, metal, nu metal",3stFLIWyYH4a8u0bdxDopt,2000-11-11,19,album,3.53,2000,11
11,62,True,73,3380735,"southern hip hop, hip hop",2tm3Ht61kqqRZtIYsBjxEj,2000-10-31,24,album,5.07,2000,10
9,75,False,88,31796892,"nu metal, rap metal, rock, alternative metal",6hPkbAV3ZXpGZBGUvL6jVM,2000-10-24,15,album,3.07,2000,10
8,88,False,88,31796892,"nu metal, rap metal, rock, alternative metal",6hPkbAV3ZXpGZBGUvL6jVM,2000-10-24,15,album,3.61,2000,10
1,34,False,69,8144782,,3OeMQP4wOCYluTnh8YOJL8,2000-10-24,15,compilation,3.69,2000,10
4,71,False,88,31785695,"nu metal, rap metal, rock, alternative metal",6hPkbAV3ZXpGZBGUvL6jVM,2000-10-24,15,album,3.33,2000,10
12,68,False,88,31785695,"nu metal, rap metal, rock, alternative metal",6hPkbAV3ZXpGZBGUvL6jVM,2000-10-24,15,album,3.19,2000,10
6,71,False,88,31785695,"nu metal, rap metal, rock, alternative metal",6hPkbAV3ZXpGZBGUvL6jVM,2000-10-24,15,album,3.06,2000,10
2,83,False,88,31785695,"nu metal, rap metal, rock, alternative metal",6hPkbAV3ZXpGZBGUvL6jVM,2000-10-24,15,album,2.62,2000,10
5,81,False,88,31806929,"nu metal, rap metal, rock, alternative metal",6hPkbAV3ZXpGZBGUvL6jVM,2000-10-24,15,album,3.48,2000,10
10,67,False,88,31806929,"nu metal, rap metal, rock, alternative metal",6hPkbAV3ZXpGZBGUvL6jVM,2000-10-24,15,album,3.24,2000,10
3,70,False,88,31796892,"nu metal, rap metal, rock, alternative metal",6hPkbAV3ZXpGZBGUvL6jVM,2000-10-24,15,album,3.38,2000,10
5,78,True,78,8160803,"nu metal, rap metal, alternative metal, rap rock",5mi7FKaWE5CtcOjdyxScA7,2000-10-17,15,album,4.54,2000,10
9,54,False,85,13839280,"art rock, alternative rock",6GjwtEZcfenmOf6l18N7T7,2000-10-02,11,album,4.59,2000,10
10,74,False,85,13822540,"art rock, alternative rock",6GjwtEZcfenmOf6l18N7T7,2000-10-02,11,album,3.34,2000,10
6,60,False,85,13839280,"art rock, alternative rock",6GjwtEZcfenmOf6l18N7T7,2000-10-02,11,album,5.26,2000,10
4,72,False,85,13831380,"art rock, alternative rock",6GjwtEZcfenmOf6l18N7T7,2000-10-02,11,album,5.93,2000,10
8,63,False,85,13822540,"art rock, alternative rock",6GjwtEZcfenmOf6l18N7T7,2000-10-02,11,album,5.15,2000,10
7,54,False,85,13822540,"art rock, alternative rock",6GjwtEZcfenmOf6l18N7T7,2000-10-02,11,album,3.51,2000,10
2,56,False,85,13822540,"art rock, alternative rock",6GjwtEZcfenmOf6l18N7T7,2000-10-02,11,album,4.74,2000,10
3,59,False,85,13822540,"art rock, alternative rock",6GjwtEZcfenmOf6l18N7T7,2000-10-02,11,album,5.86,2000,10
5,55,False,85,13831380,"art rock, alternative rock",6GjwtEZcfenmOf6l18N7T7,2000-10-02,11,album,3.71,2000,10
11,49,False,85,13822540,"art rock, alternative rock",6GjwtEZcfenmOf6l18N7T7,2000-10-02,11,album,0.87,2000,10
1,75,False,85,13822540,"art rock, alternative rock",6GjwtEZcfenmOf6l18N7T7,2000-10-02,11,album,4.19,2000,10
3,51,False,63,1624703,"classic country, country, outlaw country, traditional country",2ewYJg5AuA9bXWrvOs1mtB,2000-10-01,11,album,4.28,2000,10
4,72,False,64,1625403,"classic country, country, outlaw country, traditional country",2ewYJg5AuA9bXWrvOs1mtB,2000-10-01,11,album,4.02,2000,10
14,44,False,69,4887584,country,7iDMtLZF5xX8Ijx3PossZk,2000-09-25,17,compilation,4.12,2000,9
2,41,False,56,849521,"country, classic country",1AGAaPw6yMh1WCAninJag0,2000-08-01,11,album,3.36,2000,8
6,75,False,88,60830643,,6ZG5lRT77aJ3btmArcykra,2000-07-10,10,album,4.55,2000,7
9,66,False,88,60804949,,6ZG5lRT77aJ3btmArcykra,2000-07-10,10,album,4.15,2000,7
8,61,False,88,60830643,,6ZG5lRT77aJ3btmArcykra,2000-07-10,10,album,4.27,2000,7
1,70,False,88,60818952,,6ZG5lRT77aJ3btmArcykra,2000-07-10,10,album,2.28,2000,7
10,57,False,88,60804949,,6ZG5lRT77aJ3btmArcykra,2000-07-10,10,album,7.27,2000,7
7,57,False,88,60804949,,6ZG5lRT77aJ3btmArcykra,2000-07-10,10,album,0.77,2000,7
2,67,False,88,60804949,,6ZG5lRT77aJ3btmArcykra,2000-07-10,10,album,5.07,2000,7
4,90,False,88,60804949,,6ZG5lRT77aJ3btmArcykra,2000-07-10,10,album,3.78,2000,7
3,60,False,88,60830643,,6ZG5lRT77aJ3btmArcykra,2000-07-10,10,album,5.31,2000,7
5,90,False,88,60804949,,6ZG5lRT77aJ3btmArcykra,2000-07-10,10,album,4.44,2000,7
3,58,True,48,243907,old school hip hop,1MSBtKtGF1VLBtSLgwcwKR,2000-06-30,21,album,3.98,2000,6
1,81,False,71,4907847,post-grunge,5gO2acKSOaJnP0Mcy8IpU6,2000-06-30,11,album,3.89,2000,6
32,60,False,49,175372,soundtrack,7Jkv05qDgXZynnNaYcxY5W,2000-06-30,33,album,3.9,2000,6
17,54,False,77,4782404,soundtrack,0HqvyHCJ9EaORFyA8BPDyW,2000-06-30,17,album,4.23,2000,6
9,0,False,33,9222,,4AVb7Ga7W8x16X41UjCyXv,2000-06-30,14,album,2.82,2000,6
2,78,False,61,121417,,2ww2PXKiHk7rNv26rjVJ5z,2000-06-30,12,album,3.87,2000,6
1,3,False,78,15801991,"glam metal, rock",2R8sO7coUsDazpoQzmGIWp,2000-06-13,12,album,3.74,2000,6
8,84,True,88,104559284,"rap, hip hop",6t7956yu5zYf5A829XRiHC,2000-05-23,18,album,4.73,2000,5
1,81,False,81,17761102,pop,5PmgtkodFl2Om3hMXONDll,2000-05-16,12,album,3.51,2000,5
2,82,True,71,6093453,"nu metal, rap metal, alternative metal, rap rock, rock",0BHa0ePkvGAVKymB4FU58m,2000-04-25,13,album,3.33,2000,4
3,32,False,53,793066,"slowcore, singer-songwriter",4dZBOO1PjjmtPA974xHMND,2000-03-21,12,album,3.49,2000,3
1,79,False,69,3088613,,20RMokVwJ2wjQ0s8FOdOFC,2000-03-21,12,album,3.34,2000,3
6,58,False,67,3005585,"classic rock, aor, rock",5bOhnWhieBJGivUovmtob5,2000-01-01,18,compilation,3.65,2000,1
1,73,False,75,13593848,rock,7a5U0GPoAvT3gvEY66FRuN,2000-01-01,12,album,4.14,2000,1
1,49,False,39,30106,celtic,79hZbZLkqwAf2FYwB6b7Vd,2000-01-01,11,album,5.86,2000,1
11,49,True,76,3428625,southern hip hop,2kT80DHqRtHQzDhQ2RCoIV,2000-01-01,16,album,2.84,2000,1
7,60,False,57,1200822,"art pop, singer-songwriter, alternative rock",0hBWhJEmVyNPG2Jq71CJXz,2000-01-01,12,album,3.93,2000,1
3,70,False,71,3314135,,11DmTQm7WPeSXih1FPuaXL,2000-01-01,13,album,4.3,2000,1
1,0,False,10,2778,,1uDx6cL35xXqtUxokRRMwZ,1999-12-31,1,single,2.81,1999,12
9,57,False,48,265205,,6jbjx0LGKl11H6UtrgS2nV,1999-12-07,13,album,4.57,1999,12
3,61,True,55,1017891,"east coast hip hop, old school hip hop, hip hop",3mvWfqa4cceoGyA7qECPWH,1999-11-30,17,album,3.71,1999,11
4,82,True,78,15098281,"old school hip hop, g-funk, gangster rap, west coast hip hop, hip hop, rap",7q2B4M5EiBkqrlsNW8lB7N,1999-11-16,23,album,4.5,1999,11
10,78,True,78,15085473,"old school hip hop, g-funk, gangster rap, west coast hip hop, hip hop, rap",7q2B4M5EiBkqrlsNW8lB7N,1999-11-16,23,album,3.7,1999,11
11,79,True,78,15085473,"old school hip hop, g-funk, gangster rap, west coast hip hop, hip hop, rap",7q2B4M5EiBkqrlsNW8lB7N,1999-11-16,23,album,2.69,1999,11
8,53,False,63,1800497,art pop,3o5EnVZNJXtfPV8tCoagjI,1999-11-09,10,album,4.26,1999,11
2,50,False,63,1800497,art pop,3o5EnVZNJXtfPV8tCoagjI,1999-11-09,10,album,3.66,1999,11
5,66,False,63,1800820,art pop,3o5EnVZNJXtfPV8tCoagjI,1999-11-09,10,album,3.65,1999,11
6,53,True,62,1800092,art pop,3o5EnVZNJXtfPV8tCoagjI,1999-11-09,10,album,4.94,1999,11
4,66,False,60,1956457,country,3BGPil8BDPVoDK0lnUPtvb,1999-11-09,13,album,4.17,1999,11
2,75,True,76,9702725,"nu metal, metal, rap metal, alternative metal",5U0pevIOTrPoDsN8YsBCBh,1999-11-09,16,album,4.51,1999,11
7,55,False,62,1800092,art pop,3o5EnVZNJXtfPV8tCoagjI,1999-11-09,10,album,4.63,1999,11
9,59,True,63,1800497,art pop,3o5EnVZNJXtfPV8tCoagjI,1999-11-09,10,album,4.12,1999,11
10,61,False,62,1800092,art pop,3o5EnVZNJXtfPV8tCoagjI,1999-11-09,10,album,4.91,1999,11
3,54,False,63,1800820,art pop,3o5EnVZNJXtfPV8tCoagjI,1999-11-09,10,album,3.49,1999,11
4,49,False,63,1800820,art pop,3o5EnVZNJXtfPV8tCoagjI,1999-11-09,10,album,3.36,1999,11
1,52,False,62,1800092,art pop,3o5EnVZNJXtfPV8tCoagjI,1999-11-09,10,album,5.36,1999,11
1,79,True,61,542758,"riot grrrl, queercore, electroclash",0dSSZGzoukzrFBnG07J45i,1999-10-26,12,album,3.07,1999,10
8,79,False,69,3641378,"nu metal, funk rock, alternative metal, alternative rock",2i6nd4FV6y7K9fln6eelmR,1999-10-26,13,album,3.87,1999,10
8,65,False,64,2402371,"jazz rap, east coast hip hop, hip hop, old school hip hop",3FAK4h4t9uV4JxzESXllAU,1999-10-26,19,compilation,3.76,1999,10
4,66,True,64,1631498,"east coast hip hop, old school hip hop, hip hop",5gK2l2LgWY0BA4p9uy27z6,1999-10-12,17,album,3.72,1999,10
10,74,True,62,1114997,,7BuCGZPiQkZpyn0Wj8rxIh,1999-10-04,19,album,4.34,1999,10
1,49,False,57,327164,soundtrack,2UtweRAj4D5VEB2OQs4gTp,1999-09-20,20,album,3.51,1999,9
12,51,False,82,30721676,"classic rock, psychedelic rock",0XRZpF083HqgygM0v1hQyE,1999-09-13,15,album,3.77,1999,9
3,69,False,64,1544335,country,3y6G5El2I6QrJA9BdfAbqA,1999-08-27,13,album,4.78,1999,8
12,79,False,69,8144782,,283NWqNsCA9GwVHrJk59CG,1999-07-27,16,album,4.52,1999,7
1,77,False,59,177919,,13BmLGhVCLBn3XzKB8HIai,1999-07-19,13,album,3.67,1999,7
10,44,False,57,1481860,country,7ykiOoPC4GLrVYSDVdDGq2,1999-06-30,12,album,3.56,1999,6
1,80,False,76,9247395,,6fpPZS13ImRVpr7Tqs6yP9,1999-06-30,18,album,3.62,1999,6
3,71,False,57,1482069,country,7ykiOoPC4GLrVYSDVdDGq2,1999-06-30,12,album,4.01,1999,6
4,84,True,78,8166087,"nu metal, rap metal, alternative metal, rap rock",3HCCUaRSjHSFOe4fqE0BiP,1999-06-30,16,album,2.77,1999,6
6,78,False,73,2154167,,7ydMeYrv8bFFRkkHepoJM4,1999-06-30,14,album,3.63,1999,6
7,60,False,75,8464040,"alternative rock, rock",6AyUVv7MnxxTuijp4WmrhO,1999-06-30,13,album,3.95,1999,6
7,73,False,70,3797948,,10aiDpdFGyfCFEcqpx6XTq,1999-06-15,14,album,4.36,1999,6
4,84,False,83,23226759,"funk rock, alternative rock, rock",2Y9IRtehByVkegoD7TcLfi,1999-06-08,18,album,4.25,1999,6
3,85,False,82,23218829,"funk rock, alternative rock, rock",2Y9IRtehByVkegoD7TcLfi,1999-06-08,18,album,3.59,1999,6
5,78,False,64,1197682,,2kyTLcEZe6nc1s6ve0zW9P,1999-06-08,15,album,3.33,1999,6
6,84,False,82,23218829,"funk rock, alternative rock, rock",2Y9IRtehByVkegoD7TcLfi,1999-06-08,18,album,5.49,1999,6
7,52,False,63,581061,"eurodance, europop",2hy9sLDt7IVAvJRGVdzZnx,1999-06-04,12,album,3.12,1999,6
8,81,False,76,9290142,"pop punk, punk, rock, skate punk, emo",652N05EcNH1a4bIlUixQE2,1999-06-01,12,album,2.78,1999,6
9,18,False,4,30,,7yHL2kuUK6mEhb6zvZ2KNa,1999-05-21,18,album,1.65,1999,5
3,74,False,76,6707978,,5ySxm9hxBNss01WCL7GLyQ,1999-05-18,12,album,3.91,1999,5
2,83,False,76,6707978,,5ySxm9hxBNss01WCL7GLyQ,1999-05-18,12,album,3.55,1999,5
1,73,False,76,6711194,,5ySxm9hxBNss01WCL7GLyQ,1999-05-18,12,album,3.88,1999,5
9,71,False,69,5042529,"country, classic country",2EkJjknrgd5DeIH2x9HLjD,1999-05-04,14,album,3.06,1999,5
2,62,False,70,1605379,soundtrack,45EFycwtfRhnDPWbc2mClK,1999-05-04,17,album,4.23,1999,5
3,42,False,70,1605047,soundtrack,45EFycwtfRhnDPWbc2mClK,1999-05-04,17,album,3.12,1999,5
13,64,True,71,4292330,"east coast hip hop, old school hip hop, hip hop",4UhEjfIRx4tE1XRY21vwNa,1999-04-06,16,album,3.95,1999,4
2,72,True,88,104539036,"rap, hip hop",0vE6mttRTBXRe9rKghyr1l,1999-02-23,20,album,4.47,1999,2
15,67,True,59,1494924,"east coast hip hop, jazz rap, hip hop",0qbl8aNaCUOvX8HGsZYLfh,1999-02-23,18,album,4.32,1999,2
15,58,True,88,104539036,"rap, hip hop",0vE6mttRTBXRe9rKghyr1l,1999-02-23,20,album,4.04,1999,2
3,82,False,65,325342,,3xmKWmqJFoXS22tePO3mgd,1999-02-15,10,album,4.02,1999,2
1,82,False,80,17755451,pop,3WNxdumkSMGMJRhEgK80qx,1999-01-12,16,album,3.51,1999,1
2,69,False,81,17766757,pop,3WNxdumkSMGMJRhEgK80qx,1999-01-12,16,album,3.3,1999,1
12,63,True,80,15689568,"g-funk, west coast hip hop, gangster rap, hip hop, old school hip hop, rap",2evskaXutnTkQAaZeT4PQb,1999-01-01,21,album,3.9,1999,1
7,29,True,71,4969994,"industrial metal, industrial rock, industrial, metal, nu metal",1SvOyIpz3KYLuVhOtUb79g,1999-01-01,14,album,3.94,1999,1
13,32,True,71,4971141,"industrial metal, industrial rock, industrial, metal, nu metal",1SvOyIpz3KYLuVhOtUb79g,1999-01-01,14,album,4.4,1999,1
9,26,False,59,133622,"orchestral, classical",5Gwrb8BQa89Ijda2sp1KXV,1999-01-01,38,compilation,4.85,1999,1
1,68,False,70,3012654,"country, classic country",2GBWYbIHyVneL0VylPXa6Y,1999-01-01,12,album,3.48,1999,1
9,29,True,71,4971141,"industrial metal, industrial rock, industrial, metal, nu metal",1SvOyIpz3KYLuVhOtUb79g,1999-01-01,14,album,7.52,1999,1
2,70,False,72,5158411,"country, classic country, traditional country, honky tonk",2Kudx2lMsMx3svYdb2xe2F,1999-01-01,10,album,3.66,1999,1
1,0,False,52,105762,,4YMGASMu3PZaKwq6vJoVTc,1999-01-01,36,album,3.49,1999,1
7,65,True,65,2358187,"east coast hip hop, old school hip hop, hip hop, hardcore hip hop",5K9kD50P66neofCR8BoYxg,1999-01-01,19,album,2.26,1999,1
8,41,False,44,628407,"classic soul, motown, philly soul, soul",1qhpbSEbFvL8Lz0Qxe7CgF,1998-12-15,20,compilation,3.6,1998,12
3,9,False,72,5657083,,3coLNlyStg9h7f8CZ103Rl,1998-11-09,29,compilation,5.0,1998,11
13,60,False,66,2485444,r&b,4yRYsQZfQpzkoVWH2XCX66,1998-11-08,29,album,5.34,1998,11
5,58,False,72,3579741,"new wave, synthpop",7xbWtTByfdMWFfxXmeFFl0,1998-11-03,19,compilation,3.76,1998,11
7,70,False,73,7379623,"new wave, synthpop, darkwave",61h3VS8XDROIpvQznjTPTT,1998-09-28,21,compilation,3.74,1998,9
5,62,False,73,7379623,"new wave, synthpop, darkwave",61h3VS8XDROIpvQznjTPTT,1998-09-28,21,compilation,4.34,1998,9
10,39,True,71,4968982,"industrial metal, industrial rock, industrial, metal, nu metal",69ACUmut0hbGOSonmU4kNS,1998-09-14,14,album,3.68,1998,9
7,40,True,71,4971141,"industrial metal, industrial rock, industrial, metal, nu metal",69ACUmut0hbGOSonmU4kNS,1998-09-14,14,album,4.29,1998,9
4,58,True,71,4968982,"industrial metal, industrial rock, industrial, metal, nu metal",69ACUmut0hbGOSonmU4kNS,1998-09-14,14,album,3.16,1998,9
14,58,True,71,4968982,"industrial metal, industrial rock, industrial, metal, nu metal",69ACUmut0hbGOSonmU4kNS,1998-09-14,14,album,5.63,1998,9
5,45,True,71,4969994,"industrial metal, industrial rock, industrial, metal, nu metal",69ACUmut0hbGOSonmU4kNS,1998-09-14,14,album,4.84,1998,9
12,40,True,71,4971141,"industrial metal, industrial rock, industrial, metal, nu metal",69ACUmut0hbGOSonmU4kNS,1998-09-14,14,album,4.82,1998,9
6,44,True,71,4968982,"industrial metal, industrial rock, industrial, metal, nu metal",69ACUmut0hbGOSonmU4kNS,1998-09-14,14,album,5.5,1998,9
11,40,True,71,4969994,"industrial metal, industrial rock, industrial, metal, nu metal",69ACUmut0hbGOSonmU4kNS,1998-09-14,14,album,4.28,1998,9
9,53,True,71,4969994,"industrial metal, industrial rock, industrial, metal, nu metal",69ACUmut0hbGOSonmU4kNS,1998-09-14,14,album,5.05,1998,9
8,41,True,71,4968982,"industrial metal, industrial rock, industrial, metal, nu metal",69ACUmut0hbGOSonmU4kNS,1998-09-14,14,album,2.94,1998,9
5,75,False,71,3479555,neo soul,1BZoqf8Zje5nGdwZhOjAtD,1998-08-25,16,album,5.33,1998,8
2,79,True,75,9695205,"nu metal, metal, rap metal, alternative metal",0gsiszk6JWYwAyGvaTTud4,1998-08-18,14,album,4.26,1998,8
1,2,False,75,16043117,"classic rock, rock",4GYrE0hDKjM0v6EQIjkBV3,1998-08-18,3,single,4.99,1998,8
1,44,False,45,35324,,6VOmS6fbi8nxHGh4qmRZsE,1998-07-06,20,compilation,2.41,1998,7
6,66,False,56,164398,britpop,1PVtgkCZPW8AVll0gKsHDS,1998-07-06,12,album,4.13,1998,7
5,75,False,65,787399,,5FfkiNcXAvagExRCLd8nn4,1998-07-03,10,compilation,3.69,1998,7
11,92,False,76,3491229,,4UMjBXcRqIgMZ1XumU2x5T,1998-06-30,13,album,4.82,1998,6
1,63,False,76,3491229,,7ttozw5DWCdQaqfzCMevPc,1998-06-30,3,single,4.82,1998,6
10,57,True,70,3167026,east coast hip hop,4zb4gmGzDYtlWMjmc1NZWW,1998-06-30,19,album,2.64,1998,6
5,57,False,57,911314,"classic country, country",6CUTxBQse7shPPF33yCRd0,1998-06-09,12,compilation,3.61,1998,6
2,70,True,69,5928117,"east coast hip hop, old school hip hop, hardcore hip hop",2xIhksIizs6gWdRBYdiTLc,1998-05-01,19,album,3.57,1998,5
3,65,True,62,1081830,"east coast hip hop, old school hip hop, hip hop, boom bap",5f6Nz2v1DESbpu1NerEql2,1998-03-31,20,album,2.96,1998,3
2,68,False,64,1544335,country,11Rni6y5dnNo6NRVuxltIj,1998-01-27,12,album,3.73,1998,1
8,43,False,50,107463,soundtrack,0CeBgtMGKSYHjAaSzjVlZJ,1998-01-01,15,compilation,1.31,1998,1
12,80,True,78,22555572,"old school hip hop, gangster rap, west coast hip hop, g-funk, hip hop",1WBZyULtlANBKed7Zf9cDP,1998-01-01,25,compilation,5.21,1998,1
20,40,False,59,267614,,5MYKGPG7eGeLCwk9vteT87,1998-01-01,20,album,5.2,1998,1
6,80,True,78,22549768,"old school hip hop, gangster rap, west coast hip hop, g-funk, hip hop",1WBZyULtlANBKed7Zf9cDP,1998-01-01,25,compilation,4.74,1998,1
4,44,True,82,10371098,"hip hop, east coast hip hop, rap",5spFW9SO63yEuvE1IxtayA,1998-01-01,25,compilation,5.19,1998,1
8,43,False,50,107489,soundtrack,3Ohs7Jo6GM6mydUOL0m5aC,1998-01-01,12,compilation,3.38,1998,1
2,69,False,54,10819,,7dC869HdAWI9T2jmNy7zqO,1998-01-01,17,compilation,3.79,1998,1
10,70,False,70,3384921,country,4UMe0Ods7kygK6OISasZe9,1997-11-04,16,album,3.53,1997,11
3,72,False,65,1155240,,2esWeP8Ln1sXA0jbDmi3Zq,1997-10-03,16,album,3.79,1997,10
1,1,False,68,2737757,"britpop, shoegaze",5aY2ZGwROKS4QU5QDW3SqD,1997-09-29,27,album,5.95,1997,9
1,83,False,68,2739075,"britpop, shoegaze",52AeC4gwbxDfFlLHgK1ByD,1997-09-29,13,album,5.95,1997,9
5,2,False,77,11810806,"industrial metal, metal, industrial rock, industrial",6f4dhaPfZqf2JXewAvE4gq,1997-08-25,11,album,3.9,1997,8
5,35,False,52,564181,"celtic, new age, medieval",2WcHHCuMlmZRLpvCvtTITw,1997-06-30,8,album,10.31,1997,6
10,0,False,68,1487314,"japanese classical, anime",1CUj4bfDadfeQE6MBkDili,1997-06-30,12,album,4.09,1997,6
1,71,False,70,3384370,country,2aU5BWirMOaV1OpsakTIbV,1997-06-30,42,album,3.89,1997,6
12,21,False,35,59521,funk rock,2Q2eg809yHVRIK8F3AK4sf,1997-06-30,14,compilation,3.6,1997,6
3,64,True,76,9290142,"pop punk, punk, rock, skate punk, emo",0RADUK8yTUBidzBke6Eszq,1997-06-17,15,album,2.75,1997,6
9,64,False,85,13831380,"art rock, alternative rock",6dVIqQ8qmQ5GBnJ9shOYGE,1997-05-28,12,album,4.75,1997,5
8,61,False,85,13822540,"art rock, alternative rock",6dVIqQ8qmQ5GBnJ9shOYGE,1997-05-28,12,album,3.84,1997,5
4,79,False,85,13831380,"art rock, alternative rock",6dVIqQ8qmQ5GBnJ9shOYGE,1997-05-28,12,album,4.45,1997,5
7,57,False,85,13822540,"art rock, alternative rock",6dVIqQ8qmQ5GBnJ9shOYGE,1997-05-28,12,album,1.95,1997,5
5,88,False,85,13831380,"art rock, alternative rock",6dVIqQ8qmQ5GBnJ9shOYGE,1997-05-28,12,album,4.99,1997,5
11,65,False,85,13839280,"art rock, alternative rock",6dVIqQ8qmQ5GBnJ9shOYGE,1997-05-28,12,album,4.31,1997,5
10,86,False,85,13839280,"art rock, alternative rock",6dVIqQ8qmQ5GBnJ9shOYGE,1997-05-28,12,album,3.81,1997,5
3,67,False,85,13831380,"art rock, alternative rock",6dVIqQ8qmQ5GBnJ9shOYGE,1997-05-28,12,album,4.46,1997,5
12,62,False,85,13822540,"art rock, alternative rock",6dVIqQ8qmQ5GBnJ9shOYGE,1997-05-28,12,album,5.44,1997,5
2,72,False,85,13822540,"art rock, alternative rock",6dVIqQ8qmQ5GBnJ9shOYGE,1997-05-28,12,album,6.45,1997,5
6,80,False,85,13831380,"art rock, alternative rock",6dVIqQ8qmQ5GBnJ9shOYGE,1997-05-28,12,album,4.4,1997,5
1,65,False,85,13822540,"art rock, alternative rock",6dVIqQ8qmQ5GBnJ9shOYGE,1997-05-28,12,album,4.79,1997,5
11,83,False,75,12953020,"rock, post-grunge, alternative rock, grunge",30ly6F6Xl0TKmyBCU50Khv,1997-05-20,14,album,4.17,1997,5
3,81,True,75,12766717,"old school hip hop, gangster rap, east coast hip hop, hip hop",7dRdaGSxgcBdJnrOviQRuB,1997-03-04,24,album,3.83,1997,3
2,78,False,68,3924846,"britpop, madchester, alternative rock",7HvIrSkKGJCzd8AKyjTJ6Q,1997-02-10,32,album,2.01,1997,2
4,76,False,71,3314550,,31Sx9uz9KqlvmX07Pvp0wN,1997-01-01,11,album,4.41,1997,1
3,75,False,63,779228,"europop, eurodance",3hHmYc6mrl6NkmRW1ZwYvm,1997-01-01,17,album,3.29,1997,1
2,70,False,72,5159832,"country, classic country, traditional country, honky tonk",3YwF2y9Y3FfEy2NOtDuDZZ,1997-01-01,10,album,3.87,1997,1
8,24,False,38,62663,"folk, celtic, traditional folk",7JwwvowWgGH7ESuIvflc0E,1997-01-01,11,album,3.08,1997,1
2,19,True,71,4968982,"industrial metal, industrial rock, industrial, metal, nu metal",3IRkt0Rq4KXhT0VIplkt52,1997-01-01,5,single,4.17,1997,1
11,62,True,69,2414895,"east coast hip hop, old school hip hop, hardcore hip hop, hip hop, gangster rap",6BWf3fxsgSDhES4Cm4oyy5,1996-11-19,14,album,4.56,1996,11
2,68,True,55,3474128,"old school hip hop, west coast hip hop, gangster rap, g-funk",2gWrUaBkh1uQARjbjvUGNp,1996-11-05,12,album,5.16,1996,11
25,0,False,65,3241736,,0mfMzPJTJni2cy7O5C2sxi,1996-10-29,71,compilation,3.36,1996,10
2,52,True,55,1661470,"west coast hip hop, g-funk, gangster rap, old school hip hop",3llZpeXGCVbJN51XZMhFYh,1996-10-22,13,album,3.44,1996,10
2,64,False,64,2811233,r&b,4cEX2rhss4PBg5EU5Vs0Uj,1996-10-08,18,album,5.41,1996,10
1,0,False,16,4679,,7ig8uxZ0hx1UOfBfXaYa4L,1996-10-08,11,album,4.19,1996,10
4,74,False,67,2688999,post-grunge,4vUXTcKz7tXxrNl84meN6i,1996-10-01,12,album,3.97,1996,10
1,29,False,39,19186,britpop,5hcOE31cDSHsYozoskJviM,1996-09-30,4,single,3.7,1996,9
1,70,False,72,3371242,"country, christian country, classic country",4kZm2gtXOwFsXXQZZaYEhW,1996-09-30,10,album,2.64,1996,9
6,7,False,4,1816,"surf rock, rockabilly, psychobilly",0oLA91ADNLTOCSB5lptzzT,1996-09-30,7,album,2.94,1996,9
1,46,False,61,1312426,alternative rock,6kPOXxCYCdXBzEbb9dqE90,1996-09-17,14,album,4.01,1996,9
3,78,False,62,997137,new jack swing,2zGZLQiFl9UubtrVmtIkbi,1996-09-09,19,album,5.07,1996,9
3,68,True,73,3380735,"southern hip hop, hip hop",1IaBCF26OjgYwUCEPaIyC0,1996-08-27,15,album,3.84,1996,8
4,64,False,62,1800092,art pop,5gVBXH8MT6zfdRkjp7qT18,1996-07-23,10,album,5.69,1996,7
17,26,False,72,1169859,"jazz rap, east coast hip hop",0jIXYQfUtkvn1BYYUOBEmE,1996-07-02,18,album,5.5,1996,7
3,55,True,71,4292330,"east coast hip hop, old school hip hop, hip hop",78Fgb88MY0ECc4GVMejqTg,1996-07-02,14,album,4.66,1996,7
14,69,True,71,4290840,"east coast hip hop, old school hip hop, hip hop",78Fgb88MY0ECc4GVMejqTg,1996-07-02,14,album,4.7,1996,7
3,48,True,71,4969994,"industrial metal, industrial rock, industrial, metal, nu metal",7APnZJwayR3lH9aUDPDYQB,1996-06-30,17,album,4.26,1996,6
5,42,True,71,4971141,"industrial metal, industrial rock, industrial, metal, nu metal",7APnZJwayR3lH9aUDPDYQB,1996-06-30,17,album,2.72,1996,6
4,59,False,71,4969994,"industrial metal, industrial rock, industrial, metal, nu metal",7APnZJwayR3lH9aUDPDYQB,1996-06-30,17,album,4.48,1996,6
6,68,False,57,849521,"country, classic country",2Jsqpx8EeRWIjBFhCX4hvn,1996-04-02,10,album,3.47,1996,4
5,77,False,59,127417,slowcore,02zGqoK00H1Rx5T5A9dUXI,1996-04-01,19,album,2.96,1996,4
10,78,True,78,22549768,"old school hip hop, gangster rap, west coast hip hop, g-funk, hip hop",78iX7tMceN0FsnmabAtlOC,1996-02-13,27,album,5.12,1996,2
6,67,True,65,1660600,east coast hip hop,18XFe4CPBgVezXkxZP6rTb,1996-02-13,17,album,4.33,1996,2
3,72,True,65,1660600,east coast hip hop,18XFe4CPBgVezXkxZP6rTb,1996-02-13,17,album,3.78,1996,2
10,72,False,58,550968,"classic country, country, traditional country",53ggnni69yCjLQIboZCc3e,1996-01-01,15,album,3.4,1996,1
1,80,False,67,4243040,,3x2jF7blR6bFHtk4MccsyJ,1996-01-01,10,album,2.88,1996,1
2,86,False,68,1887219,"west coast hip hop, g-funk",0BJYNipGyMrw4ngKDJXzXZ,1995-11-07,14,album,4.01,1995,11
10,80,False,68,3126833,,3VekjWskUut57hx6W9wqL8,1995-10-10,14,album,4.39,1995,10
3,52,True,51,732543,"east coast hip hop, old school hip hop, hip hop, hardcore hip hop",17C90B1H8gxYa664SSVM9x,1995-10-10,14,album,4.93,1995,10
9,0,False,80,12387752,"britpop, madchester",0PTVq4kaAAuROnfvfA7bHG,1995-10-02,12,album,3.67,1995,10
3,74,False,80,12399445,"britpop, madchester",2u30gztZTylY4RG7IvfXs8,1995-10-02,12,album,4.31,1995,10
3,2,False,80,12392899,"britpop, madchester",6ozp33PI3p9AdddB6ZL3xQ,1995-10-02,40,album,4.31,1995,10
4,71,False,80,12381444,"britpop, madchester",2u30gztZTylY4RG7IvfXs8,1995-10-02,12,album,4.79,1995,10
17,72,False,72,5161216,"country, classic country, traditional country, honky tonk",2j7URVIN8GPGqzb8xi2hYW,1995-09-12,72,album,3.34,1995,9
7,71,False,69,5042529,"country, classic country",6l9E1hjtJqivhVIageAWM8,1995-08-15,12,album,3.42,1995,8
15,56,True,61,665179,"east coast hip hop, hardcore hip hop, old school hip hop, hip hop",7btiyhWzUfzxN3ijSiBpC8,1995-06-30,18,album,4.22,1995,6
6,77,False,73,6082676,"alternative rock, rock",55RhFRyQFihIyGf61MgcfV,1995-06-30,92,album,4.3,1995,6
3,71,False,80,12399445,"britpop, madchester",6tOe4eAF8xNhEkl9WyvsE4,1995-06-30,40,album,4.31,1995,6
8,69,False,84,37431031,,3OBhnTLrvkoEEETjFA3Qfk,1995-06-16,30,album,5.32,1995,6
15,77,True,69,2414307,"east coast hip hop, old school hip hop, hardcore hip hop, hip hop, gangster rap",1cCAb1vN8uUsdfEylVmTLs,1995-04-25,16,album,5.42,1995,4
3,72,True,69,2415439,"east coast hip hop, old school hip hop, hardcore hip hop, hip hop, gangster rap",1cCAb1vN8uUsdfEylVmTLs,1995-04-25,16,album,3.74,1995,4
13,0,False,68,2067349,"downtempo, trip hop",4JgnH6sdkW0fv3jU4ZgcT0,1995-03-14,13,album,4.23,1995,3
4,80,False,85,13848580,"art rock, alternative rock",35UJLpClj5EDrhpNIi4DFg,1995-03-13,12,album,4.84,1995,3
10,71,False,85,13822540,"art rock, alternative rock",35UJLpClj5EDrhpNIi4DFg,1995-03-13,12,album,4.11,1995,3
2,0,False,63,350647,soundtrack,5fMzvljNl2AQKFWZL8D117,1995-01-01,18,album,1.62,1995,1
2,60,False,63,350647,soundtrack,11RrIE8R4WdmybwaItRa97,1995-01-01,18,album,1.62,1995,1
4,0,False,59,267791,,2tSMwDWFo09w9EOmNzoxfv,1995-01-01,16,compilation,5.96,1995,1
4,47,False,57,1200822,"art pop, singer-songwriter, alternative rock",2yMg8ronKfVDHngnlLNnl8,1995-01-01,10,album,2.79,1995,1
6,71,False,71,4971141,"industrial metal, industrial rock, industrial, metal, nu metal",6nCgYzfYRa3SPmL0AW8is1,1995-01-01,16,album,4.88,1995,1
6,39,False,57,1200822,"art pop, singer-songwriter, alternative rock",2yMg8ronKfVDHngnlLNnl8,1995-01-01,10,album,5.25,1995,1
7,60,False,57,1200822,"art pop, singer-songwriter, alternative rock",2yMg8ronKfVDHngnlLNnl8,1995-01-01,10,album,3.24,1995,1
11,61,False,63,350647,soundtrack,11RrIE8R4WdmybwaItRa97,1995-01-01,18,album,4.12,1995,1
4,66,True,58,864498,"jazz rap, west coast hip hop, old school hip hop",05Qg48LlYGKYdeXrNGg00g,1995-01-01,40,album,4.93,1995,1
7,56,False,81,23391272,"grunge, rock",1To7kv722A8SpZF789MZy7,1994-11-01,14,album,3.27,1994,11
14,67,False,81,23398010,"grunge, rock",1To7kv722A8SpZF789MZy7,1994-11-01,14,album,5.1,1994,11
1,61,False,81,23384088,"grunge, rock",1To7kv722A8SpZF789MZy7,1994-11-01,14,album,3.63,1994,11
6,56,False,81,23398010,"grunge, rock",1To7kv722A8SpZF789MZy7,1994-11-01,14,album,2.88,1994,11
1,63,False,77,5106570,,3uSWaQxJAdm5MWKQkQJNoK,1994-10-31,16,compilation,3.66,1994,10
5,61,False,77,5106570,,3uSWaQxJAdm5MWKQkQJNoK,1994-10-31,16,compilation,4.61,1994,10
9,76,False,77,5106570,,3uSWaQxJAdm5MWKQkQJNoK,1994-10-31,16,compilation,3.62,1994,10
16,57,False,77,5106570,,3uSWaQxJAdm5MWKQkQJNoK,1994-10-31,16,compilation,4.56,1994,10
14,58,False,77,5109119,,3uSWaQxJAdm5MWKQkQJNoK,1994-10-31,16,compilation,3.68,1994,10
3,80,False,77,5109119,,3uSWaQxJAdm5MWKQkQJNoK,1994-10-31,16,compilation,4.31,1994,10
15,59,False,77,5106570,,3uSWaQxJAdm5MWKQkQJNoK,1994-10-31,16,compilation,6.3,1994,10
12,60,False,77,5109119,,3uSWaQxJAdm5MWKQkQJNoK,1994-10-31,16,compilation,3.64,1994,10
8,57,False,77,5111573,,3uSWaQxJAdm5MWKQkQJNoK,1994-10-31,16,compilation,4.3,1994,10
7,62,False,77,5111573,,3uSWaQxJAdm5MWKQkQJNoK,1994-10-31,16,compilation,3.95,1994,10
11,59,False,77,5111573,,3uSWaQxJAdm5MWKQkQJNoK,1994-10-31,16,compilation,7.34,1994,10
10,69,False,77,5106570,,3uSWaQxJAdm5MWKQkQJNoK,1994-10-31,16,compilation,3.91,1994,10
2,71,False,77,5111573,,3uSWaQxJAdm5MWKQkQJNoK,1994-10-31,16,compilation,4.5,1994,10
6,66,False,77,5109119,,3uSWaQxJAdm5MWKQkQJNoK,1994-10-31,16,compilation,6.35,1994,10
4,60,False,77,5106570,,3uSWaQxJAdm5MWKQkQJNoK,1994-10-31,16,compilation,5.48,1994,10
13,79,False,77,5106570,,3uSWaQxJAdm5MWKQkQJNoK,1994-10-31,16,compilation,4.18,1994,10
2,78,False,79,11909137,christmas,61ulfFSmmxMhc2wCdmdMkN,1994-10-28,10,album,4.01,1994,10
4,78,False,78,15801991,"glam metal, rock",0tBfLeYdX3oBnl5NVpot4m,1994-10-18,14,compilation,5.88,1994,10
18,65,True,75,12759099,"old school hip hop, gangster rap, east coast hip hop, hip hop",2HTbQ0RHwukKVXAlTmCZP2,1994-09-13,19,album,5.32,1994,9
10,73,True,75,12762931,"old school hip hop, gangster rap, east coast hip hop, hip hop",2HTbQ0RHwukKVXAlTmCZP2,1994-09-13,19,album,5.04,1994,9
1,71,False,56,194340,,5DA2dJgKERij9OVWbJDZDj,1994-08-12,13,album,3.23,1994,8
3,64,False,60,432768,,4LDr8TzhxY0Qpyfm1cKNYo,1994-08-08,10,single,4.94,1994,8
1,58,False,57,327242,soundtrack,1Fw951OcmbeCmVnnNcRYrp,1994-08-02,21,album,2.66,1994,8
1,45,False,64,1348123,singer-songwriter,0vgbFgcYqm2B0csVXvo8d5,1994-07-14,9,album,3.6,1994,7
6,63,False,55,30582,classical,2bP8L39GYpPSN2wnNqTJJr,1994-07-01,18,album,2.93,1994,7
7,84,False,72,2288846,,7yQtjAjhtNi76KRu05XWFS,1994-06-30,11,album,6.73,1994,6
3,70,True,64,3304029,"gangster rap, old school hip hop, g-funk",5g2FfZVMvBqRmuHjNsaf3l,1994-06-21,8,album,4.69,1994,6
1,49,False,68,2137540,,6zfkiTCfpCeQCokEMlpudS,1994-05-03,13,album,4.39,1994,5
2,71,True,71,4290840,"east coast hip hop, old school hip hop, hip hop",3kEtdS2pH6hKcMU9Wioob1,1994-04-19,10,album,4.89,1994,4
5,58,True,71,4290840,"east coast hip hop, old school hip hop, hip hop",3kEtdS2pH6hKcMU9Wioob1,1994-04-19,10,album,4.34,1994,4
6,62,False,69,5043722,"country, classic country",18eJ4H4smFp29lRMsLygUc,1994-03-22,10,album,3.03,1994,3
19,52,True,78,22549768,"old school hip hop, gangster rap, west coast hip hop, g-funk, hip hop",2mk5XOGtfuxx7ZqqjkwYVD,1994-03-22,21,compilation,4.57,1994,3
7,50,False,60,1199052,"country, classic country",35RTe7YfQemPHk27qXWMxK,1994-01-14,10,album,4.12,1994,1
1,0,True,0,367,,0U7LIkH99KhZIcaFy9ljSQ,1994-01-02,1,single,3.08,1994,1
4,0,False,78,15810313,"glam metal, rock",0eLgWXRdFvQWb5Ch6Hm33Z,1994-01-01,15,compilation,5.88,1994,1
1,0,False,62,1563441,,31M6xnqksyqCJazdzP46iQ,1994-01-01,3,single,6.34,1994,1
11,33,True,71,4969994,"industrial metal, industrial rock, industrial, metal, nu metal",1SmsWlQZojAXz5H0i26bRl,1994-01-01,13,album,4.12,1994,1
10,33,True,71,4971141,"industrial metal, industrial rock, industrial, metal, nu metal",1SmsWlQZojAXz5H0i26bRl,1994-01-01,13,album,5.05,1994,1
11,76,False,64,2339851,"trip hop, downtempo",3539EbNgIdEDGBKkUf4wno,1994-01-01,11,album,5.14,1994,1
3,47,True,71,4969994,"industrial metal, industrial rock, industrial, metal, nu metal",1SmsWlQZojAXz5H0i26bRl,1994-01-01,13,album,4.54,1994,1
13,30,True,71,4968982,"industrial metal, industrial rock, industrial, metal, nu metal",1SmsWlQZojAXz5H0i26bRl,1994-01-01,13,album,13.15,1994,1
4,35,True,71,4968982,"industrial metal, industrial rock, industrial, metal, nu metal",1SmsWlQZojAXz5H0i26bRl,1994-01-01,13,album,4.37,1994,1
5,34,True,71,4969994,"industrial metal, industrial rock, industrial, metal, nu metal",1SmsWlQZojAXz5H0i26bRl,1994-01-01,13,album,3.54,1994,1
9,35,True,71,4971141,"industrial metal, industrial rock, industrial, metal, nu metal",1SmsWlQZojAXz5H0i26bRl,1994-01-01,13,album,3.37,1994,1
6,61,False,61,1440778,"riot grrrl, grunge",2Rwf2nPYZQ9aIe4QXACTC7,1994-01-01,12,album,3.53,1994,1
6,41,True,71,4968982,"industrial metal, industrial rock, industrial, metal, nu metal",1SmsWlQZojAXz5H0i26bRl,1994-01-01,13,album,4.29,1994,1
8,34,True,71,4971141,"industrial metal, industrial rock, industrial, metal, nu metal",1SmsWlQZojAXz5H0i26bRl,1994-01-01,13,album,5.58,1994,1
4,77,True,72,11064671,"gangster rap, west coast hip hop, old school hip hop, g-funk",7JlCbNWZszAdVKZdtHFQ5p,1993-12-07,12,album,3.87,1993,12
10,64,True,81,15700135,"g-funk, west coast hip hop, gangster rap, hip hop, old school hip hop, rap",5IFOummNcGXY3qCBWRchqP,1993-11-23,13,album,4.1,1993,11
3,72,True,80,15695279,"g-funk, west coast hip hop, gangster rap, hip hop, old school hip hop, rap",5IFOummNcGXY3qCBWRchqP,1993-11-23,13,album,3.53,1993,11
10,66,True,65,3707332,"east coast hip hop, old school hip hop, hip hop, gangster rap, hardcore hip hop",3tQd5mwBtVyxCoEo4htGAV,1993-11-09,15,album,4.85,1993,11
8,73,True,65,3707332,"east coast hip hop, old school hip hop, hip hop, gangster rap, hardcore hip hop",3tQd5mwBtVyxCoEo4htGAV,1993-11-09,15,album,4.2,1993,11
2,57,False,66,2485444,r&b,11UWeyxXNreHeZwEViqs3y,1993-11-07,12,album,4.26,1993,11
1,86,False,71,1827886,"dream pop, shoegaze, slowcore",5K18gTgac0q6Jma5HkV1vA,1993-10-05,10,album,4.92,1993,10
9,64,False,71,1827886,"dream pop, shoegaze, slowcore",5K18gTgac0q6Jma5HkV1vA,1993-10-05,10,album,5.61,1993,10
1,10,False,4,643,garage rock,6JXDgq2mMBNEk1saY4eJsO,1993-09-22,14,album,2.93,1993,9
3,81,False,81,23391272,"grunge, rock",6ohX7moZZnF1FwYrli1OJ6,1993-09-21,43,album,4.68,1993,9
4,56,False,81,23391272,"grunge, rock",7wOOA7l306K8HfBKfPoafr,1993-09-21,12,album,2.83,1993,9
16,48,False,81,23391272,"grunge, rock",6ohX7moZZnF1FwYrli1OJ6,1993-09-21,43,album,3.41,1993,9
1,61,False,81,23384088,"grunge, rock",7wOOA7l306K8HfBKfPoafr,1993-09-21,12,album,3.61,1993,9
2,53,False,49,400444,,0FocpOyE7RnaNsiaEhSbp6,1993-09-14,13,album,3.32,1993,9
1,34,False,49,400628,,0FocpOyE7RnaNsiaEhSbp6,1993-09-14,13,album,0.73,1993,9
7,62,False,51,732543,"east coast hip hop, old school hip hop, hip hop, hardcore hip hop",64ub4SfdC8wvPjdUXw8QY9,1993-09-03,14,album,4.3,1993,9
3,72,True,65,2379861,"west coast hip hop, old school hip hop, rap rock, hip hop",02lktkm4J7K7N8T63Gm7KX,1993-07-20,14,album,3.47,1993,7
1,0,False,68,2456720,"art pop, trip hop",2Fb37JsRMVPASJcl3wwDOa,1993-07-05,11,album,4.2,1993,7
3,0,False,68,2456720,"art pop, trip hop",2Fb37JsRMVPASJcl3wwDOa,1993-07-05,11,album,4.7,1993,7
10,66,False,64,1368344,"shoegaze, dream pop, slowcore",53eHm1f3sFiSzWMaKOl98Z,1993-06-30,10,album,3.63,1993,6
7,77,False,64,1369392,"shoegaze, dream pop, slowcore",53eHm1f3sFiSzWMaKOl98Z,1993-06-30,10,album,4.76,1993,6
11,0,False,75,16040003,"classic rock, rock",6BZNF93Ac0zqWD1n9TgFOq,1993-04-20,14,album,5.27,1993,4
2,82,False,76,5401129,,0AP5O47kJWlaKVnnybKvQI,1993-03-01,12,album,4.52,1993,3
12,39,False,71,3857056,soft rock,5kV0KBXfELibs6qQJLmOtg,1993-03-01,12,album,3.69,1993,3
9,39,False,71,3856287,soft rock,5kV0KBXfELibs6qQJLmOtg,1993-03-01,12,album,3.91,1993,3
3,76,False,71,3857056,soft rock,5kV0KBXfELibs6qQJLmOtg,1993-03-01,12,album,3.7,1993,3
4,41,False,71,3857056,soft rock,5kV0KBXfELibs6qQJLmOtg,1993-03-01,12,album,3.79,1993,3
1,65,False,71,3856287,soft rock,5kV0KBXfELibs6qQJLmOtg,1993-03-01,12,album,4.5,1993,3
8,50,False,71,3856287,soft rock,5kV0KBXfELibs6qQJLmOtg,1993-03-01,12,album,5.13,1993,3
3,71,False,76,5401129,,0AP5O47kJWlaKVnnybKvQI,1993-03-01,12,album,3.51,1993,3
7,38,False,71,3857762,soft rock,5kV0KBXfELibs6qQJLmOtg,1993-03-01,12,album,5.31,1993,3
6,56,False,71,3857056,soft rock,5kV0KBXfELibs6qQJLmOtg,1993-03-01,12,album,4.63,1993,3
10,77,False,71,3857762,soft rock,5kV0KBXfELibs6qQJLmOtg,1993-03-01,12,album,4.65,1993,3
5,37,False,71,3856287,soft rock,5kV0KBXfELibs6qQJLmOtg,1993-03-01,12,album,2.5,1993,3
11,39,False,71,3857762,soft rock,5kV0KBXfELibs6qQJLmOtg,1993-03-01,12,album,5.48,1993,3
7,0,False,76,5401129,,6AR5l9eEiU5gMPv2wT1L9A,1993-03-01,18,album,4.57,1993,3
2,40,False,71,3857056,soft rock,5kV0KBXfELibs6qQJLmOtg,1993-03-01,12,album,5.18,1993,3
1,62,False,70,3336633,"country, classic country, acoustic country, honky tonk",7pvtnidoCEO4BQlhIjNY7y,1993-02-23,11,album,2.97,1993,2
3,53,False,85,13848580,"art rock, alternative rock",3gBVdu4a1MMJVMy6vwPEb8,1993-02-22,12,album,2.2,1993,2
10,51,False,85,13822540,"art rock, alternative rock",3gBVdu4a1MMJVMy6vwPEb8,1993-02-22,12,album,4.21,1993,2
11,50,False,85,13848580,"art rock, alternative rock",3gBVdu4a1MMJVMy6vwPEb8,1993-02-22,12,album,3.13,1993,2
1,63,False,85,13822540,"art rock, alternative rock",3gBVdu4a1MMJVMy6vwPEb8,1993-02-22,12,album,3.47,1993,2
2,4,True,85,13831380,"art rock, alternative rock",6400dnyeDyD2mIFHfkwHXN,1993-02-22,12,album,3.97,1993,2
9,51,False,85,13822540,"art rock, alternative rock",3gBVdu4a1MMJVMy6vwPEb8,1993-02-22,12,album,2.42,1993,2
7,51,False,85,13822540,"art rock, alternative rock",3gBVdu4a1MMJVMy6vwPEb8,1993-02-22,12,album,3.16,1993,2
4,52,False,85,13822540,"art rock, alternative rock",3gBVdu4a1MMJVMy6vwPEb8,1993-02-22,12,album,5.42,1993,2
6,56,False,85,13839280,"art rock, alternative rock",3gBVdu4a1MMJVMy6vwPEb8,1993-02-22,12,album,3.63,1993,2
12,64,False,85,13822540,"art rock, alternative rock",3gBVdu4a1MMJVMy6vwPEb8,1993-02-22,12,album,4.7,1993,2
5,60,False,85,13839280,"art rock, alternative rock",3gBVdu4a1MMJVMy6vwPEb8,1993-02-22,12,album,2.69,1993,2
8,54,False,85,13831380,"art rock, alternative rock",3gBVdu4a1MMJVMy6vwPEb8,1993-02-22,12,album,3.21,1993,2
8,71,False,54,380684,"jazz rap, old school hip hop",7aSjaEi3OQ2aZemcJDhMb1,1993-02-13,14,album,4.77,1993,2
1,0,False,70,3013521,"country, classic country",4iWbxbStpDbMoMJMkILb24,1993-01-01,10,album,3.52,1993,1
3,61,True,78,15085473,"old school hip hop, g-funk, gangster rap, west coast hip hop, hip hop, rap",2V5rhszUpCudPcb01zevOt,1992-12-15,16,album,4.33,1992,12
5,76,True,78,15089626,"old school hip hop, g-funk, gangster rap, west coast hip hop, hip hop, rap",2V5rhszUpCudPcb01zevOt,1992-12-15,16,album,3.95,1992,12
2,63,True,78,15089626,"old school hip hop, g-funk, gangster rap, west coast hip hop, hip hop, rap",2V5rhszUpCudPcb01zevOt,1992-12-15,16,album,4.85,1992,12
4,80,False,77,5109119,,2PfGKHtqEX58bHtkQxJnWG,1992-10-26,9,album,3.63,1992,10
1,73,False,72,3371242,"country, christian country, classic country",79yCfWigSGt94zi1CIkkJZ,1992-10-09,10,album,2.46,1992,10
4,75,False,72,5365848,"jangle pop, alternative rock, rock",0BiNb8HYR4JvuxUa31Z58Q,1992-10-05,12,album,5.33,1992,10
13,77,False,74,6243211,"grunge, post-grunge",58NXIEYqmq5dQHg9nV9duM,1992-09-29,13,album,3.44,1992,9
4,62,False,72,3371242,"country, christian country, classic country",5b4ebZbipq1eZZ3ptb8EoU,1992-06-30,14,album,4.33,1992,6
2,66,False,49,557315,,5bGumbB29JBPlv4ECVURka,1992-03-17,15,album,3.25,1992,3
1,65,False,66,478049,eurodance,5IrMfIT621GidGPuOSRTB4,1992-01-18,4,single,4.5,1992,1
3,67,False,52,41369,,2qSjYxNL8dN8QCTTQyuNOA,1992-01-01,14,album,4.66,1992,1
1,64,False,60,686959,"classic country, country, traditional country",6sp6iOY2DhnS0UAUbdZMfS,1992-01-01,10,album,3.74,1992,1
6,46,False,51,43632,soundtrack,71NrwUZGV90FcwYjfq8D9h,1992-01-01,16,compilation,6.21,1992,1
6,61,False,55,846642,"classic country, country, traditional country, honky tonk",3GAq1vI6aQ5gZu53e8DZFy,1992-01-01,10,album,3.09,1992,1
11,37,False,49,534917,"stoner rock, stoner metal, sludge metal, doom metal, space rock",7wXj8GxTkGAUU99DXR7n2f,1992-01-01,14,album,0.92,1992,1
4,62,False,71,5716963,"classical, classical piano, chamber music",1x27TAmWCNzMTJeqlA5bYz,1991-11-09,8,compilation,3.14,1991,11
8,51,False,52,1103638,"shoegaze, dream pop, slowcore, noise rock",3USQKOw0se5pBNEndu82Rb,1991-11-04,11,album,5.31,1991,11
5,21,True,81,23384088,"grunge, rock",3FFGbUutKWN1c4f0CJR4Uh,1991-09-26,70,album,3.46,1991,9
6,31,False,81,23391272,"grunge, rock",3FFGbUutKWN1c4f0CJR4Uh,1991-09-26,70,album,2.89,1991,9
22,18,False,81,23391272,"grunge, rock",3FFGbUutKWN1c4f0CJR4Uh,1991-09-26,70,album,2.78,1991,9
8,20,False,81,23391272,"grunge, rock",3FFGbUutKWN1c4f0CJR4Uh,1991-09-26,70,album,3.06,1991,9
4,18,False,81,23384088,"grunge, rock",3FFGbUutKWN1c4f0CJR4Uh,1991-09-26,70,album,2.97,1991,9
17,29,False,81,23384088,"grunge, rock",3FFGbUutKWN1c4f0CJR4Uh,1991-09-26,70,album,2.99,1991,9
8,22,False,81,23384088,"grunge, rock",3FFGbUutKWN1c4f0CJR4Uh,1991-09-26,70,album,3.58,1991,9
19,20,False,81,23398010,"grunge, rock",3FFGbUutKWN1c4f0CJR4Uh,1991-09-26,70,album,2.56,1991,9
4,26,False,81,23384088,"grunge, rock",3FFGbUutKWN1c4f0CJR4Uh,1991-09-26,70,album,2.86,1991,9
21,19,False,81,23398010,"grunge, rock",3FFGbUutKWN1c4f0CJR4Uh,1991-09-26,70,album,2.05,1991,9
10,22,False,81,23384088,"grunge, rock",3FFGbUutKWN1c4f0CJR4Uh,1991-09-26,70,album,2.19,1991,9
1,9,False,81,23391272,"grunge, rock",2uEf3r9i2bnxwJQsxQ0xQ7,1991-09-26,40,album,5.03,1991,9
1,84,False,81,23384088,"grunge, rock",2UJcKiJxNryhL050F5Z1Fk,1991-09-26,13,album,5.03,1991,9
1,55,False,81,23391272,"grunge, rock",3FFGbUutKWN1c4f0CJR4Uh,1991-09-26,70,album,5.03,1991,9
9,23,False,81,23398010,"grunge, rock",3FFGbUutKWN1c4f0CJR4Uh,1991-09-26,70,album,5.65,1991,9
1,37,False,81,23391272,"grunge, rock",3FFGbUutKWN1c4f0CJR4Uh,1991-09-26,70,album,5.03,1991,9
6,35,False,81,23391272,"grunge, rock",3FFGbUutKWN1c4f0CJR4Uh,1991-09-26,70,album,4.75,1991,9
12,72,False,81,23391272,"grunge, rock",2UJcKiJxNryhL050F5Z1Fk,1991-09-26,13,album,3.86,1991,9
12,39,False,81,23398010,"grunge, rock",3FFGbUutKWN1c4f0CJR4Uh,1991-09-26,70,album,3.86,1991,9
15,17,False,81,23391272,"grunge, rock",3FFGbUutKWN1c4f0CJR4Uh,1991-09-26,70,album,5.5,1991,9
11,36,False,81,23391272,"grunge, rock",3FFGbUutKWN1c4f0CJR4Uh,1991-09-26,70,album,3.93,1991,9
18,22,False,81,23398010,"grunge, rock",3FFGbUutKWN1c4f0CJR4Uh,1991-09-26,70,album,3.39,1991,9
10,30,False,81,23391272,"grunge, rock",3FFGbUutKWN1c4f0CJR4Uh,1991-09-26,70,album,3.52,1991,9
9,22,False,81,23391272,"grunge, rock",3FFGbUutKWN1c4f0CJR4Uh,1991-09-26,70,album,3.45,1991,9
7,22,False,81,23398010,"grunge, rock",3FFGbUutKWN1c4f0CJR4Uh,1991-09-26,70,album,3.22,1991,9
15,29,False,81,23398010,"grunge, rock",3FFGbUutKWN1c4f0CJR4Uh,1991-09-26,70,album,4.76,1991,9
2,25,False,81,23398010,"grunge, rock",3FFGbUutKWN1c4f0CJR4Uh,1991-09-26,70,album,4.83,1991,9
18,20,False,81,23398010,"grunge, rock",3FFGbUutKWN1c4f0CJR4Uh,1991-09-26,70,album,2.5,1991,9
13,19,False,81,23391272,"grunge, rock",3FFGbUutKWN1c4f0CJR4Uh,1991-09-26,70,album,2.26,1991,9
16,21,False,81,23384088,"grunge, rock",3FFGbUutKWN1c4f0CJR4Uh,1991-09-26,70,album,4.15,1991,9
4,36,False,81,23384088,"grunge, rock",3FFGbUutKWN1c4f0CJR4Uh,1991-09-26,70,album,3.06,1991,9
4,24,False,81,23384088,"grunge, rock",3FFGbUutKWN1c4f0CJR4Uh,1991-09-26,70,album,3.05,1991,9
9,23,False,81,23391272,"grunge, rock",3FFGbUutKWN1c4f0CJR4Uh,1991-09-26,70,album,3.18,1991,9
7,34,False,81,23391272,"grunge, rock",3FFGbUutKWN1c4f0CJR4Uh,1991-09-26,70,album,2.38,1991,9
11,18,False,81,23384088,"grunge, rock",3FFGbUutKWN1c4f0CJR4Uh,1991-09-26,70,album,2.18,1991,9
6,23,False,81,23391272,"grunge, rock",3FFGbUutKWN1c4f0CJR4Uh,1991-09-26,70,album,2.22,1991,9
18,23,False,81,23398010,"grunge, rock",3FFGbUutKWN1c4f0CJR4Uh,1991-09-26,70,album,2.93,1991,9
10,21,False,81,23398010,"grunge, rock",3FFGbUutKWN1c4f0CJR4Uh,1991-09-26,70,album,3.2,1991,9
3,5,False,81,23391272,"grunge, rock",2uEf3r9i2bnxwJQsxQ0xQ7,1991-09-26,40,album,3.64,1991,9
3,55,False,81,23398010,"grunge, rock",3FFGbUutKWN1c4f0CJR4Uh,1991-09-26,70,album,3.64,1991,9
13,18,False,81,23391272,"grunge, rock",3FFGbUutKWN1c4f0CJR4Uh,1991-09-26,70,album,4.18,1991,9
3,38,False,81,23384088,"grunge, rock",3FFGbUutKWN1c4f0CJR4Uh,1991-09-26,70,album,3.66,1991,9
16,26,False,81,23398010,"grunge, rock",3FFGbUutKWN1c4f0CJR4Uh,1991-09-26,70,album,2.95,1991,9
17,26,False,81,23398010,"grunge, rock",3FFGbUutKWN1c4f0CJR4Uh,1991-09-26,70,album,3.73,1991,9
7,20,False,81,23391272,"grunge, rock",3FFGbUutKWN1c4f0CJR4Uh,1991-09-26,70,album,3.9,1991,9
8,36,False,81,23391272,"grunge, rock",3FFGbUutKWN1c4f0CJR4Uh,1991-09-26,70,album,3.73,1991,9
7,30,False,81,23384088,"grunge, rock",3FFGbUutKWN1c4f0CJR4Uh,1991-09-26,70,album,3.68,1991,9
20,22,False,81,23384088,"grunge, rock",3FFGbUutKWN1c4f0CJR4Uh,1991-09-26,70,album,3.87,1991,9
17,22,False,81,23384088,"grunge, rock",3FFGbUutKWN1c4f0CJR4Uh,1991-09-26,70,album,4.04,1991,9
3,28,False,81,23384088,"grunge, rock",3FFGbUutKWN1c4f0CJR4Uh,1991-09-26,70,album,3.77,1991,9
13,29,False,81,23384088,"grunge, rock",3FFGbUutKWN1c4f0CJR4Uh,1991-09-26,70,album,6.71,1991,9
19,21,False,81,23384088,"grunge, rock",3FFGbUutKWN1c4f0CJR4Uh,1991-09-26,70,album,6.41,1991,9
14,30,False,81,23384088,"grunge, rock",3FFGbUutKWN1c4f0CJR4Uh,1991-09-26,70,album,3.03,1991,9
5,20,False,81,23384088,"grunge, rock",3FFGbUutKWN1c4f0CJR4Uh,1991-09-26,70,album,2.45,1991,9
5,44,False,81,23384088,"grunge, rock",3FFGbUutKWN1c4f0CJR4Uh,1991-09-26,70,album,4.28,1991,9
5,28,False,81,23384088,"grunge, rock",3FFGbUutKWN1c4f0CJR4Uh,1991-09-26,70,album,4.3,1991,9
12,26,False,81,23384088,"grunge, rock",3FFGbUutKWN1c4f0CJR4Uh,1991-09-26,70,album,4.64,1991,9
3,22,False,81,23398010,"grunge, rock",3FFGbUutKWN1c4f0CJR4Uh,1991-09-26,70,album,4.5,1991,9
9,32,True,81,23384088,"grunge, rock",3FFGbUutKWN1c4f0CJR4Uh,1991-09-26,70,album,2.6,1991,9
12,19,False,81,23398010,"grunge, rock",3FFGbUutKWN1c4f0CJR4Uh,1991-09-26,70,album,2.6,1991,9
8,28,False,81,23398010,"grunge, rock",3FFGbUutKWN1c4f0CJR4Uh,1991-09-26,70,album,2.6,1991,9
11,24,False,81,23384088,"grunge, rock",3FFGbUutKWN1c4f0CJR4Uh,1991-09-26,70,album,3.57,1991,9
14,21,False,81,23391272,"grunge, rock",3FFGbUutKWN1c4f0CJR4Uh,1991-09-26,70,album,2.72,1991,9
14,18,False,81,23398010,"grunge, rock",3FFGbUutKWN1c4f0CJR4Uh,1991-09-26,70,album,4.35,1991,9
11,31,False,81,23384088,"grunge, rock",3FFGbUutKWN1c4f0CJR4Uh,1991-09-26,70,album,3.24,1991,9
16,17,False,81,23384088,"grunge, rock",3FFGbUutKWN1c4f0CJR4Uh,1991-09-26,70,album,3.33,1991,9
10,21,False,81,23398010,"grunge, rock",3FFGbUutKWN1c4f0CJR4Uh,1991-09-26,70,album,3.41,1991,9
15,21,False,81,23398010,"grunge, rock",3FFGbUutKWN1c4f0CJR4Uh,1991-09-26,70,album,3.06,1991,9
6,24,False,81,23384088,"grunge, rock",3FFGbUutKWN1c4f0CJR4Uh,1991-09-26,70,album,4.99,1991,9
2,22,False,81,23391272,"grunge, rock",3FFGbUutKWN1c4f0CJR4Uh,1991-09-26,70,album,3.23,1991,9
2,70,False,81,23384088,"grunge, rock",2UJcKiJxNryhL050F5Z1Fk,1991-09-26,13,album,4.25,1991,9
2,40,False,81,23398010,"grunge, rock",3FFGbUutKWN1c4f0CJR4Uh,1991-09-26,70,album,4.25,1991,9
2,27,False,81,23384088,"grunge, rock",3FFGbUutKWN1c4f0CJR4Uh,1991-09-26,70,album,4.24,1991,9
1,23,False,81,23391272,"grunge, rock",3FFGbUutKWN1c4f0CJR4Uh,1991-09-26,70,album,4.51,1991,9
1,31,False,81,23398010,"grunge, rock",3FFGbUutKWN1c4f0CJR4Uh,1991-09-26,70,album,3.49,1991,9
12,77,False,75,4781161,,6Rk2VghhfqeYrgKxS21eBh,1991-09-24,15,album,6.56,1991,9
5,78,False,75,7569660,"metal, glam metal, heavy metal, hard rock",6eh82ojicL8RSJF7GkYTh7,1991-09-17,13,album,7.38,1991,9
10,82,False,80,35196831,"rock, glam metal, hard rock, classic rock",0CxPbTRARqKUYighiEY9Sz,1991-09-17,16,album,8.93,1991,9
4,1,False,80,35196831,"rock, glam metal, hard rock, classic rock",4L5pz06MVlsWaTEjSQPN8h,1991-09-17,16,album,4.74,1991,9
2,79,True,75,9918220,"grunge, rock, post-grunge",5B4PYA7wNN4WdEXdIJu58a,1991-08-27,11,album,4.87,1991,8
5,74,False,70,3337374,"country, classic country, acoustic country, honky tonk",4cqxNQQB21g1jEWtnu3jN3,1991-08-13,10,album,4.35,1991,8
8,17,False,81,32161423,"metal, thrash metal, rock, heavy metal, hard rock",2Kh43m04B1UkVcpcRa1Zug,1991-08-12,12,album,6.47,1991,8
1,68,False,55,1031892,"classic country, country",5zpRuHrOSBkOrop2DJvBcr,1991-07-01,11,album,3.3,1991,7
2,1,False,72,5365848,"jangle pop, alternative rock, rock",68p5SQdcakYH65NEjiF6t4,1991-03-12,30,album,4.47,1991,3
3,58,False,49,669174,"classic country, country, traditional country",0NTPV5YssGexGoz1OzaVRt,1991-01-29,10,album,3.03,1991,1
7,56,False,54,145189,,5CeLOKEJeP3EpEdT9v2lep,1991-01-01,12,compilation,2.64,1991,1
1,2,False,82,32177831,"metal, thrash metal, rock, heavy metal, hard rock",3A4zAmE5c4dUAAqEJz6hCH,1991-01-01,12,album,5.52,1991,1
1,48,False,61,1441132,"riot grrrl, grunge",335Wo8YySOsJdc0QV9ANvK,1991-01-01,11,album,2.95,1991,1
12,46,False,53,145151,,5CeLOKEJeP3EpEdT9v2lep,1991-01-01,12,compilation,3.84,1991,1
1,51,False,54,145189,,5CeLOKEJeP3EpEdT9v2lep,1991-01-01,12,compilation,3.09,1991,1
6,69,False,61,2223568,"country, classic country",2j2u43lPOti5W1btEw8NN5,1991-01-01,10,album,4.28,1991,1
3,65,False,52,852150,"quiet storm, new jack swing, r&b",3ZBXtcukYi3AdNtf7rtpGr,1991-01-01,12,album,5.94,1991,1
7,53,False,80,15542286,,7iKDBfOFUtg8E8RbuDhiux,1990-11-08,67,compilation,4.51,1990,11
1,85,False,80,32304988,"rock, hard rock, classic rock, rock and roll",4vu7F6h90Br1ZtYYaqfITy,1990-09-24,12,album,4.88,1990,9
2,2,False,70,1605379,soundtrack,1jbTKdao6lI9gaPZxomRxS,1990-07-27,13,compilation,5.55,1990,7
1,81,False,72,2853224,swedish pop,3dWX1xFUaalRlaaVpe4EPF,1990-05-20,3,single,4.32,1990,5
2,73,False,55,764443,,4r1WecJyt5FOhglysp9zhN,1990-02-20,13,album,4.28,1990,2
4,81,False,73,8602427,"hard rock, glam metal, rock",3dLKM8bD8R3H3XnSOXGjTF,1990-01-01,11,album,5.2,1990,1
6,13,False,61,2223568,"country, classic country",5XrjQp24z8Pr5dsB1SnsIQ,1990-01-01,10,album,4.99,1990,1
5,0,False,61,704275,glam metal,6ooTaAyanCoC3TytYtJbi2,1990-01-01,13,album,5.56,1990,1
7,81,False,76,7339106,soft rock,2sS9l8uc3d3UsK9unJyrD8,1989-11-20,25,album,5.36,1989,11
1,64,False,71,3065386,"industrial rock, industrial, industrial metal, alternative metal, nu metal",3umFHeEpc4yLXtrRcv9gLN,1989-10-20,10,album,4.99,1989,10
1,61,False,51,391604,,1rkuKm5mDoauq9XKjRV94x,1989-06-30,12,album,4.02,1989,6
1,40,False,81,23384088,"grunge, rock",0CqchZDaOxckvjnKKfJh1w,1989-06-15,25,album,2.9,1989,6
5,83,False,68,742237,,5Das42Qx4AoU9iT4M7PW3U,1989-06-13,11,album,4.81,1989,6
5,77,False,66,1544368,soft rock,0Zf6FJVyK6qUxmg1WMNruG,1989-01-01,11,album,4.4,1989,1
3,66,False,68,2969744,classic rock,5d71Imt5CIb7LpQwDMQ093,1989-01-01,12,album,4.12,1989,1
5,1,True,80,35196831,"rock, glam metal, hard rock, classic rock",1RCAG3LrDwYsNU5ZiUJlWi,1988-11-29,8,album,5.9,1988,11
6,54,False,73,6505444,"aor, classic rock",1Gtf2hZQlOGVER16uemmzR,1988-11-29,16,compilation,3.39,1988,11
5,68,False,83,13973668,"classic rock, yacht rock, soft rock",0LfM3PGkXE6KvJEE1HkOnz,1988-11-21,16,compilation,3.71,1988,11
12,67,False,83,13966197,"classic rock, yacht rock, soft rock",0LfM3PGkXE6KvJEE1HkOnz,1988-11-21,16,compilation,3.63,1988,11
1,42,False,51,732410,"old school hip hop, east coast hip hop, hip hop",3kaiwH8r6Wg62D2CxOr0QH,1988-07-25,11,album,5.61,1988,7
1,48,False,56,1102846,yacht rock,1JvTsWrfYs2PR1PdSJXipq,1988-06-22,10,album,4.25,1988,6
1,53,False,58,334730,"alt country, outlaw country, americana, country rock",2XHFLRzTwQMQL8hrGeQoMC,1988-01-01,10,album,4.51,1988,1
3,20,False,41,167670,"punk, proto-punk",7GIlSHCmLn0IFcGJDGBtga,1987-10-01,17,album,4.12,1987,10
4,59,False,78,7733966,"new wave, madchester, jangle pop",7jfexk2w5aDI25njkN0UGg,1987-09-28,10,album,2.04,1987,9
4,53,False,68,2195283,"synthpop, new wave",7ae4SfR2B1wEXX5EwS2Cg7,1987-09-07,24,album,5.13,1987,9
10,78,False,84,37417943,,3Us57CjssWnHjTUIXBuIeH,1987-08-31,11,album,4.29,1987,8
3,53,False,84,37431031,,3Us57CjssWnHjTUIXBuIeH,1987-08-31,11,album,4.03,1987,8
6,55,False,84,37417943,,3Us57CjssWnHjTUIXBuIeH,1987-08-31,11,album,3.91,1987,8
1,72,False,85,37462708,,3Us57CjssWnHjTUIXBuIeH,1987-08-31,11,album,4.12,1987,8
2,77,False,84,37431031,,3Us57CjssWnHjTUIXBuIeH,1987-08-31,11,album,4.96,1987,8
9,65,False,85,37446069,,3Us57CjssWnHjTUIXBuIeH,1987-08-31,11,album,4.67,1987,8
8,58,False,85,37446069,,3Us57CjssWnHjTUIXBuIeH,1987-08-31,11,album,4.19,1987,8
5,49,False,84,37417943,,3Us57CjssWnHjTUIXBuIeH,1987-08-31,11,album,4.1,1987,8
11,58,False,85,37446069,,3Us57CjssWnHjTUIXBuIeH,1987-08-31,11,album,4.67,1987,8
4,60,False,84,37417943,,3Us57CjssWnHjTUIXBuIeH,1987-08-31,11,album,3.88,1987,8
7,68,False,84,37417943,,3Us57CjssWnHjTUIXBuIeH,1987-08-31,11,album,5.31,1987,8
7,0,False,57,1460772,"singer-songwriter, southern gothic",2zIaHUyMLCtg7pxtp1ZpO7,1987-08-17,17,album,2.48,1987,8
6,9,True,80,35214496,"rock, glam metal, hard rock, classic rock",3I9Z1nDCL4E0cP62flcbI5,1987-07-21,12,album,6.76,1987,7
9,12,True,80,35196831,"rock, glam metal, hard rock, classic rock",3I9Z1nDCL4E0cP62flcbI5,1987-07-21,12,album,5.9,1987,7
1,11,True,80,35205629,"rock, glam metal, hard rock, classic rock",3I9Z1nDCL4E0cP62flcbI5,1987-07-21,12,album,4.53,1987,7
18,82,False,78,7728723,"new wave, madchester, jangle pop",45StnugV9WQMQwk4rRoTy8,1987-06-30,24,compilation,3.11,1987,6
2,2,False,68,1342110,,6FTFKwFEs3hwpnj68VKXg3,1987-06-30,11,album,4.5,1987,6
12,67,False,78,7731427,"new wave, madchester, jangle pop",45StnugV9WQMQwk4rRoTy8,1987-06-30,24,compilation,3.59,1987,6
1,48,False,55,1309042,"noise rock, grunge, alternative rock, post-punk, shoegaze",4gPkBsMmufyOMCJbXUUme8,1987-04-07,11,album,4.64,1987,4
10,36,False,75,16045979,"classic rock, rock",3XYqOJI1YlX40kJTdzFEzp,1987-01-01,12,album,4.81,1987,1
3,61,False,75,16040003,"classic rock, rock",3XYqOJI1YlX40kJTdzFEzp,1987-01-01,12,album,4.42,1987,1
4,29,False,75,16040003,"classic rock, rock",3XYqOJI1YlX40kJTdzFEzp,1987-01-01,12,album,3.37,1987,1
6,31,False,75,16040003,"classic rock, rock",3XYqOJI1YlX40kJTdzFEzp,1987-01-01,12,album,4.17,1987,1
9,63,False,75,16049674,"classic rock, rock",3XYqOJI1YlX40kJTdzFEzp,1987-01-01,12,album,5.14,1987,1
12,28,False,75,16045979,"classic rock, rock",3XYqOJI1YlX40kJTdzFEzp,1987-01-01,12,album,4.07,1987,1
7,40,False,75,16043117,"classic rock, rock",3XYqOJI1YlX40kJTdzFEzp,1987-01-01,12,album,5.55,1987,1
1,34,False,75,16043117,"classic rock, rock",3XYqOJI1YlX40kJTdzFEzp,1987-01-01,12,album,4.7,1987,1
11,29,False,75,16045979,"classic rock, rock",3XYqOJI1YlX40kJTdzFEzp,1987-01-01,12,album,2.33,1987,1
2,34,False,75,16043117,"classic rock, rock",3XYqOJI1YlX40kJTdzFEzp,1987-01-01,12,album,4.63,1987,1
5,68,False,75,16043117,"classic rock, rock",3XYqOJI1YlX40kJTdzFEzp,1987-01-01,12,album,4.42,1987,1
8,27,False,75,16043117,"classic rock, rock",3XYqOJI1YlX40kJTdzFEzp,1987-01-01,12,album,4.21,1987,1
2,76,False,78,15810313,"glam metal, rock",0kBfgEilUFCMIQY5IOjG4t,1986-08-16,10,album,3.71,1986,8
3,80,False,78,15810313,"glam metal, rock",0kBfgEilUFCMIQY5IOjG4t,1986-08-16,10,album,4.15,1986,8
1,76,False,63,1976138,glam metal,5Jkd47JEaCU1g4DcGBnHm3,1986-06-30,13,album,5.17,1986,6
9,83,False,78,7728723,"new wave, madchester, jangle pop",5Y0p2XCgRRIjna91aQE8q7,1986-06-16,10,album,4.07,1986,6
6,72,False,78,7733966,"new wave, madchester, jangle pop",5Y0p2XCgRRIjna91aQE8q7,1986-06-16,10,album,3.22,1986,6
4,42,False,69,3738987,"progressive rock, art rock",7jYfZ6i2taKDkiuxncR8P1,1986-06-09,8,album,4.94,1986,6
9,74,False,68,2413522,,4doea7KA9jw7nkm3IOs0PR,1986-05-05,9,album,5.8,1986,5
2,74,False,68,2195283,"synthpop, new wave",47fRf3JwriMUPPzFjdvNS6,1986-03-24,24,album,4.76,1986,3
4,59,False,81,32170039,"metal, thrash metal, rock, heavy metal, hard rock",5rFZcoCvmCaJ1gxTMU4JTm,1986-03-03,137,album,6.45,1986,3
5,63,False,62,1745505,,5L0vaNLbzgP8RIJqs1zamE,1986-01-01,10,album,4.09,1986,1
4,81,False,68,1050087,,1dJpgn1rqvvr4yyNYLEYBG,1986-01-01,11,album,3.94,1986,1
6,79,False,62,525182,,3wCe8HjHk6QNGcf5D3jgW1,1986-01-01,10,album,4.67,1986,1
1,57,False,50,545766,"shoegaze, post-punk, dream pop, noise rock, new wave",2t1hVEwp82QebO7lq21Vto,1985-11-18,27,album,3.04,1985,11
3,62,False,53,676569,"quiet storm, post-disco",6A7rjKLJ0X0G641Lvv8aPG,1985-11-11,14,album,6.61,1985,11
1,82,False,70,2516750,"art pop, baroque pop, art rock",5G5UwqPsxDKpxJLX4xsyuh,1985-09-16,12,album,4.98,1985,9
9,64,False,55,683123,quiet storm,13xiHt25Hn4WZ6OLzhK1n8,1985-06-30,9,album,3.81,1985,6
1,8,False,70,2516750,"art pop, baroque pop, art rock",5BWl0bB1q0TqyFmkBEupZy,1985-06-30,12,album,4.98,1985,6
1,86,False,71,2910085,"new wave, synthpop",1ER3B6zev5JEAaqhnyyfbf,1985-06-01,10,album,3.75,1985,6
3,87,False,73,4101657,"new wave, synthpop",3myPwaMYjdwhtq0nFgeG6W,1985-02-25,59,album,4.19,1985,2
1,52,False,56,526122,new wave,44Q1H1q6nSnUnjjGPoxAJb,1985-01-01,9,album,5.2,1985,1
5,43,False,47,64144,"native american music, new age",3XRepPhs3JVUlwQSe7W8Sp,1984-12-31,17,album,3.22,1984,12
5,63,False,63,3701043,singer-songwriter,6I58qJMqZHhb8jtNT3CuJB,1984-12-11,9,album,4.61,1984,12
6,77,False,60,668137,"synthpop, hi-nrg",6OMYQUITdN6wBaWfEtgooI,1984-10-15,16,album,5.04,1984,10
16,78,False,78,7728723,"new wave, madchester, jangle pop",1j57Q5ntVi7crpibb0h4sv,1984-06-30,16,compilation,1.87,1984,6
6,63,False,59,779731,"classic country, country, honky tonk, outlaw country",5AlW0VTEaK7DuekbCSOhdm,1984-06-30,10,album,3.08,1984,6
11,82,False,76,7318208,,0PMasrHdpaoIRuHuhHp72O,1984-06-04,12,album,4.02,1984,6
1,74,False,78,15810313,"glam metal, rock",1UUOBzIHw0noiRGRpbt3sz,1984-01-23,9,album,3.84,1984,1
1,56,False,50,1013720,"glam metal, aor, classic rock",4Tegu60DeUzwWpA6vuhGxs,1984-01-01,8,album,4.24,1984,1
3,83,False,71,2462227,,2FZNWUmgRoP8uJZBaHJdfj,1983-11-01,9,album,4.98,1983,11
2,81,False,70,3279441,,1FvdZ1oizXwF9bxogujoF0,1983-10-14,10,album,3.97,1983,10
9,71,False,81,32161423,"metal, thrash metal, rock, heavy metal, hard rock",1aGapZGHBovnmhwqVNI6JZ,1983-07-24,10,album,6.91,1983,7
7,90,False,76,7564780,,5W9OT0a5iZlBr83a9WMKFY,1983-06-17,11,album,4.23,1983,6
6,85,False,68,2333723,"new wave, synthpop",5jNDWA19BJbE24x1UUJGRY,1983-01-04,16,album,3.61,1983,1
6,85,False,84,37431031,,2ANVost0y2y52ema1E9xAZ,1982-11-30,9,album,4.9,1982,11
10,86,False,73,3718127,"yacht rock, soft rock",62U7xIHcID94o20Of5ea4D,1982-04-08,10,album,4.93,1982,4
9,72,False,72,5159832,"country, classic country, traditional country, honky tonk",3NB2cmFq9nyhHSVz0Zv08t,1982-01-01,10,album,2.89,1982,1
2,43,False,61,793378,"synthpop, new wave",1xza4j8vMQdGqqQdHa30lI,1981-12-01,29,album,2.56,1981,12
1,77,False,62,1114209,rock,555qwe1qUgLdee80TZ2CQt,1981-11-18,15,album,2.91,1981,11
2,47,False,68,2135939,,0IomjU2bXFng4LQBYn7Het,1981-07-27,10,album,3.2,1981,7
1,83,False,73,6507041,"aor, classic rock",4guAwaniEAEQSW0NCpo4gm,1981-07-17,10,album,4.16,1981,7
2,78,False,61,793663,"synthpop, new wave",3KFWViJ1wIHAdOVLFTVzjD,1981-06-30,18,album,2.56,1981,6
1,7,False,63,4480295,"heavy metal, metal, speed metal, hard rock, rock",3rxF05Aux0QTrN533Kjc91,1980-11-08,27,album,2.77,1980,11
1,70,False,67,2812855,"disco, funk",2kc4mhFRsoIRVD0XEYnwhI,1980-09-29,8,album,4.98,1980,9
6,84,False,80,32291922,"rock, hard rock, classic rock, rock and roll",6mUdeDZCsExyJLMdAfDuwh,1980-07-25,10,album,4.25,1980,7
1,75,False,70,2969733,"country, classic country",64Ky1tqKPfwxhJs6msphWd,1980-06-30,10,album,2.7,1980,6
9,79,False,79,14884765,,3ZdkT5buYFi1WQaB0XNNtf,1980-06-30,12,album,4.57,1980,6
3,81,False,82,55202163,"classic rock, rock, glam rock",58alCatewkjNm9IM1Ucj67,1980-06-27,10,album,3.57,1980,6
10,60,False,67,1791980,,325AF2IWtxrY0jcoW25N45,1980-06-01,10,album,3.47,1980,6
1,70,False,65,2204126,"motown, disco",3zgDLoVcpVGfFbDZJf3uHI,1980-05-22,29,album,4.09,1980,5
5,59,False,70,1604690,soundtrack,44TnXcUjTIHPBBROepl99a,1980-01-01,17,album,2.99,1980,1
10,59,False,83,13973668,"classic rock, yacht rock, soft rock",1d075yQcykHjerQ2BN0ABn,1979-10-12,84,album,4.71,1979,10
1,85,False,80,32304988,"rock, hard rock, classic rock, rock and roll",10v912xgTZbjAtYfyKWJCS,1979-07-27,10,album,3.47,1979,7
11,71,False,84,37417943,,1jcYwZsN7JEve9xsq9BuUX,1979-06-30,18,compilation,4.67,1979,6
13,81,False,79,14888609,,7iLuHJkrb9KHPkMgddYigh,1979-06-30,13,album,4.87,1979,6
1,84,False,72,11003838,"glam rock, glam metal, hard rock, rock, classic rock",4FA68GsblSfvKZZRfM1tI1,1979-03-23,9,album,4.52,1979,3
12,82,False,82,55195235,"classic rock, rock, glam rock",2yuTRGIackbcReLUXOYBqU,1978-11-10,13,album,3.49,1978,11
12,74,False,82,55195235,"classic rock, rock, glam rock",21HMAUrbbYSj9NiPPlGumy,1978-11-10,18,album,3.49,1978,11
6,83,False,77,8845285,classic rock,2rCS6Xwx32V27pvgFzLzlT,1978-10-07,9,album,5.8,1978,10
6,3,False,77,8849792,classic rock,3QEcBcqPmefFWd5ZrLNuDX,1978-10-07,9,album,5.81,1978,10
2,47,False,73,6905347,"classic country, outlaw country, country",4CvOd5ePKV2kpxayVWGlnq,1978-06-30,14,album,2.86,1978,6
6,32,False,64,2036799,"jam band, psychedelic rock, acid rock",0MLCxvyIfAuh5xwPORv8p6,1978-06-30,10,album,3.59,1978,6
1,25,False,31,101770,"proto-punk, glam rock, punk",1RUZkUP7Fj7vqbfQaNjBZC,1978-06-30,14,album,2.38,1978,6
2,72,False,62,453708,yacht rock,35yZZTWeSrszSKjRlFETwf,1978-06-30,10,album,6.09,1978,6
2,71,False,64,220437,musicals,5n47Dui0H3pGpZSOxITmoq,1978-04-04,24,compilation,3.61,1978,4
4,78,False,64,220761,musicals,5n47Dui0H3pGpZSOxITmoq,1978-04-04,24,compilation,2.83,1978,4
1,50,False,76,9347176,disco,3xaCKtqadm4KnviPFKEjs7,1977-11-15,21,compilation,4.73,1977,11
1,77,False,82,55195235,"classic rock, rock, glam rock",7tB40pGzj6Tg0HePj2jWZt,1977-10-28,11,album,2.03,1977,10
4,72,False,64,1785619,"proto-punk, glam rock",2jnV6ytZOmt71iEC5xHEYz,1977-08-29,9,album,4.72,1977,8
5,83,False,78,7402824,soft rock,1Mhn9VosyjtWn4dMPFlna6,1977-06-30,21,album,3.57,1977,6
7,79,False,78,7402824,soft rock,1Mhn9VosyjtWn4dMPFlna6,1977-06-30,21,album,3.35,1977,6
12,80,False,83,13973668,"classic rock, yacht rock, soft rock",0BwWUstDMUbgq2NYONRqlu,1977-02-04,58,album,4.81,1977,2
7,86,False,83,13970025,"classic rock, yacht rock, soft rock",0BwWUstDMUbgq2NYONRqlu,1977-02-04,58,album,4.5,1977,2
11,67,False,83,13966197,"classic rock, yacht rock, soft rock",1bt6q2SruMsBtcerNVtpZB,1977-02-04,11,album,4.92,1977,2
9,0,False,70,1605379,soundtrack,1HD2YLgCkCFOSeQRKWXifG,1977-01-01,16,album,2.78,1977,1
6,74,False,82,55209500,"classic rock, rock, glam rock",4KZGe18wZJbXL6JLW4KyLc,1976-12-10,15,album,4.94,1976,12
3,79,False,64,1717249,"classic rock, hard rock",6C9WzlQANeoD0GW5B41YJt,1976-06-30,10,album,5.13,1976,6
1,78,False,65,1935571,"classic rock, progressive rock, aor",7MejfRSNnrpcLZIxkeZDqR,1976-06-30,10,album,5.38,1976,6
4,50,False,49,85478,,0Su23YyUD0OyafVwOP22HP,1976-06-30,18,album,4.57,1976,6
1,74,False,69,2318871,disco,1KQUrny9y5zGpktF6hAGd4,1976-06-30,10,album,3.47,1976,6
2,84,False,79,14884765,,1V6a99EbTTIegOhWoPxYI9,1976-06-30,12,album,3.84,1976,6
5,70,False,55,123997,,39ntuIhbcC8rsmRV2qXkmZ,1976-06-30,8,album,4.13,1976,6
11,4,False,82,55209500,"classic rock, rock, glam rock",1TSZDcvlPtAnekTaItI3qO,1975-11-21,12,album,5.9,1975,11
4,81,False,79,22721546,"progressive rock, psychedelic rock, classic rock, art rock, rock",0bCAjiUamIFqKJsekOYuRw,1975-09-12,5,album,5.57,1975,9
1,71,False,79,22717804,"progressive rock, psychedelic rock, classic rock, art rock, rock",0bCAjiUamIFqKJsekOYuRw,1975-09-12,5,album,13.51,1975,9
5,62,False,79,22721546,"progressive rock, psychedelic rock, classic rock, art rock, rock",0bCAjiUamIFqKJsekOYuRw,1975-09-12,5,album,12.45,1975,9
2,65,False,79,22721546,"progressive rock, psychedelic rock, classic rock, art rock, rock",0bCAjiUamIFqKJsekOYuRw,1975-09-12,5,album,7.52,1975,9
3,73,False,79,22721546,"progressive rock, psychedelic rock, classic rock, art rock, rock",0bCAjiUamIFqKJsekOYuRw,1975-09-12,5,album,5.12,1975,9
5,49,False,60,829906,"ambient, krautrock, art rock, minimalism, drone, glam rock, space music",6uoeezh45SYEb8lcT8gDTY,1975-09-01,14,album,3.03,1975,9
11,53,False,83,13973668,"classic rock, yacht rock, soft rock",5VIQ3VaAoRKOEpJ0fewdvo,1975-07-11,11,album,4.37,1975,7
4,78,False,83,13966197,"classic rock, yacht rock, soft rock",5VIQ3VaAoRKOEpJ0fewdvo,1975-07-11,11,album,4.21,1975,7
1,78,False,79,14884765,,1kM6xcSYO5ASJaWgygznL7,1975-06-30,13,album,3.55,1975,6
5,51,False,55,1308429,"progressive rock, art rock, psychedelic rock",4mA3RKIoEoX4JlJSHueQae,1974-10-01,8,album,12.4,1974,10
1,72,False,70,2969733,"country, classic country",2v2iR6vtrLVTyiNIEsv5Sg,1974-06-30,14,album,2.69,1974,6
2,83,False,78,7402824,soft rock,69wjSAZXZiD2EBia3b3gxL,1973-11-07,33,album,5.65,1973,11
7,82,False,73,7364138,"folk rock, folk, singer-songwriter, roots rock, country rock",2Pj2kZM5XpyIeyFBTAVulL,1973-07-13,10,album,2.49,1973,7
10,45,False,46,127294,"bluegrass, newgrass, traditional folk, country blues, folk, americana",3HDyUNqZY6ffpGHm370MdX,1973-06-30,26,album,2.98,1973,6
5,0,False,82,30714318,"classic rock, psychedelic rock",5UtlwR5GMEM3XrF8GdzMmB,1973-04-02,28,compilation,3.59,1973,4
10,63,False,79,22725304,"progressive rock, psychedelic rock, classic rock, art rock, rock",4LH4d3cOWNNsVw41Gqt2kv,1973-03-01,10,album,2.17,1973,3
6,75,True,79,22729968,"progressive rock, psychedelic rock, classic rock, art rock, rock",4LH4d3cOWNNsVw41Gqt2kv,1973-03-01,10,album,6.38,1973,3
3,63,False,79,22721546,"progressive rock, psychedelic rock, classic rock, art rock, rock",4LH4d3cOWNNsVw41Gqt2kv,1973-03-01,10,album,3.75,1973,3
8,63,False,79,22721546,"progressive rock, psychedelic rock, classic rock, art rock, rock",4LH4d3cOWNNsVw41Gqt2kv,1973-03-01,10,album,3.44,1973,3
9,70,False,79,22717804,"progressive rock, psychedelic rock, classic rock, art rock, rock",4LH4d3cOWNNsVw41Gqt2kv,1973-03-01,10,album,3.77,1973,3
2,79,False,79,22721546,"progressive rock, psychedelic rock, classic rock, art rock, rock",4LH4d3cOWNNsVw41Gqt2kv,1973-03-01,10,album,2.82,1973,3
1,62,True,79,22717804,"progressive rock, psychedelic rock, classic rock, art rock, rock",4LH4d3cOWNNsVw41Gqt2kv,1973-03-01,10,album,1.08,1973,3
5,76,False,79,22717804,"progressive rock, psychedelic rock, classic rock, art rock, rock",4LH4d3cOWNNsVw41Gqt2kv,1973-03-01,10,album,4.73,1973,3
4,76,False,79,22721546,"progressive rock, psychedelic rock, classic rock, art rock, rock",4LH4d3cOWNNsVw41Gqt2kv,1973-03-01,10,album,6.89,1973,3
7,69,False,79,22717804,"progressive rock, psychedelic rock, classic rock, art rock, rock",4LH4d3cOWNNsVw41Gqt2kv,1973-03-01,10,album,7.82,1973,3
8,78,False,72,5883727,"southern rock, classic rock, rock",6DExt1eX4lflLacVjHHbOs,1973-01-01,8,album,9.11,1973,1
2,42,False,39,9152,,72B4nP6lGLaenlP8Bdrrrj,1973-01-01,26,compilation,4.34,1973,1
7,31,False,48,42579,,4dO2rVxfWN6M2TFVCJmpWr,1972-06-30,24,album,2.25,1972,6
3,76,False,61,1287167,,79x0PRGIZv33znrCkPkCZ5,1972-06-30,10,album,4.3,1972,6
5,81,False,70,2065190,"yacht rock, soft rock, folk rock",0E5IKYhiKgbYQkmfsFonbZ,1972-06-30,12,album,4.2,1972,6
5,72,False,65,5986611,"hard rock, classic rock, rock",32NQ56VZDTXSH3SMv4XSGN,1972-03-25,8,album,5.67,1972,3
2,61,False,49,445170,"power pop, jangle pop",0BWOueFZKxQrQWNRt20Lvc,1971-12-13,18,album,3.62,1971,12
4,79,False,76,15974926,"classic rock, rock, hard rock, rock and roll",44Ig8dzqOkvkGDzaUof9lK,1971-11-08,16,album,8.04,1971,11
3,72,False,56,626213,"blues rock, psychedelic rock",5ZPvG6hav71Uqmlgs85xbE,1971-08-01,20,album,3.73,1971,8
1,52,False,38,12527,,2THKJmxbeRwRABdItbWEdu,1971-06-30,13,album,3.08,1971,6
2,81,False,71,2005746,"soul, classic soul, motown",6N8uPmDqbgXD3ztkCCfxoo,1971-05-01,12,album,2.08,1971,5
10,72,False,71,8852274,"psychedelic rock, classic rock, acid rock",7IKUTIc9UWuVngyGPtqNHS,1971-04-19,10,album,7.24,1971,4
1,58,False,63,1876463,"motown, christmas",7ioDs7ZLvqeYLD1SVFeWci,1971-01-01,11,compilation,2.97,1971,1
4,85,False,77,7945600,"classic rock, southern rock, country rock",372cMadhAGlNuDnc8TssqF,1970-12-07,13,album,2.66,1970,12
13,74,False,57,822597,"blues rock, classic rock",5iIWnMgvSM8uEBwXKsPcXM,1970-11-01,14,album,7.06,1970,11
4,6,False,75,9772591,"metal, heavy metal, rock, stoner rock, doom metal, hard rock",132qAo1cDiEJdA3fv4xyNK,1970-09-18,8,album,5.91,1970,9
2,10,False,75,9772591,"metal, heavy metal, rock, stoner rock, doom metal, hard rock",132qAo1cDiEJdA3fv4xyNK,1970-09-18,8,album,2.8,1970,9
2,66,False,75,9781962,"metal, heavy metal, rock, stoner rock, doom metal, hard rock",7LGVdC9fFwgWYaIrZwsSv6,1970-09-18,8,album,2.77,1970,9
6,60,False,77,7945600,"classic rock, southern rock, country rock",4GLxEXWI3JiRKp6H7bfTIK,1970-07-25,14,album,3.07,1970,7
10,58,False,60,2127342,"proto-punk, art rock",2ny1rPsLOoKNFZhMLubMrs,1970-06-30,75,album,7.41,1970,6
6,59,False,64,2036799,"jam band, psychedelic rock, acid rock",2UDDZVesmQwA4aYfa55diS,1970-06-01,10,album,4.16,1970,6
1,49,False,59,1040028,"classic country, country, traditional country, outlaw country, honky tonk",7jHxaZCVO8ITJOtQzexSI8,1970-03-23,11,album,2.8,1970,3
12,54,False,82,30718195,"classic rock, psychedelic rock",0ETFjACtuP2ADo6LFhL6HN,1969-09-26,17,album,1.21,1969,9
13,57,False,82,30714318,"classic rock, psychedelic rock",0ETFjACtuP2ADo6LFhL6HN,1969-09-26,17,album,1.97,1969,9
2,75,False,82,30718195,"classic rock, psychedelic rock",0ETFjACtuP2ADo6LFhL6HN,1969-09-26,17,album,3.03,1969,9
3,58,False,82,30714318,"classic rock, psychedelic rock",0ETFjACtuP2ADo6LFhL6HN,1969-09-26,17,album,3.46,1969,9
11,54,False,82,30718195,"classic rock, psychedelic rock",0ETFjACtuP2ADo6LFhL6HN,1969-09-26,17,album,1.1,1969,9
5,65,False,82,30718195,"classic rock, psychedelic rock",0ETFjACtuP2ADo6LFhL6HN,1969-09-26,17,album,2.84,1969,9
4,68,False,82,30721676,"classic rock, psychedelic rock",0ETFjACtuP2ADo6LFhL6HN,1969-09-26,17,album,3.45,1969,9
8,57,False,82,30714318,"classic rock, psychedelic rock",0ETFjACtuP2ADo6LFhL6HN,1969-09-26,17,album,2.76,1969,9
15,58,False,82,30721676,"classic rock, psychedelic rock",0ETFjACtuP2ADo6LFhL6HN,1969-09-26,17,album,1.6,1969,9
14,66,False,82,30714318,"classic rock, psychedelic rock",0ETFjACtuP2ADo6LFhL6HN,1969-09-26,17,album,1.52,1969,9
17,27,False,82,30721676,"classic rock, psychedelic rock",0ETFjACtuP2ADo6LFhL6HN,1969-09-26,17,album,0.43,1969,9
7,82,False,82,30714318,"classic rock, psychedelic rock",0ETFjACtuP2ADo6LFhL6HN,1969-09-26,17,album,3.09,1969,9
6,62,False,83,30726377,"classic rock, psychedelic rock",0ETFjACtuP2ADo6LFhL6HN,1969-09-26,17,album,7.78,1969,9
10,56,False,82,30718195,"classic rock, psychedelic rock",0ETFjACtuP2ADo6LFhL6HN,1969-09-26,17,album,2.43,1969,9
16,58,False,82,30714318,"classic rock, psychedelic rock",0ETFjACtuP2ADo6LFhL6HN,1969-09-26,17,album,2.36,1969,9
9,58,False,82,30714318,"classic rock, psychedelic rock",0ETFjACtuP2ADo6LFhL6HN,1969-09-26,17,album,4.04,1969,9
1,77,False,82,30714318,"classic rock, psychedelic rock",0ETFjACtuP2ADo6LFhL6HN,1969-09-26,17,album,4.33,1969,9
1,72,False,77,15714574,"classic rock, rock",6OHri5qNxwCdVSdyCslspd,1968-12-06,10,album,6.3,1968,12
16,65,False,66,7366227,"psychedelic rock, classic rock, acid rock, blues rock",5z090LQztiqh13wYspQvKQ,1968-10-25,16,album,5.22,1968,10
15,74,False,66,7367112,"psychedelic rock, classic rock, acid rock, blues rock",5z090LQztiqh13wYspQvKQ,1968-10-25,16,album,4.01,1968,10
1,55,False,69,3597735,,7dsWupQRlFuhG8FGiQAUjC,1967-09-01,8,album,3.05,1967,9
1,1,False,72,5977021,"motown, classic soul, soul, northern soul, quiet storm",67Eq3nfl1km9s5ig76Cc8B,1967-08-29,12,album,2.52,1967,8
1,29,False,48,42604,,5Lf4Xae6WCQrqNlBbjUpL0,1967-06-30,5,single,3.75,1967,6
20,62,False,65,1324293,soundtrack,1oLT2HO5MVNS8U4kEuBvdJ,1967-06-30,21,album,3.38,1967,6
1,60,False,65,1324293,soundtrack,1oLT2HO5MVNS8U4kEuBvdJ,1967-06-30,21,album,2.7,1967,6
21,44,False,65,1324293,soundtrack,1oLT2HO5MVNS8U4kEuBvdJ,1967-06-30,21,album,5.04,1967,6
4,39,False,65,1324548,soundtrack,1oLT2HO5MVNS8U4kEuBvdJ,1967-06-30,21,album,1.11,1967,6
7,41,False,65,1324293,soundtrack,1oLT2HO5MVNS8U4kEuBvdJ,1967-06-30,21,album,2.41,1967,6
10,68,False,56,1741839,"psychedelic rock, acid rock",6lPb7Eoon6QPbscWbMsk6a,1967-06-30,17,album,2.51,1967,6
1,67,False,66,7367979,"psychedelic rock, classic rock, acid rock, blues rock",7rSZXXHHvIhF4yUFdaOCy9,1967-05-12,17,album,2.84,1967,5
10,8,False,29,10863,"honky tonk, classic country, traditional country",1Ix2HmX5ZF1PLYN9jJN1wj,1967-01-01,10,album,2.43,1967,1
1,43,False,37,40485,"singer-songwriter, folk rock",7wpo5k9gqXQHfxISH1jatO,1966-12-01,10,album,4.08,1966,12
13,1,False,62,2816087,"proto-punk, baroque pop",6nkmtyFpZHm7piIFJgsxxa,1966-10-28,42,album,3.5,1966,10
14,55,False,82,30721676,"classic rock, psychedelic rock",3PRoXYsngSwjEQWR5PsHWR,1966-08-05,14,album,2.99,1966,8
20,52,False,65,1324548,soundtrack,1pDYxCrFTy971V4zaN5Anq,1966-06-30,21,album,3.38,1966,6
1,33,False,44,36891,,2OY4du31zzmtLkzZOaQJMa,1966-06-30,24,album,2.94,1966,6
22,0,False,65,1324293,soundtrack,0ClQ52I3xdmtOgu8e5djB9,1966-06-30,24,album,1.22,1966,6
1,82,False,77,15709632,"classic rock, rock",72qrnM4yUNMDDlWiqKc8iY,1966-04-15,11,album,3.37,1966,4
6,59,False,47,124272,classic soul,5yPYingqlUnFfEzbLPtrVS,1966-01-01,12,album,2.93,1966,1
7,75,False,68,3231156,"vocal jazz, jazz blues, soul, soul jazz, jazz, blues",3ofZeSWPHZOE5WC2tNZDez,1965-06-01,12,album,2.9,1965,6
7,0,False,57,1078624,"baroque pop, psychedelic rock",1Sv2t548jDyfBDgvVzYJzw,1965-04-30,14,album,2.42,1965,4
3,79,False,65,3282964,"motown, classic soul, soul",45tweuKI0zdh8zgKo05cTw,1965-03-22,12,album,2.75,1965,3
7,71,False,62,2816087,"proto-punk, baroque pop",6HrqKlhAQiv4GjFjwmuxDQ,1964-02-02,56,album,2.23,1964,2
9,54,False,37,26956,surf rock,0Sr5iRFquCQ5wFpKplZWSO,1963-06-30,12,album,3.3,1963,6
1,43,False,45,131000,"surf rock, rockabilly, proto-punk, native american music, psychobilly",3JpDdfAJKA9UW7SEPXyQvU,1962-11-26,26,compilation,2.43,1962,11
2,20,False,45,131000,"surf rock, rockabilly, proto-punk, native american music, psychobilly",3JpDdfAJKA9UW7SEPXyQvU,1962-11-26,26,compilation,2.35,1962,11
7,77,False,65,711539,,18Fj7coTfyMi7mEPXIweN7,1962-08-20,12,album,3.0,1962,8
1,69,False,54,339450,,2aGFVLz0oQPa3uxCfq9lcU,1962-06-30,12,album,2.93,1962,6
1,56,False,56,456253,"soul jazz, big band, quiet storm",1KSOL1jvue2lfcdsNZ7YN8,1962-01-01,10,album,2.77,1962,1
4,47,False,41,137984,surf rock,7bGmjO5Cthm1SNOwUhLwKE,1960-12-10,19,album,2.26,1960,12
6,74,False,63,2211249,"rockabilly, rock and roll",6eedtCtCjibu80yOhylSGL,1959-07-01,12,album,2.69,1959,7
14,58,False,61,626733,"classic country, outlaw country",3kQpBS26lAj0A0VGl1snRl,1959-06-30,15,album,2.05,1959,6
1,71,False,60,626733,"classic country, outlaw country",3kQpBS26lAj0A0VGl1snRl,1959-06-30,15,album,3.92,1959,6
10,64,False,61,626733,"classic country, outlaw country",3kQpBS26lAj0A0VGl1snRl,1959-06-30,15,album,4.32,1959,6
5,8,False,27,18184,doo-wop,2ifB9Xjp9DdpqLlYlY60QW,1959-02-11,9,compilation,2.28,1959,2
2,55,False,44,333376,"blues, classic blues, rock and roll, rockabilly",1cbtDEwxCjMhglb49OgNBR,1958-01-01,12,album,2.74,1958,1
11,45,False,55,1067339,"classic country, honky tonk, traditional country, outlaw country, country, christian country",3cusZESjkIDnDXyQwbpSsT,1952-09-12,12,album,2.02,1952,9
